timestamp,url,count,status,error,skipped
2026-09-19 09:28:06,https://github.com/Au1rxx/free-vpn-subscriptions/stargazers,0,error,404 Client Error: Not Found for url: https://github.com/Au1rxx/free-vpn-subscriptions/stargazers,False
2026-09-19 09:28:06,https://img.shields.io/badge/License-MIT-green?style=for-the-badge,0,ok,,False
2026-09-19 09:28:06,https://img.shields.io/badge/php-%3E%3D7.0-blue?style=for-the-badge,0,ok,,False
2026-09-19 09:28:06,https://img.shields.io/badge/verified-19720-blue,0,ok,,False
2026-09-19 09:28:06,https://img.shields.io/badge/php-3670A0?style=for-the-badge&logo=php&logoColor=ffdd54,0,ok,,False
2026-09-19 09:28:06,https://img.shields.io/badge/curated-2000-brightgreen,0,ok,,False
2026-09-19 09:28:06,https://img.shields.io/badge/median--rtt-438ms-orange,0,ok,,False
2026-09-19 09:28:06,https://github.com/Au1rxx/free-vpn-subscriptions/raw/main/assets/hero.png,0,ok,,False
2026-09-19 09:28:06,https://github.com/MhdiTaheri/V2rayCollector/stargazers,0,error,404 Client Error: Not Found for url: https://github.com/MhdiTaheri/V2rayCollector/stargazers,False
2026-09-19 09:28:06,https://raw.githubusercontent.com/RKPchannel/RKP_bypass_configs/refs/heads/main/whitelist.txt,87,ok,,False
2026-09-19 09:28:06,https://img.shields.io/github/stars/Au1rxx/free-vpn-subscriptions?style=flat&color=gold&logo=github,0,ok,,False
2026-09-19 09:28:06,https://github.com/MhdiTaheri/V2rayCollector/blob/main/LICENSE,0,ok,,False
2026-09-19 09:28:06,https://img.shields.io/github/stars/MhdiTaheri/V2rayCollector?style=for-the-badge,0,ok,,False
2026-09-19 09:28:06,https://raw.githubusercontent.com/RKPchannel/RKP_bypass_configs/refs/heads/main/whitelist.yaml,80,ok,,False
2026-09-19 09:28:06,https://raw.githubusercontent.com/RKPchannel/RKP_bypass_configs/refs/heads/main/blacklist.txt,629,ok,,False
2026-09-19 09:28:06,https://github.com/MhdiTaheri/V2rayCollector,0,ok,,False
2026-09-19 09:28:06,https://t.me/urlsources,0,ok,,False
2026-09-19 09:28:06,https://t.me/RKP_channel,0,ok,,False
2026-09-19 09:28:06,https://clashmi.app/download,0,ok,,False
2026-09-19 09:28:06,https://raw.githubusercontent.com/RKPchannel/RKP_bypass_configs/refs/heads/main/blacklist.yaml,359,ok,,False
2026-09-19 09:28:06,https://github.com/appshubcc/Bettbox,0,ok,,False
2026-09-19 09:28:06,https://github.com/chen08209/FlClash,0,ok,,False
2026-09-19 09:28:06,https://apps.apple.com/tr/app/anywhere-proxy/id6758235178,0,ok,,False
2026-09-19 09:28:06,https://github.com/Asterisk4Magisk/AsteriskNG,0,ok,,False
2026-09-19 09:28:06,https://github.com/xchacha20-poly1305/husi,0,ok,,False
2026-09-19 09:28:06,https://github.com/Q7DF1/XrayFA,0,ok,,False
2026-09-19 09:28:06,https://github.com/Leadaxe/LxBox,0,ok,,False
2026-09-19 09:28:06,https://github.com/Omegaplexx/Happwner,0,ok,,False
2026-09-19 09:28:06,https://github.com/pluralplay/FlClashX,0,ok,,False
2026-09-19 09:28:06,https://4pda.to/forum/index.php?showtopic=1121122,0,error,403 Client Error: Forbidden for url: https://4pda.to/forum/index.php?showtopic=1121122,False
2026-09-19 09:28:06,https://github.com/WINGS-N/WINGSV,0,ok,,False
2026-09-19 09:28:06,https://hiddify.com,0,ok,,False
2026-09-19 09:28:06,https://karing.app,0,ok,,False
2026-09-19 09:28:06,https://github.com/Ohayo18/NekoBoxForAndroid/releases,0,error,404 Client Error: Not Found for url: https://github.com/Ohayo18/NekoBoxForAndroid/releases,False
2026-09-19 09:28:06,https://github.com/INCY-DEV/incy-platforms,0,ok,,False
2026-09-19 09:28:06,https://github.com/yanisplugg/olcvpn-client,0,ok,,False
2026-09-19 09:28:06,https://play.google.com/store/apps/details?id=dev.hexasoftware.v2box,0,ok,,False
2026-09-19 09:28:06,https://github.com/HatsuneMikuUwU/MikuBoxForAndroid,0,ok,,False
2026-09-19 09:28:06,https://github.com/openlibrecommunity/olcng,0,ok,,False
2026-09-19 09:28:06,https://github.com/XeonDead/NetProxy-Magisk,0,ok,,False
2026-09-19 09:28:06,https://apps.apple.com/hr/app/v2box-v2ray-client/id6446814690,0,ok,,False
2026-09-19 09:28:06,https://apps.apple.com/tr/app/nextin/id6754002454,0,ok,,False
2026-09-19 09:28:06,https://apps.apple.com/tr/app/everywhere-proxy/id6766003090,0,ok,,False
2026-09-19 09:28:06,https://github.com/Happ-proxy,0,ok,,False
2026-09-19 09:28:06,https://apps.apple.com/tr/app/shadowrocket/id932747118,0,ok,,False
2026-09-19 09:28:06,https://github.com/dyhkwong/Exclave/releases,0,ok,,False
2026-09-19 09:28:06,https://apps.apple.com/it/app/streisand/id6450534064,0,ok,,False
2026-09-19 09:28:06,https://github.com/2dust/v2rayNG/releases,0,ok,,False
2026-09-19 09:28:06,https://github.com/snakem982/Pandora-Box,0,ok,,False
2026-09-19 09:28:06,https://github.com/qr243vbi/nekobox,0,ok,,False
2026-09-19 09:28:06,https://github.com/mihomo-party-org/clash-party,0,ok,,False
2026-09-19 09:28:06,https://github.com/artem4150/VeilBox,0,ok,,False
2026-09-19 09:28:06,https://www.gstatic.com/generate_204,0,ok,,False
2026-09-19 09:28:06,https://github.com/bepass-org/oblivion-desktop,0,ok,,False
2026-09-19 09:28:06,https://github.com/2dust/v2rayN/releases,0,ok,,False
2026-09-19 09:28:06,https://github.com/throneproj/Throne,0,ok,,False
2026-09-19 09:28:06,https://github.com/Leadaxe/singbox-launcher,0,ok,,False
2026-09-19 09:28:06,https://github.com/821869798/carton,0,ok,,False
2026-09-19 09:28:06,https://img.shields.io/github/last-commit/MhdiTaheri/V2rayCollector?style=for-the-badge,0,ok,,False
2026-09-19 09:28:06,https://github.com/Hayashi-xz/NeonV,0,ok,,False
2026-09-19 09:28:06,https://github.com/Tawreos228/Kitsune-Connect,0,ok,,False
2026-09-19 09:28:06,https://img.shields.io/github/issues/MhdiTaheri/V2rayCollector?style=for-the-badge,0,ok,,False
2026-09-19 09:28:06,https://raw.githubusercontent.com/MhdiTaheri/V2rayCollector/main/sub/vmess,85,ok,,False
2026-09-19 09:28:06,https://raw.githubusercontent.com/MhdiTaheri/V2rayCollector/main/sub/trojan,65,ok,,False
2026-09-19 09:28:06,https://raw.githubusercontent.com/MhdiTaheri/V2rayCollector/main/sub/vless,490,ok,,False
2026-09-19 09:28:06,https://raw.githubusercontent.com/MhdiTaheri/V2rayCollector/main/sub/tuic,2,ok,,False
2026-09-19 09:28:06,https://raw.githubusercontent.com/MhdiTaheri/V2rayCollector/main/sub/hysteria,2,ok,,False
2026-09-19 09:28:06,https://raw.githubusercontent.com/MhdiTaheri/V2rayCollector/main/sub/ss,634,ok,,False
2026-09-19 09:28:06,https://raw.githubusercontent.com/MhdiTaheri/V2rayCollector/main/sub/mix,1268,ok,,False
2026-09-19 09:28:06,https://github.com/STBobcat/Bobcat-Proxy-xray,0,ok,,False
2026-09-19 09:28:06,https://raw.githubusercontent.com/MhdiTaheri/V2rayCollector/main/sub/vmessbase64,85,ok,,False
2026-09-19 09:28:06,https://my.telegram.org,0,ok,,False
2026-09-19 09:28:06,https://raw.githubusercontent.com/MhdiTaheri/V2rayCollector/main/sub/vlessbase64,490,ok,,False
2026-09-19 09:28:06,https://raw.githubusercontent.com/MhdiTaheri/V2rayCollector/main/sub/ssbase64,634,ok,,False
2026-09-19 09:28:06,https://raw.githubusercontent.com/MhdiTaheri/V2rayCollector/main/sub/tuicbase64,2,ok,,False
2026-09-19 09:28:06,https://raw.githubusercontent.com/MhdiTaheri/V2rayCollector/main/sub/trojanbase64,65,ok,,False
2026-09-19 09:28:06,https://yaenot.xyz,0,ok,,False
2026-09-19 09:28:06,https://raw.githubusercontent.com/MhdiTaheri/V2rayCollector/main/sub/hysteriabase64,2,ok,,False
2026-09-19 09:28:06,https://raw.githubusercontent.com/MhdiTaheri/V2rayCollector/main/sub/mixbase64,1268,ok,,False
2026-09-19 09:28:06,https://github.com/clash-verge-rev/clash-verge-rev,0,ok,,False
2026-09-19 09:28:06,https://t.me/s/DailyV2RY,0,ok,,False
2026-09-19 09:28:06,https://t.me/s/MsV2ray,0,ok,,False
2026-09-19 09:28:06,https://t.me/s/foxrayiran,0,ok,,False
2026-09-19 09:28:06,https://t.me/s/v2rayng_fa2,0,ok,,False
2026-09-19 09:28:06,https://t.me/s/yaney_01,41,ok,,False
2026-09-19 09:28:06,https://t.me/s/EliV2ray,18,ok,,False
2026-09-19 09:28:06,https://t.me/s/V2rayNGvpni,0,ok,,False
2026-09-19 09:28:06,https://t.me/s/v2rayng_org,0,ok,,False
2026-09-19 09:28:06,https://t.me/s/ServerNett,0,ok,,False
2026-09-19 09:28:06,https://t.me/s/proxystore11,0,ok,,False
2026-09-19 09:28:06,https://t.me/s/FreakConfig,39,ok,,False
2026-09-19 09:28:06,https://t.me/s/v2rayNG_VPNN,0,ok,,False
2026-09-19 09:28:06,https://t.me/s/custom_14,9,ok,,False
2026-09-19 09:28:06,https://t.me/s/v2ray_outlineir,15,ok,,False
2026-09-19 09:28:06,https://t.me/s/v2_vmess,0,ok,,False
2026-09-19 09:28:06,https://t.me/s/vmess_vless_v2rayng,0,ok,,False
2026-09-19 09:28:06,https://t.me/s/PrivateVPNs,14,ok,,False
2026-09-19 09:28:06,https://t.me/s/FreeVlessVpn,3,ok,,False
2026-09-19 09:28:06,https://t.me/s/vmessiran,0,ok,,False
2026-09-19 09:28:06,https://t.me/s/vmessq,0,ok,,False
2026-09-19 09:28:06,https://t.me/s/freeland8,53,ok,,False
2026-09-19 09:28:06,https://t.me/s/WeePeeN,0,ok,,False
2026-09-19 09:28:06,https://t.me/s/Outline_Vpn,138,ok,,False
2026-09-19 09:28:06,https://t.me/s/V2rayNG3,139,ok,,False
2026-09-19 09:28:06,https://t.me/s/shadowsocksshop,1,ok,,False
2026-09-19 09:28:06,https://t.me/s/v2rayan,3,ok,,False
2026-09-19 09:28:06,https://t.me/s/napsternetv_config,0,ok,,False
2026-09-19 09:28:06,https://t.me/s/ShadowsocksM,12,ok,,False
2026-09-19 09:28:06,https://t.me/s/VmessProtocol,12,ok,,False
2026-09-19 09:28:06,https://t.me/s/Easy_Free_VPN,5,ok,,False
2026-09-19 09:28:06,https://t.me/s/ShadowSocks_s,0,ok,,False
2026-09-19 09:28:06,https://t.me/s/V2Ray_FreedomIran,0,ok,,False
2026-09-19 09:28:06,https://t.me/s/V2rayN_Free,0,ok,,False
2026-09-19 09:28:06,https://t.me/s/v2ray_for_free,13,ok,,False
2026-09-19 09:28:06,https://t.me/s/V2RAY_VMESS_free,0,ok,,False
2026-09-19 09:28:06,https://t.me/s/free4allVPN,18,ok,,False
2026-09-19 09:28:06,https://t.me/s/vpn_ocean,10,ok,,False
2026-09-19 09:28:06,https://t.me/s/DigiV2ray,0,ok,,False
2026-09-19 09:28:06,https://t.me/s/configV2rayForFree,15,ok,,False
2026-09-19 09:28:06,https://t.me/s/v2rayn_server,0,ok,,False
2026-09-19 09:28:06,https://t.me/s/v2rayNG_VPN,0,ok,,False
2026-09-19 09:28:06,https://t.me/s/freev2rayssr,0,ok,,False
2026-09-19 09:28:06,https://t.me/s/FreeV2rays,20,ok,,False
2026-09-19 09:28:06,https://t.me/s/Shadowlinkserverr,0,ok,,False
2026-09-19 09:28:06,https://t.me/s/vmess_iran,0,ok,,False
2026-09-19 09:28:06,https://t.me/s/iranvpnet,1,ok,,False
2026-09-19 09:28:06,https://t.me/s/V2RAY_NEW,0,ok,,False
2026-09-19 09:28:06,https://t.me/s/mahsaamoon1,0,ok,,False
2026-09-19 09:28:06,https://t.me/s/config_v2ray,0,ok,,False
2026-09-19 09:28:06,https://t.me/s/v2RayChannel,0,ok,,False
2026-09-19 09:28:06,https://t.me/s/v2ray_custom,0,ok,,False
2026-09-19 09:28:06,https://t.me/s/HTTPCustomLand,0,ok,,False
2026-09-19 09:28:06,https://t.me/s/configV2rayNG,111,ok,,False
2026-09-19 09:28:06,https://t.me/s/VPNCUSTOMIZE,0,ok,,False
2026-09-19 09:28:06,https://t.me/s/vpn_proxy_custom,0,ok,,False
2026-09-19 09:28:06,https://t.me/s/v2ray_ar,0,ok,,False
2026-09-19 09:28:06,https://t.me/s/beta_v2ray,0,ok,,False
2026-09-19 09:28:06,https://t.me/s/vpnmasi,0,ok,,False
2026-09-19 09:28:06,https://t.me/s/FreeNet1500,0,ok,,False
2026-09-19 09:28:06,https://t.me/s/ViPVpn_v2ray,9,ok,,False
2026-09-19 09:28:06,https://t.me/s/vip_vpn_2022,2,ok,,False
2026-09-19 09:28:06,https://t.me/s/VorTexIRN,0,ok,,False
2026-09-19 09:28:06,https://t.me/s/FOX_VPN66,0,ok,,False
2026-09-19 09:28:06,https://t.me/s/YtTe3la,0,ok,,False
2026-09-19 09:28:06,https://t.me/s/V2RayOxygen,0,ok,,False
2026-09-19 09:28:06,https://t.me/s/v2rayng_v,0,ok,,False
2026-09-19 09:28:06,https://t.me/s/VPN_443,0,ok,,False
2026-09-19 09:28:06,https://t.me/s/Network_442,1,ok,,False
2026-09-19 09:28:06,https://t.me/s/frev2rayng,0,ok,,False
2026-09-19 09:28:06,https://t.me/s/ultrasurf_12,0,ok,,False
2026-09-19 09:28:06,https://t.me/s/frev2ray,0,ok,,False
2026-09-19 09:28:06,https://t.me/s/iSeqaro,0,ok,,False
2026-09-19 09:28:06,https://t.me/s/Awlix_ir,10,ok,,False
2026-09-19 09:28:06,https://t.me/s/God_CONFIG,0,ok,,False
2026-09-19 09:28:06,https://t.me/s/v2rayngvpn,0,ok,,False
2026-09-19 09:28:06,https://starchart.cc/MhdiTaheri/V2rayCollector.svg?variant=adaptive,0,error,400 Client Error: Bad Request for url: https://starchart.cc/MhdiTaheri/V2rayCollector.svg?variant=adaptive,False
2026-09-19 09:28:06,https://img.shields.io/badge/updated-2026-09-18_07:09_UTC-informational,0,ok,,False
2026-09-19 09:28:06,https://starchart.cc/MhdiTaheri/V2rayCollector,0,ok,,False
2026-09-19 09:28:06,https://t.me/s/forwardv2ray,0,ok,,False
2026-09-19 09:28:06,https://t.me/s/Configforvpn01,8,ok,,False
2026-09-19 09:28:06,https://raw.githubusercontent.com/Maskkost93/kizyak-vpn-4.0/refs/heads/main/kizyakbeta7.txt,102,ok,,False
2026-09-19 09:28:06,https://raw.githubusercontent.com/Maskkost93/kizyak-vpn-4.0/refs/heads/main/kizyakbeta6.txt,80,ok,,False
2026-09-19 09:28:06,https://img.shields.io/github/license/Au1rxx/free-vpn-subscriptions?color=blue,0,ok,,False
2026-09-19 09:28:06,https://raw.githubusercontent.com/Maskkost93/kizyak-vpn-4.0/refs/heads/main/kizyakbeta6BL.txt,131,ok,,False
2026-09-19 09:28:06,https://t.me/s/TUICity,0,ok,,False
2026-09-19 09:28:06,https://t.me/s/ParsRoute,2,ok,,False
2026-09-19 09:28:06,https://t.me/s/inikotesla,1,ok,,False
2026-09-19 09:28:06,https://github.com/Au1rxx/free-vpn-subscriptions/raw/main/output/v2ray-base64.txt,1709,ok,,False
2026-09-19 09:28:06,https://github.com/Au1rxx/free-vpn-subscriptions/tree/main/output,0,ok,,False
2026-09-19 09:28:06,https://github.com/Au1rxx/free-vpn-subscriptions/blob/main/LICENSE,0,ok,,False
2026-09-19 09:28:06,https://github.com/Au1rxx/free-vpn-subscriptions/raw/main/output/by-country/v2ray-base64-JP.txt,270,ok,,False
2026-09-19 09:28:06,https://github.com/Au1rxx/free-vpn-subscriptions/raw/main/output/by-country/v2ray-base64-NL.txt,113,ok,,False
2026-09-19 09:28:06,https://github.com/Au1rxx/free-vpn-subscriptions/raw/main/output/by-country/clash-JP.yaml,178,ok,,False
2026-09-19 09:28:06,https://github.com/Au1rxx/free-vpn-subscriptions/raw/main/output/by-country/v2ray-base64-US.txt,705,ok,,False
2026-09-19 09:28:06,https://github.com/Au1rxx/free-vpn-subscriptions/raw/main/output/by-country/singbox-NL.json,0,ok,,False
2026-09-19 09:28:06,https://github.com/Au1rxx/free-vpn-subscriptions/raw/main/output/by-country/clash-TW.yaml,34,ok,,False
2026-09-19 09:28:06,https://github.com/Au1rxx/free-vpn-subscriptions/raw/main/output/by-country/clash-NL.yaml,83,ok,,False
2026-09-19 09:28:06,https://github.com/Au1rxx/free-vpn-subscriptions/raw/main/output/by-country/clash-US.yaml,463,ok,,False
2026-09-19 09:28:06,https://github.com/Au1rxx/free-vpn-subscriptions/raw/main/output/by-country/singbox-US.json,0,ok,,False
2026-09-19 09:28:06,https://github.com/Au1rxx/free-vpn-subscriptions/raw/main/output/singbox.json,0,ok,,False
2026-09-19 09:28:06,https://github.com/Au1rxx/free-vpn-subscriptions/raw/main/output/by-country/v2ray-base64-TW.txt,91,ok,,False
2026-09-19 09:28:06,https://github.com/Au1rxx/free-vpn-subscriptions/raw/main/output/by-country/clash-HK.yaml,29,ok,,False
2026-09-19 09:28:06,https://github.com/Au1rxx/free-vpn-subscriptions/raw/main/output/by-country/singbox-JP.json,0,ok,,False
2026-09-19 09:28:06,https://github.com/Au1rxx/free-vpn-subscriptions/raw/main/output/by-country/singbox-TW.json,0,ok,,False
2026-09-19 09:28:06,https://github.com/Au1rxx/free-vpn-subscriptions/raw/main/output/by-country/v2ray-base64-HK.txt,81,ok,,False
2026-09-19 09:28:06,https://github.com/Au1rxx/free-vpn-subscriptions/raw/main/output/by-country/singbox-HK.json,0,ok,,False
2026-09-19 09:28:06,https://github.com/Au1rxx/free-vpn-subscriptions/raw/main/output/by-country/singbox-SG.json,0,ok,,False
2026-09-19 09:28:06,https://github.com/Au1rxx/free-vpn-subscriptions/raw/main/output/by-country/v2ray-base64-SG.txt,103,ok,,False
2026-09-19 09:28:06,https://github.com/Au1rxx/free-vpn-subscriptions/raw/main/output/by-country/clash-SG.yaml,76,ok,,False
2026-09-19 09:28:06,https://github.com/Au1rxx/free-vpn-subscriptions/raw/main/output/by-country/clash-KR.yaml,26,ok,,False
2026-09-19 09:28:06,https://github.com/Au1rxx/free-vpn-subscriptions/raw/main/output/by-country/v2ray-base64-KR.txt,52,ok,,False
2026-09-19 09:28:06,https://github.com/Au1rxx/free-vpn-subscriptions/raw/main/output/by-country/singbox-KR.json,0,ok,,False
2026-09-19 09:28:06,https://github.com/Au1rxx/free-vpn-subscriptions/raw/main/output/by-country/v2ray-base64-IN.txt,40,ok,,False
2026-09-19 09:28:06,https://github.com/Au1rxx/free-vpn-subscriptions/raw/main/output/by-country/clash-IN.yaml,16,ok,,False
2026-09-19 09:28:06,https://github.com/Au1rxx/free-vpn-subscriptions/raw/main/output/by-country/clash-CA.yaml,27,ok,,False
2026-09-19 09:28:06,https://github.com/Au1rxx/free-vpn-subscriptions/raw/main/output/by-country/singbox-IN.json,0,ok,,False
2026-09-19 09:28:06,https://github.com/Au1rxx/free-vpn-subscriptions/raw/main/output/by-country/singbox-CA.json,0,ok,,False
2026-09-19 09:28:06,https://github.com/Au1rxx/free-vpn-subscriptions/raw/main/output/by-country/v2ray-base64-CA.txt,62,ok,,False
2026-09-19 09:28:06,https://github.com/Au1rxx/free-vpn-subscriptions/raw/main/output/by-country/clash-GB.yaml,17,ok,,False
2026-09-19 09:28:06,https://github.com/Au1rxx/free-vpn-subscriptions/raw/main/output/by-country/v2ray-base64-DE.txt,49,ok,,False
2026-09-19 09:28:06,https://github.com/Au1rxx/free-vpn-subscriptions/raw/main/output/by-country/clash-DE.yaml,38,ok,,False
2026-09-19 09:28:06,https://github.com/Au1rxx/free-vpn-subscriptions/raw/main/output/by-country/singbox-DE.json,0,ok,,False
2026-09-19 09:28:06,https://github.com/Au1rxx/free-vpn-subscriptions/raw/main/output/clash.yaml,1064,ok,,False
2026-09-19 09:28:06,https://github.com/Au1rxx/free-vpn-subscriptions/raw/main/output/by-country/clash-FR.yaml,10,ok,,False
2026-09-19 09:28:06,https://github.com/Au1rxx/free-vpn-subscriptions/raw/main/output/by-country/v2ray-base64-FR.txt,22,ok,,False
2026-09-19 09:28:06,https://github.com/Au1rxx/free-vpn-subscriptions/raw/main/output/by-country/clash-PL.yaml,11,ok,,False
2026-09-19 09:28:06,https://github.com/Au1rxx/free-vpn-subscriptions/raw/main/output/by-country/singbox-FR.json,0,ok,,False
2026-09-19 09:28:06,https://github.com/Au1rxx/free-vpn-subscriptions/raw/main/output/by-country/v2ray-base64-GB.txt,24,ok,,False
2026-09-19 09:28:06,https://github.com/Au1rxx/free-vpn-subscriptions/raw/main/output/by-country/singbox-GB.json,0,ok,,False
2026-09-19 09:28:06,https://github.com/Au1rxx/free-vpn-subscriptions/raw/main/output/by-country/singbox-PL.json,0,ok,,False
2026-09-19 09:28:06,https://github.com/Au1rxx/free-vpn-subscriptions/raw/main/output/by-country/v2ray-base64-PL.txt,21,ok,,False
2026-09-19 09:28:06,https://github.com/Au1rxx/free-vpn-subscriptions/raw/main/output/by-country/v2ray-base64-RO.txt,13,ok,,False
2026-09-19 09:28:06,https://github.com/Au1rxx/free-vpn-subscriptions/raw/main/output/by-country/singbox-RO.json,0,ok,,False
2026-09-19 09:28:06,https://github.com/Au1rxx/free-vpn-subscriptions/raw/main/output/by-country/clash-RO.yaml,9,ok,,False
2026-09-19 09:28:06,https://github.com/Au1rxx/free-vpn-subscriptions/raw/main/output/by-country/clash-AU.yaml,4,ok,,False
2026-09-19 09:28:06,https://github.com/Au1rxx/free-vpn-subscriptions/raw/main/output/by-country/v2ray-base64-ES.txt,7,ok,,False
2026-09-19 09:28:06,https://github.com/Au1rxx/free-vpn-subscriptions/raw/main/output/by-country/singbox-ES.json,0,ok,,False
2026-09-19 09:28:06,https://github.com/Au1rxx/free-vpn-subscriptions/raw/main/output/by-country/clash-ES.yaml,5,ok,,False
2026-09-19 09:28:06,https://github.com/Au1rxx/free-vpn-subscriptions/raw/main/output/by-country/singbox-AU.json,0,ok,,False
2026-09-19 09:28:06,https://github.com/Au1rxx/free-vpn-subscriptions/raw/main/output/by-country/clash-RU.yaml,4,ok,,False
2026-09-19 09:28:06,https://github.com/Au1rxx/free-vpn-subscriptions/raw/main/output/by-country/singbox-EE.json,0,ok,,False
2026-09-19 09:28:06,https://github.com/Au1rxx/free-vpn-subscriptions/raw/main/output/by-country/v2ray-base64-AU.txt,7,ok,,False
2026-09-19 09:28:06,https://github.com/Au1rxx/free-vpn-subscriptions/raw/main/output/by-country/v2ray-base64-EE.txt,5,ok,,False
2026-09-19 09:28:06,https://au1rxx.github.io/free-vpn-subscriptions/guides/clash-verge.html,0,ok,,False
2026-09-19 09:28:06,https://au1rxx.github.io/free-vpn-subscriptions/guides/v2rayng.html,0,ok,,False
2026-09-19 09:28:06,https://au1rxx.github.io/free-vpn-subscriptions/guides/shadowrocket.html,0,ok,,False
2026-09-19 09:28:06,https://au1rxx.github.io/free-vpn-subscriptions/guides/sing-box.html,0,ok,,False
2026-09-19 09:28:06,https://github.com/Au1rxx/free-vpn-subscriptions/raw/main/output/by-country/clash-SE.yaml,0,error,404 Client Error: Not Found for url: https://github.com/Au1rxx/free-vpn-subscriptions/raw/main/output/by-country/clash-SE.yaml,False
2026-09-19 09:28:06,https://github.com/Au1rxx/free-vpn-subscriptions/raw/main/output/by-country/clash-EE.yaml,4,ok,,False
2026-09-19 09:28:06,https://github.com/Au1rxx/free-vpn-subscriptions/raw/main/output/by-country/singbox-SE.json,0,error,404 Client Error: Not Found for url: https://github.com/Au1rxx/free-vpn-subscriptions/raw/main/output/by-country/singbox-SE.json,False
2026-09-19 09:28:06,https://github.com/Au1rxx/free-vpn-subscriptions/raw/main/output/by-country/v2ray-base64-RU.txt,4,ok,,False
2026-09-19 09:28:06,https://raw.githubusercontent.com/ebrasha/free-v2ray-public-list/refs/heads/main/V2Ray-Config-By-EbraSha-All-Type.txt,36372,ok,,False
2026-09-19 09:28:06,https://github.com/Au1rxx/free-vpn-subscriptions/raw/main/assets/star-history.svg,0,ok,,False
2026-09-19 09:28:06,https://github.com/Au1rxx/free-vpn-subscriptions/raw/main/output/by-country/singbox-RU.json,0,ok,,False
2026-09-19 09:28:06,https://github.com/Au1rxx/free-vpn-subscriptions/raw/main/output/by-country/v2ray-base64-SE.txt,0,error,404 Client Error: Not Found for url: https://github.com/Au1rxx/free-vpn-subscriptions/raw/main/output/by-country/v2ray-base64-SE.txt,False
2026-09-19 09:28:06,https://raw.githubusercontent.com/ebrasha/free-v2ray-public-list/refs/heads/main/V2Ray-Config-By-EbraSha-All-Type.txt,36372,ok,,False
2026-09-19 09:28:06,https://raw.githubusercontent.com/mheidari98/.proxy/main/all,13918,ok,,False
2026-09-19 09:28:06,https://raw.githubusercontent.com/mheidari98/.proxy/refs/heads/main/all,13918,ok,,False
2026-09-19 09:28:06,https://raw.githubusercontent.com/liketolivefree/kobabi/main/sub_all.txt#like,18616,ok,,False
2026-09-19 09:28:06,https://raw.githubusercontent.com/vpei/free-node-1/refs/heads/main/res/nod-4.txt,10491,ok,,False
2026-09-19 09:28:06,https://raw.githubusercontent.com/vpei/free-node-1/refs/heads/main/res/nod-1.txt,10368,ok,,False
2026-09-19 09:28:06,https://raw.githubusercontent.com/shabane/kamaji/master/hub/b64/ss.txt,13737,ok,,False
2026-09-19 09:28:06,https://raw.githubusercontent.com/vpei/free-node-1/refs/heads/main/res/nod-3.txt,10250,ok,,False
2026-09-19 09:28:06,https://raw.githubusercontent.com/sevcator/5ubscrpt10n/main/mini/m1n1-5ub-48.txt,10022,ok,,False
2026-09-19 09:28:06,https://raw.githubusercontent.com/sevcator/5ubscrpt10n/main/mini/m1n1-5ub-4.txt,10060,ok,,False
2026-09-19 09:28:06,https://raw.githubusercontent.com/sevcator/5ubscrpt10n/main/mini/m1n1-5ub-53.txt,10016,ok,,False
2026-09-19 09:28:06,https://raw.githubusercontent.com/vpei/free-node-1/refs/heads/main/res/nod-6.txt,10078,ok,,False
2026-09-19 09:28:06,https://raw.githubusercontent.com/sevcator/5ubscrpt10n/main/mini/m1n1-5ub-49.txt,10000,ok,,False
2026-09-19 09:28:06,https://raw.githubusercontent.com/sevcator/5ubscrpt10n/main/mini/m1n1-5ub-51.txt,10000,ok,,False
2026-09-19 09:28:06,https://raw.githubusercontent.com/sevcator/5ubscrpt10n/main/mini/m1n1-5ub-50.txt,10000,ok,,False
2026-09-19 09:28:06,https://raw.githubusercontent.com/shabane/kamaji/master/hub/b64/vless.txt,28829,ok,,False
2026-09-19 09:28:06,https://raw.githubusercontent.com/sevcator/5ubscrpt10n/main/mini/m1n1-5ub-55.txt,10000,ok,,False
2026-09-19 09:28:06,https://raw.githubusercontent.com/sevcator/5ubscrpt10n/main/mini/m1n1-5ub-54.txt,10000,ok,,False
2026-09-19 09:28:06,https://raw.githubusercontent.com/sevcator/5ubscrpt10n/main/mini/m1n1-5ub-57.txt,10000,ok,,False
2026-09-19 09:28:06,https://raw.githubusercontent.com/sevcator/5ubscrpt10n/main/mini/m1n1-5ub-56.txt,10000,ok,,False
2026-09-19 09:28:06,https://raw.githubusercontent.com/sevcator/5ubscrpt10n/main/mini/m1n1-5ub-58.txt,10000,ok,,False
2026-09-19 09:28:06,https://raw.githubusercontent.com/sevcator/5ubscrpt10n/main/mini/m1n1-5ub-60.txt,10000,ok,,False
2026-09-19 09:28:06,https://raw.githubusercontent.com/sevcator/5ubscrpt10n/main/protocols/tr.txt,86735,ok,,False
2026-09-19 09:28:06,https://raw.githubusercontent.com/sevcator/5ubscrpt10n/main/mini/m1n1-5ub-46.txt,9985,ok,,False
2026-09-19 09:28:06,https://raw.githubusercontent.com/sevcator/5ubscrpt10n/main/mini/m1n1-5ub-62.txt,10000,ok,,False
2026-09-19 09:28:06,https://raw.githubusercontent.com/sevcator/5ubscrpt10n/main/protocols/ss.txt,29759,ok,,False
2026-09-19 09:28:06,https://raw.githubusercontent.com/sevcator/5ubscrpt10n/main/mini/m1n1-5ub-61.txt,10000,ok,,False
2026-09-19 09:28:06,https://raw.githubusercontent.com/sevcator/5ubscrpt10n/main/mini/m1n1-5ub-63.txt,9997,ok,,False
2026-09-19 09:28:06,https://raw.githubusercontent.com/sevcator/5ubscrpt10n/main/mini/m1n1-5ub-59.txt,10000,ok,,False
2026-09-19 09:28:06,https://raw.githubusercontent.com/sevcator/5ubscrpt10n/main/mini/m1n1-5ub-32.txt,9968,ok,,False
2026-09-19 09:28:06,https://raw.githubusercontent.com/sevcator/5ubscrpt10n/main/mini/m1n1-5ub-52.txt,9992,ok,,False
2026-09-19 09:28:06,https://raw.githubusercontent.com/sevcator/5ubscrpt10n/main/mini/m1n1-5ub-14.txt,9970,ok,,False
2026-09-19 09:28:06,https://raw.githubusercontent.com/sevcator/5ubscrpt10n/main/mini/m1n1-5ub-40.txt,9953,ok,,False
2026-09-19 09:28:06,https://raw.githubusercontent.com/vpei/free-node-1/refs/heads/main/res/nod-2.txt,9983,ok,,False
2026-09-19 09:28:06,https://raw.githubusercontent.com/sevcator/5ubscrpt10n/main/mini/m1n1-5ub-38.txt,9943,ok,,False
2026-09-19 09:28:06,https://raw.githubusercontent.com/sevcator/5ubscrpt10n/main/mini/m1n1-5ub-29.txt,9942,ok,,False
2026-09-19 09:28:06,https://raw.githubusercontent.com/sevcator/5ubscrpt10n/main/mini/m1n1-5ub-42.txt,9946,ok,,False
2026-09-19 09:28:06,https://raw.githubusercontent.com/sevcator/5ubscrpt10n/main/mini/m1n1-5ub-37.txt,9942,ok,,False
2026-09-19 09:28:06,https://raw.githubusercontent.com/sevcator/5ubscrpt10n/main/mini/m1n1-5ub-41.txt,9927,ok,,False
2026-09-19 09:28:06,https://raw.githubusercontent.com/sevcator/5ubscrpt10n/main/mini/m1n1-5ub-33.txt,9932,ok,,False
2026-09-19 09:28:06,https://raw.githubusercontent.com/sevcator/5ubscrpt10n/main/mini/m1n1-5ub-31.txt,9918,ok,,False
2026-09-19 09:28:06,https://raw.githubusercontent.com/sevcator/5ubscrpt10n/main/mini/m1n1-5ub-36.txt,9921,ok,,False
2026-09-19 09:28:06,https://raw.githubusercontent.com/vpei/free-node-1/refs/heads/main/res/nod-0.txt,9927,ok,,False
2026-09-19 09:28:06,https://raw.githubusercontent.com/sevcator/5ubscrpt10n/main/mini/m1n1-5ub-13.txt,9701,ok,,False
2026-09-19 09:28:06,https://raw.githubusercontent.com/sevcator/5ubscrpt10n/main/mini/m1n1-5ub-34.txt,9886,ok,,False
2026-09-19 09:28:06,https://raw.githubusercontent.com/sevcator/5ubscrpt10n/main/mini/m1n1-5ub-30.txt,9906,ok,,False
2026-09-19 09:28:06,https://raw.githubusercontent.com/sevcator/5ubscrpt10n/main/mini/m1n1-5ub-39.txt,9872,ok,,False
2026-09-19 09:28:06,https://raw.githubusercontent.com/shabane/kamaji/master/hub/b64/merged.txt,54068,ok,,False
2026-09-19 09:28:06,https://raw.githubusercontent.com/sevcator/5ubscrpt10n/main/mini/m1n1-5ub-16.txt,9853,ok,,False
2026-09-19 09:28:06,https://raw.githubusercontent.com/sevcator/5ubscrpt10n/main/mini/m1n1-5ub-35.txt,9781,ok,,False
2026-09-19 09:28:06,https://raw.githubusercontent.com/sevcator/5ubscrpt10n/main/mini/m1n1-5ub-28.txt,9625,ok,,False
2026-09-19 09:28:06,https://raw.githubusercontent.com/sevcator/5ubscrpt10n/main/mini/m1n1-5ub-11.txt,9765,ok,,False
2026-09-19 09:28:06,https://raw.githubusercontent.com/vpei/free-node-1/refs/heads/main/res/nod-8.txt,9697,ok,,False
2026-09-19 09:28:06,https://raw.githubusercontent.com/sevcator/5ubscrpt10n/main/mini/m1n1-5ub-1.txt,9349,ok,,False
2026-09-19 09:28:06,https://raw.githubusercontent.com/sevcator/5ubscrpt10n/main/mini/m1n1-5ub-8.txt,9154,ok,,False
2026-09-19 09:28:06,https://raw.githubusercontent.com/sevcator/5ubscrpt10n/main/mini/m1n1-5ub-10.txt,8956,ok,,False
2026-09-19 09:28:06,https://raw.githubusercontent.com/sevcator/5ubscrpt10n/main/mini/m1n1-5ub-9.txt,9260,ok,,False
2026-09-19 09:28:06,https://raw.githubusercontent.com/vpei/free-node-1/refs/heads/main/res/nod-7.txt,9574,ok,,False
2026-09-19 09:28:06,https://raw.githubusercontent.com/sevcator/5ubscrpt10n/main/mini/m1n1-5ub-6.txt,9164,ok,,False
2026-09-19 09:28:06,https://raw.githubusercontent.com/sevcator/5ubscrpt10n/main/mini/m1n1-5ub-7.txt,9137,ok,,False
2026-09-19 09:28:06,https://raw.githubusercontent.com/sevcator/5ubscrpt10n/main/mini/m1n1-5ub-12.txt,8801,ok,,False
2026-09-19 09:28:06,https://raw.githubusercontent.com/sevcator/5ubscrpt10n/main/mini/m1n1-5ub-15.txt,8766,ok,,False
2026-09-19 09:28:06,https://raw.githubusercontent.com/vpei/free-node-1/refs/heads/main/res/nod-5.txt,9320,ok,,False
2026-09-19 09:28:06,https://raw.githubusercontent.com/sevcator/5ubscrpt10n/main/mini/m1n1-5ub-5.txt,9146,ok,,False
2026-09-19 09:28:06,https://raw.githubusercontent.com/qjlxg/one/refs/heads/main/nodes_list.txt,8684,ok,,False
2026-09-19 09:28:06,https://raw.githubusercontent.com/sevcator/5ubscrpt10n/main/mini/m1n1-5ub-43.txt,8346,ok,,False
2026-09-19 09:28:06,https://raw.githubusercontent.com/sevcator/5ubscrpt10n/main/mini/m1n1-5ub-47.txt,8609,ok,,False
2026-09-19 09:28:06,https://raw.githubusercontent.com/sevcator/5ubscrpt10n/main/mini/m1n1-5ub-3.txt,8277,ok,,False
2026-09-19 09:28:06,https://raw.githubusercontent.com/sevcator/5ubscrpt10n/main/mini/m1n1-5ub-45.txt,7750,ok,,False
2026-09-19 09:28:06,https://raw.githubusercontent.com/sevcator/5ubscrpt10n/main/mini/m1n1-5ub-20.txt,7898,ok,,False
2026-09-19 09:28:06,https://raw.githubusercontent.com/sevcator/5ubscrpt10n/main/mini/m1n1-5ub-26.txt,7592,ok,,False
2026-09-19 09:28:06,https://raw.githubusercontent.com/vpei/free-node-1/refs/heads/main/res/nod-9.txt,7242,ok,,False
2026-09-19 09:28:06,https://raw.githubusercontent.com/mermeroo/Loon/refs/heads/main/all.nodes.txt,6657,ok,,False
2026-09-19 09:28:06,https://raw.githubusercontent.com/sevcator/5ubscrpt10n/main/mini/m1n1-5ub-24.txt,7090,ok,,False
2026-09-19 09:28:06,https://raw.githubusercontent.com/sevcator/5ubscrpt10n/main/mini/m1n1-5ub-23.txt,6729,ok,,False
2026-09-19 09:28:06,https://raw.githubusercontent.com/sevcator/5ubscrpt10n/main/mini/m1n1-5ub-22.txt,7063,ok,,False
2026-09-19 09:28:06,https://raw.githubusercontent.com/sevcator/5ubscrpt10n/main/mini/m1n1-5ub-21.txt,6919,ok,,False
2026-09-19 09:28:06,https://raw.githubusercontent.com/sevcator/5ubscrpt10n/main/mini/m1n1-5ub-44.txt,7034,ok,,False
2026-09-19 09:28:06,https://raw.githubusercontent.com/sevcator/5ubscrpt10n/main/mini/m1n1-5ub-19.txt,6642,ok,,False
2026-09-19 09:28:06,https://raw.githubusercontent.com/sevcator/5ubscrpt10n/main/mini/m1n1-5ub-27.txt,6585,ok,,False
2026-09-19 09:28:06,https://raw.githubusercontent.com/sevcator/5ubscrpt10n/main/mini/m1n1-5ub-18.txt,6512,ok,,False
2026-09-19 09:28:06,https://raw.githubusercontent.com/sevcator/5ubscrpt10n/main/mini/m1n1-5ub-25.txt,6381,ok,,False
2026-09-19 09:28:06,https://raw.githubusercontent.com/shabane/kamaji/master/hub/b64/trojan.txt,5444,ok,,False
2026-09-19 09:28:06,https://raw.githubusercontent.com/itsyebekhe/PSG/main/lite/subscriptions/xray/cdn.b64,5250,ok,,False
2026-09-19 09:28:06,https://raw.githubusercontent.com/sevcator/5ubscrpt10n/main/mini/m1n1-5ub-17.txt,6232,ok,,False
2026-09-19 09:28:06,https://raw.githubusercontent.com/mheidari98/.proxy/refs/heads/main/vless,5788,ok,,False
2026-09-19 09:28:06,https://raw.githubusercontent.com/mheidari98/.proxy/refs/heads/main/vmess,3322,ok,,False
2026-09-19 09:28:06,https://raw.githubusercontent.com/Epodonios/v2ray-configs/main/Splitted-By-Protocol/vless.txt,4246,ok,,False
2026-09-19 09:28:06,https://raw.githubusercontent.com/Epodonios/v2ray-configs/main/Splitted-By-Protocol/vless.txt,4246,ok,,False
2026-09-19 09:28:06,https://raw.githubusercontent.com/itsyebekhe/PSG/main/subscriptions/xray/cdn.b64,5250,ok,,False
2026-09-19 09:28:06,https://raw.githubusercontent.com/mahdibland/V2RayAggregator/master/sub/sub_merge.txt,4036,ok,,False
2026-09-19 09:28:06,https://raw.githubusercontent.com/penhandev/AutoAiVPN/refs/heads/main/allConfigs.txt,4150,ok,,False
2026-09-19 09:28:06,https://raw.githubusercontent.com/penhandev/AutoAiVPN/refs/heads/main/allConfigs.txt,4150,ok,,False
2026-09-19 09:28:06,https://raw.githubusercontent.com/Epodonios/v2ray-configs/refs/heads/main/Splitted-By-Protocol/vless.txt,4246,ok,,False
2026-09-19 09:28:06,https://raw.githubusercontent.com/Epodonios/v2ray-configs/refs/heads/main/Splitted-By-Protocol/vless.txt,4246,ok,,False
2026-09-19 09:28:06,https://raw.githubusercontent.com/shabane/kamaji/master/hub/b64/vmess.txt,6290,ok,,False
2026-09-19 09:28:06,https://raw.githubusercontent.com/mahdibland/ShadowsocksAggregator/master/sub/sub_merge.txt,4036,ok,,False
2026-09-19 09:28:06,https://raw.githubusercontent.com/mahdibland/V2RayAggregator/master/sub/sub_merge.txt,4036,ok,,False
2026-09-19 09:28:06,https://raw.githubusercontent.com/mahdibland/ShadowsocksAggregator/master/sub/sub_merge.txt,4036,ok,,False
2026-09-19 09:28:06,https://raw.githubusercontent.com/penhandev/AutoAiVPN/refs/heads/main/russia.txt,4039,ok,,False
2026-09-19 09:28:06,https://raw.githubusercontent.com/penhandev/AutoAiVPN/refs/heads/main/russia.txt,4039,ok,,False
2026-09-19 09:28:06,https://raw.githubusercontent.com/penhandev/AutoAiVPN/refs/heads/main/iran.txt,3650,ok,,False
2026-09-19 09:28:06,https://raw.githubusercontent.com/penhandev/AutoAiVPN/refs/heads/main/iran.txt,3650,ok,,False
2026-09-19 09:28:06,https://raw.githubusercontent.com/v2rayNplus/v2rayNplus.github.io/main/configs.txt#v2rayNplus,3358,ok,,False
2026-09-19 09:28:06,https://raw.githubusercontent.com/mheidari98/.proxy/refs/heads/main/ss,2968,ok,,False
2026-09-19 09:28:06,https://github.com/test21002050-spec/v2ray-merged/raw/refs/heads/main/merged.txt,2409,ok,,False
2026-09-19 09:28:06,https://raw.githubusercontent.com/youfoundamin/V2rayCollector/main/vless_iran.txt,2747,ok,,False
2026-09-19 09:28:06,https://raw.githubusercontent.com/3inker/v2ray-subscription/refs/heads/main/subs/all_not_ru.txt,2759,ok,,False
2026-09-19 09:28:06,https://raw.githubusercontent.com/ALIILAPRO/v2rayNG-Config/main/sub.txt,2258,ok,,False
2026-09-19 09:28:06,https://raw.githubusercontent.com/ALIILAPRO/v2rayNG-Config/refs/heads/main/sub.txt,2258,ok,,False
2026-09-19 09:28:06,https://raw.githubusercontent.com/ALIILAPRO/v2rayNG-Config/main/sub.txt,2258,ok,,False
2026-09-19 09:28:06,https://raw.githubusercontent.com/ALIILAPRO/v2rayNG-Config/main/server.txt,2258,ok,,False
2026-09-19 09:28:06,https://raw.githubusercontent.com/ALIILAPRO/v2rayNG-Config/refs/heads/main/sub.txt,2258,ok,,False
2026-09-19 09:28:06,https://raw.githubusercontent.com/qjlxg/one/refs/heads/main/nodes.txt,625,ok,,False
2026-09-19 09:28:06,https://raw.githubusercontent.com/ALIILAPRO/v2rayNG-Config/main/server.txt,2258,ok,,False
2026-09-19 09:28:06,https://raw.githubusercontent.com/sevcator/5ubscrpt10n/main/protocols/vm.txt,253991,ok,,False
2026-09-19 09:28:06,https://raw.githubusercontent.com/ebrasha/free-v2ray-public-list/refs/heads/main/V2Ray-Config-By-EbraSha.txt,1616,ok,,False
2026-09-19 09:28:06,https://github.com/mahdibland/V2RayAggregator/raw/master/sub/sub_merge_yaml.yml,3982,ok,,False
2026-09-19 09:28:06,https://raw.githubusercontent.com/ebrasha/free-v2ray-public-list/refs/heads/main/V2Ray-Config-By-EbraSha.txt,1616,ok,,False
2026-09-19 09:28:06,https://raw.githubusercontent.com/mheidari98/.proxy/refs/heads/main/trojan,1547,ok,,False
2026-09-19 09:28:06,https://raw.githubusercontent.com/MatinGhanbari/v2ray-configs/main/subscriptions/filtered/subs/vmess.txt,2166,ok,,False
2026-09-19 09:28:06,https://raw.githubusercontent.com/anaer/Sub/main/clash.yaml,566,ok,,False
2026-09-19 09:28:06,https://raw.githubusercontent.com/Ashkan-m/v2ray/refs/heads/main/VIP.txt,1373,ok,,False
2026-09-19 09:28:06,https://raw.githubusercontent.com/MahanKenway/Freedom-V2Ray/refs/heads/main/configs/mix.txt,1470,ok,,False
2026-09-19 09:28:06,https://github.com/mahdibland/V2RayAggregator/raw/master/sub/sub_merge_yaml.yml,3982,ok,,False
2026-09-19 09:28:06,https://raw.githubusercontent.com/sevcator/5ubscrpt10n/main/mini/m1n1-5ub-2.txt,8173,ok,,False
2026-09-19 09:28:06,https://anaer.github.io/Sub/clash.yaml,566,ok,,False
2026-09-19 09:28:06,https://raw.githubusercontent.com/MahanKenway/Freedom-V2Ray/refs/heads/main/configs/mix.txt,1470,ok,,False
2026-09-19 09:28:06,https://raw.githubusercontent.com/MatinGhanbari/v2ray-configs/main/subscriptions/filtered/subs/ss.txt,1161,ok,,False
2026-09-19 09:28:06,https://raw.githubusercontent.com/NiceVPN123/NiceVPN/main/Clash.yaml,3316,ok,,False
2026-09-19 09:28:06,https://raw.githubusercontent.com/3inker/v2ray-subscription/refs/heads/main/subs/all_not_ru.txt,2759,ok,,False
2026-09-19 09:28:06,https://raw.githubusercontent.com/MhdiTaheri/V2rayCollector/main/sub/mix,1268,ok,,False
2026-09-19 09:28:06,https://raw.githubusercontent.com/dimzon/scaling-sniffle/main/any/tcp.txt,1315,ok,,False
2026-09-19 09:28:06,https://raw.githubusercontent.com/MahanKenway/Freedom-V2Ray/refs/heads/main/configs/vmess.txt,947,ok,,False
2026-09-19 09:28:06,https://gist.githubusercontent.com/hermes659/9ac613aaad1337ba8a271c45126ecab8/raw/6823f72799f41d24b1e90fb3753b6ddc1fc40663/github_openclash_nodes.yaml,1793,ok,,False
2026-09-19 09:28:06,https://raw.githubusercontent.com/qjlxg/K8/refs/heads/main/all_nodes.txt,1021,ok,,False
2026-09-19 09:28:06,https://raw.githubusercontent.com/MhdiTaheri/V2rayCollector/refs/heads/main/sub/mixbase64,1268,ok,,False
2026-09-19 09:28:06,https://raw.githubusercontent.com/MahanKenway/Freedom-V2Ray/refs/heads/main/configs/vmess.txt,947,ok,,False
2026-09-19 09:28:06,https://alienvpn402.github.io/AlienVPN402-subscribe-servers-sing-box/,906,ok,,False
2026-09-19 09:28:06,https://raw.githubusercontent.com/MhdiTaheri/V2rayCollector/main/sub/ssbase64,634,ok,,False
2026-09-19 09:28:06,https://raw.githubusercontent.com/MhdiTaheri/V2rayCollector/main/sub/ss,634,ok,,False
2026-09-19 09:28:06,https://raw.githubusercontent.com/ByeWhiteLists/ByeWhiteLists2/refs/heads/main/ByeWhiteLists2.txt,772,ok,,False
2026-09-19 09:28:06,https://raw.githubusercontent.com/dimzon/scaling-sniffle/main/any/443.txt,584,ok,,False
2026-09-19 09:28:06,https://raw.githubusercontent.com/qjlxg/an_e/refs/heads/main/all_collected.txt,808,ok,,False
2026-09-19 09:28:06,https://raw.githubusercontent.com/Epodonios/v2ray-configs/refs/heads/main/Splitted-By-Protocol/ss.txt,456,ok,,False
2026-09-19 09:28:06,https://raw.githubusercontent.com/Epodonios/v2ray-configs/main/Splitted-By-Protocol/ss.txt,456,ok,,False
2026-09-19 09:28:06,https://raw.githubusercontent.com/w1770946466/Auto_proxy/main/Long_term_subscription_num,545,ok,,False
2026-09-19 09:28:06,https://raw.githubusercontent.com/longlon/v2ray-config/main/Sub28.txt,495,ok,,False
2026-09-19 09:28:06,https://raw.githubusercontent.com/longlon/v2ray-config/main/Sub28.txt,495,ok,,False
2026-09-19 09:28:06,https://raw.githubusercontent.com/mermeroo/QX/refs/heads/main/Nodes,546,ok,,False
2026-09-19 09:28:06,https://raw.githubusercontent.com/10ium/free-config/refs/heads/main/HighSpeed.txt,515,ok,,False
2026-09-19 09:28:06,https://raw.githubusercontent.com/youfoundamin/V2rayCollector/main/mixed_iran.txt,447,ok,,False
2026-09-19 09:28:06,https://raw.githubusercontent.com/mermeroo/Loon/main/node,429,ok,,False
2026-09-19 09:28:06,https://raw.githubusercontent.com/youfoundamin/V2rayCollector/main/vmess_iran.txt,480,ok,,False
2026-09-19 09:28:06,https://raw.githubusercontent.com/MhdiTaheri/V2rayCollector/main/sub/vless,490,ok,,False
2026-09-19 09:28:06,https://github.com/LonUp/NodeList/raw/main/Clash/Node/Latest.yaml,1355,ok,,False
2026-09-19 09:28:06,https://raw.githubusercontent.com/sami-soft/v2rayN_proxy/main/new1.txt,452,ok,,False
2026-09-19 09:28:06,https://raw.githubusercontent.com/AlienVPN402/Clash-Subscribe/main/index.html,659,ok,,False
2026-09-19 09:28:06,https://raw.githubusercontent.com/hvwin8/autojiedian/master/clash.yaml,403,ok,,False
2026-09-19 09:28:06,https://raw.githubusercontent.com/youfoundamin/V2rayCollector/main/trojan_iran.txt,446,ok,,False
2026-09-19 09:28:06,https://raw.githubusercontent.com/dimzon/scaling-sniffle/main/any/tcp-443.txt,418,ok,,False
2026-09-19 09:28:06,https://raw.githubusercontent.com/Ashkan-m/v2ray/refs/heads/main/Sub3.txt,425,ok,,False
2026-09-19 09:28:06,https://raw.githubusercontent.com/Junely/clash/main/template3.yaml,491,ok,,False
2026-09-19 09:28:06,https://raw.githubusercontent.com/youfoundamin/V2rayCollector/main/ss_iran.txt,367,ok,,False
2026-09-19 09:28:06,https://raw.githubusercontent.com/v2rayNplus/v2rayNplus.github.io/main/v2rayNplus.txt#v2rayNplus,431,ok,,False
2026-09-19 09:28:06,https://raw.githubusercontent.com/MatinGhanbari/v2ray-configs/main/subscriptions/filtered/subs/trojan.txt,359,ok,,False
2026-09-19 09:28:06,https://raw.githubusercontent.com/YasserDivaR/pr0xy/main/winformClash.yaml,614,ok,,False
2026-09-19 09:28:06,https://raw.githubusercontent.com/iampedii/whitedns-sub/refs/heads/main/base64.txt,532,ok,,False
2026-09-19 09:28:06,https://raw.githubusercontent.com/v2rayCrow/FreeConfig/main/359config%40v2rayCrow.txt,359,ok,,False
2026-09-19 09:28:06,https://raw.githubusercontent.com/ZY-404/v2ray/main/v2ray.txt,381,ok,,False
2026-09-19 09:28:06,https://raw.githubusercontent.com/arshiacomplus/v2rayExtractor/refs/heads/main/mix/sub.html,332,ok,,False
2026-09-19 09:28:06,https://raw.githubusercontent.com/SoliSpirit/SolVPN/main/Protocols/vless.txt,336,ok,,False
2026-09-19 09:28:06,https://raw.githubusercontent.com/SoliSpirit/SolVPN/main/Protocols/vless.txt,336,ok,,False
2026-09-19 09:28:06,https://raw.githubusercontent.com/imboys/proxyForClash/refs/heads/master/free%20proxy.yml,351,ok,,False
2026-09-19 09:28:06,https://raw.githubusercontent.com/v2rayCrow/FreeConfig/main/335config%40v2rayCrow.txt#v2rayCrow,335,ok,,False
2026-09-19 09:28:06,https://raw.githubusercontent.com/Jia-Pingwa/free-v2ray-merge/main/output.txt,329,ok,,False
2026-09-19 09:28:06,https://raw.githubusercontent.com/Epodonios/v2ray-configs/refs/heads/main/Splitted-By-Protocol/trojan.txt,345,ok,,False
2026-09-19 09:28:06,https://raw.githubusercontent.com/Leon406/SubCrawler/main/sub/share/v2,339,ok,,False
2026-09-19 09:28:06,https://raw.githubusercontent.com/sun9426/sun9426.github.io/main/subscribe/Clash.yaml,381,ok,,False
2026-09-19 09:28:06,https://subrostunnel.vercel.app/gen.txt,223,ok,,False
2026-09-19 09:28:06,https://raw.githubusercontent.com/Epodonios/v2ray-configs/main/Splitted-By-Protocol/trojan.txt,345,ok,,False
2026-09-19 09:28:06,https://raw.githubusercontent.com/amirkma/proxykma/refs/heads/main/mix.txt,299,ok,,False
2026-09-19 09:28:06,https://raw.githubusercontent.com/mraliasadi8831/Subscription-/main/profiles.txt,298,ok,,False
2026-09-19 09:28:06,https://raw.githubusercontent.com/amirkma/proxykma/refs/heads/main/mix.txt,299,ok,,False
2026-09-19 09:28:06,https://raw.githubusercontent.com/itsyebekhe/PSG/main/subscriptions/xray/mix.b64,323,ok,,False
2026-09-19 09:28:06,https://raw.githubusercontent.com/MatinGhanbari/v2ray-configs/main/subscriptions/filtered/subs/vless.txt,266,ok,,False
2026-09-19 09:28:06,https://raw.githubusercontent.com/iampedii/whitedns-sub/refs/heads/main/mihomo.yaml,449,ok,,False
2026-09-19 09:28:06,https://raw.githubusercontent.com/Hidashimora/free-vpn-anti-rkn/main/configs/20.txt,297,ok,,False
2026-09-19 09:28:06,https://raw.githubusercontent.com/Mohammadgb0078/IRV2ray/main/vless.txt,260,ok,,False
2026-09-19 09:28:06,https://raw.githubusercontent.com/iboxz/free-v2ray-collector/main/main/vless,274,ok,,False
2026-09-19 09:28:06,https://raw.githubusercontent.com/itsyebekhe/PSG/main/subscriptions/xray/vless.b64,278,ok,,False
2026-09-19 09:28:06,https://raw.githubusercontent.com/iampedii/whitedns-sub/refs/heads/main/base64.txt,532,ok,,False
2026-09-19 09:28:06,https://jiang.netlify.app,278,ok,,False
2026-09-19 09:28:06,https://raw.githubusercontent.com/245237866/v2rayn/main/everydaynode,281,ok,,False
2026-09-19 09:28:06,https://raw.githubusercontent.com/MahanKenway/Freedom-V2Ray/refs/heads/main/configs/trojan.txt,237,ok,,False
2026-09-19 09:28:06,https://raw.githubusercontent.com/ZywChannel/free/main/sub,232,ok,,False
2026-09-19 09:28:06,https://raw.githubusercontent.com/chfchf0306/jeidian4.18/main/4.18,232,ok,,False
2026-09-19 09:28:06,https://raw.githubusercontent.com/v2rayCrow/FreeConfig/refs/heads/main/215config%40v2rayCrow.txt#v2rayCrow,215,ok,,False
2026-09-19 09:28:06,https://raw.githubusercontent.com/4n0nymou3/multi-proxy-config-fetcher/refs/heads/main/configs/proxy_configs.txt?s=09#Anonymous-Multi,223,ok,,False
2026-09-19 09:28:06,https://node.freeclashnode.com/uploads/2026/07/0-20260717.txt,244,ok,,False
2026-09-19 09:28:06,https://raw.githubusercontent.com/ermaozi/get_subscribe/main/subscribe/v2ray.txt,195,ok,,False
2026-09-19 09:28:06,https://raw.githubusercontent.com/SANYIMOE/VPN-free/4cf1dfd9e9b1f612a60f8796f43ea17f2bca0727/conf/data.txt,211,ok,,False
2026-09-19 09:28:06,https://raw.githubusercontent.com/Epodonios/v2ray-configs/main/Splitted-By-Protocol/vmess.txt,218,ok,,False
2026-09-19 09:28:06,https://raw.githubusercontent.com/Epodonios/v2ray-configs/refs/heads/main/Splitted-By-Protocol/vmess.txt,218,ok,,False
2026-09-19 09:28:06,https://raw.githubusercontent.com/mahdibland/ShadowsocksAggregator/master/Eternity.txt,200,ok,,False
2026-09-19 09:28:06,http://weoknow.com/data/dayupdate/1/z1.txt,258,ok,,False
2026-09-19 09:28:06,https://raw.githubusercontent.com/therealaleph/Iran-configs/refs/heads/main/ir_configs.txt,217,ok,,False
2026-09-19 09:28:06,https://raw.githubusercontent.com/mahdibland/ShadowsocksAggregator/master/Eternity.txt,200,ok,,False
2026-09-19 09:28:06,https://raw.githubusercontent.com/vpei/free-node-1/main/o/proxies.txt,201,ok,,False
2026-09-19 09:28:06,https://raw.githubusercontent.com/YasserDivaR/pr0xy/main/ShadowSocks2021.txt,199,ok,,False
2026-09-19 09:28:06,https://raw.githubusercontent.com/ts-sf/fly/main/v2,201,ok,,False
2026-09-19 09:28:06,https://raw.githubusercontent.com/ts-sf/fly/main/v2,201,ok,,False
2026-09-19 09:28:06,https://raw.githubusercontent.com/kaoxindalao/v2raycheshi/main/v2raycheshi,199,ok,,False
2026-09-19 09:28:06,https://raw.githubusercontent.com/iampedii/whitedns-sub/refs/heads/main/mihomo.yaml,449,ok,,False
2026-09-19 09:28:06,https://raw.githubusercontent.com/amir-reza-bijandi/v2ray-configs/main/configs.txt,228,ok,,False
2026-09-19 09:28:06,https://raw.githubusercontent.com/itsyebekhe/PSG/main/subscriptions/xray/vless_ipv4.b64,192,ok,,False
2026-09-19 09:28:06,https://proxypool.link/clash/proxies,203,ok,,False
2026-09-19 09:28:06,https://raw.githubusercontent.com/ronghuaxueleng/get_v2/main/pub/combine.yaml,184,ok,,False
2026-09-19 09:28:06,https://node.freeclashnode.com/uploads/2026/07/2-20260717.txt,193,ok,,False
2026-09-19 09:28:06,https://raw.githubusercontent.com/dimzon/scaling-sniffle/main/by-country/NL.txt,178,ok,,False
2026-09-19 09:28:06,https://raw.githubusercontent.com/ermaozi/get_subscribe/main/subscribe/clash.yml,188,ok,,False
2026-09-19 09:28:06,https://raw.githubusercontent.com/ts-sf/fly/main/clash,200,ok,,False
2026-09-19 09:28:06,https://raw.githubusercontent.com/amir-reza-bijandi/v2ray-configs/main/configs.txt,228,ok,,False
2026-09-19 09:28:06,https://proxypool.link/clash/proxies,203,ok,,False
2026-09-19 09:28:06,https://raw.githubusercontent.com/ts-sf/fly/main/clash,200,ok,,False
2026-09-19 09:28:06,https://raw.githubusercontent.com/Barabama/FreeNodes/refs/heads/main/nodes/yudou66.txt,160,ok,,False
2026-09-19 09:28:06,https://raw.githubusercontent.com/itsyebekhe/PSG/main/lite/subscriptions/xray/mix.b64,163,ok,,False
2026-09-19 09:28:06,https://raw.githubusercontent.com/SANYIMOE/VPN-free/5b5c8c09aa665169692ffcb48fed7c786bf0e737/conf/data.txt,162,ok,,False
2026-09-19 09:28:06,https://raw.githubusercontent.com/xiyaowong/freeFQ/main/v2ray,165,ok,,False
2026-09-19 09:28:06,https://raw.githubusercontent.com/xiaoji235/airport-free/refs/heads/main/v2ray.txt,4233,ok,,False
2026-09-19 09:28:06,https://raw.githubusercontent.com/resasanian/Mirza/main/mirza-vmess.txt,167,ok,,False
2026-09-19 09:28:06,https://raw.githubusercontent.com/MahanKenway/Freedom-V2Ray/refs/heads/main/configs/vless.txt,151,ok,,False
2026-09-19 09:28:06,https://raw.githubusercontent.com/MahanKenway/Freedom-V2Ray/refs/heads/main/configs/vless.txt,151,ok,,False
2026-09-19 09:28:06,https://raw.githubusercontent.com/resasanian/Mirza/main/mirza-ssr.txt,158,ok,,False
2026-09-19 09:28:06,https://raw.githubusercontent.com/Barabama/FreeNodes/refs/heads/main/nodes/yudou66.yaml,157,ok,,False
2026-09-19 09:28:06,https://node.freeclashnode.com/uploads/2026/07/1-20260717.txt,151,ok,,False
2026-09-19 09:28:06,https://raw.githubusercontent.com/roosterkid/openproxylist/main/V2RAY_BASE64.txt?s=09#V2RAY_BASE64,150,ok,,False
2026-09-19 09:28:06,https://raw.githubusercontent.com/roosterkid/openproxylist/refs/heads/main/V2RAY_RAW.txt,150,ok,,False
2026-09-19 09:28:06,https://raw.githubusercontent.com/lflflf999/0516/main/BX-JD,149,ok,,False
2026-09-19 09:28:06,https://raw.githubusercontent.com/roosterkid/openproxylist/main/V2RAY_BASE64.txt?s=09#V2RAY_BASE64,150,ok,,False
2026-09-19 09:28:06,https://raw.githubusercontent.com/mosapase/v2ray-sub/refs/heads/main/sub.txt,147,ok,,False
2026-09-19 09:28:06,https://raw.githubusercontent.com/roosterkid/openproxylist/refs/heads/main/V2RAY_RAW.txt,150,ok,,False
2026-09-19 09:28:06,https://raw.githubusercontent.com/mosapase/v2ray-sub/refs/heads/main/sub.txt,147,ok,,False
2026-09-19 09:28:06,https://raw.githubusercontent.com/MahanKenway/Freedom-V2Ray/refs/heads/main/configs/ss.txt,135,ok,,False
2026-09-19 09:28:06,https://raw.githubusercontent.com/MahanKenway/Freedom-V2Ray/refs/heads/main/configs/ss.txt,135,ok,,False
2026-09-19 09:28:06,https://raw.githubusercontent.com/SANYIMOE/VPN-free/bfd7d84e84ef6fbbd89352dea17fdbcb8ac3e29a/conf/data.txt,147,ok,,False
2026-09-19 09:28:06,https://raw.githubusercontent.com/igareck/vpn-configs-for-russia/refs/heads/main/BLACK_VLESS_RUS_mobile.txt,148,ok,,False
2026-09-19 09:28:06,https://raw.githubusercontent.com/SoliSpirit/SolVPN/main/Protocols/shadowsocks.txt,143,ok,,False
2026-09-19 09:28:06,https://raw.githubusercontent.com/SoliSpirit/SolVPN/main/Protocols/shadowsocks.txt,143,ok,,False
2026-09-19 09:28:06,https://proxypool1999.banyunxiaoxi.icu/clash/proxies,140,ok,,False
2026-09-19 09:28:06,https://raw.githubusercontent.com/igareck/vpn-configs-for-russia/refs/heads/main/BLACK_VLESS_RUS_mobile.txt,148,ok,,False
2026-09-19 09:28:06,https://raw.githubusercontent.com/dimzon/scaling-sniffle/main/by-country/GB.txt,145,ok,,False
2026-09-19 09:28:06,https://raw.githubusercontent.com/itsyebekhe/PSG/main/lite/subscriptions/xray/vless.b64,138,ok,,False
2026-09-19 09:28:06,https://raw.githubusercontent.com/Huibq/TrojanLinks/master/links/temporary,137,ok,,False
2026-09-19 09:28:06,https://raw.githubusercontent.com/Ashkan-m/v2ray/refs/heads/main/Sub2.txt,128,ok,,False
2026-09-19 09:28:06,https://node.freeclashnode.com/uploads/2026/07/1-20260717.yaml,138,ok,,False
2026-09-19 09:28:06,https://proxypool1999.banyunxiaoxi.icu/clash/proxies,140,ok,,False
2026-09-19 09:28:06,https://raw.githubusercontent.com/peasoft/NoMoreWalls/refs/heads/master/list.txt,113,ok,,False
2026-09-19 09:28:06,https://raw.githubusercontent.com/Tenerome/v2ray/main/vmess.txt,119,ok,,False
2026-09-19 09:28:06,https://raw.githubusercontent.com/SANYIMOE/VPN-free/9ecbfd0efd89256e136f7b8c4558dc94fe1905af/conf/data.txt,111,ok,,False
2026-09-19 09:28:06,https://github.com/Tenerome/v2ray/raw/main/res/23-05/2023-05-12,113,ok,,False
2026-09-19 09:28:06,https://app.sublink.works/x/XUpeVWf,130,ok,,False
2026-09-19 09:28:06,https://raw.githubusercontent.com/SANYIMOE/VPN-free/6e93041767a76c3104062551b003f29ea55f584e/conf/data.txt,111,ok,,False
2026-09-19 09:28:06,https://raw.githubusercontent.com/Mosifree/-FREE2CONFIG/refs/heads/main/Reality,92,ok,,False
2026-09-19 09:28:06,https://gist.githubusercontent.com/lzj05/c7a3615e1fd9ccdd4a9a5caf853d6d54/raw/60226ff285d09851a345307b10c96ac8b14dfd82/all.yaml,124,ok,,False
2026-09-19 09:28:06,https://github.com/Tenerome/v2ray/raw/main/res/23-05/2023-05-13,119,ok,,False
2026-09-19 09:28:06,https://raw.githubusercontent.com/resasanian/Mirza/main/sub,106,ok,,False
2026-09-19 09:28:06,https://gist.githubusercontent.com/anaer/f0ba4dda0c0e106c9497bad193d9d3d9/raw/194f94b9349b2fafa7e02289eb9194c02ae190dc/All.yaml,156,ok,,False
2026-09-19 09:28:06,https://raw.githubusercontent.com/mermeroo/QuantumultX/refs/heads/main/Trojan.nodes,101,ok,,False
2026-09-19 09:28:06,https://raw.githubusercontent.com/resasanian/Mirza/main/mirza-all.txt,106,ok,,False
2026-09-19 09:28:06,https://raw.githubusercontent.com/JieErJingFu/FreeNodesV2RayorTrojan_20210113-/main/EncryptedFreeNodes.txt,94,ok,,False
2026-09-19 09:28:06,https://raw.githubusercontent.com/sakha1370/OpenRay/refs/heads/main/output_iran/iran_top100_checked.txt,100,ok,,False
2026-09-19 09:28:06,https://www.xrayvip.com/free.txt,105,ok,,False
2026-09-19 09:28:06,https://app.sublink.works/c/XUpeVWf,130,ok,,False
2026-09-19 09:28:06,https://raw.githubusercontent.com/itsyebekhe/PSG/main/lite/subscriptions/xray/vless_ipv4.b64,93,ok,,False
2026-09-19 09:28:06,https://raw.githubusercontent.com/caijh/FreeProxiesScraper/main/README.md,90,ok,,False
2026-09-19 09:28:06,https://raw.githubusercontent.com/adiwzx/freenode/main/adispeed.txt,89,ok,,False
2026-09-19 09:28:06,http://66.42.50.118:12580/clash/proxies,98,ok,,False
2026-09-19 09:28:06,https://raw.githubusercontent.com/Mosifree/-FREE2CONFIG/refs/heads/main/Clash_Reality,84,ok,,False
2026-09-19 09:28:06,https://raw.githubusercontent.com/itsyebekhe/PSG/main/subscriptions/xray/vless_domain.b64,87,ok,,False
2026-09-19 09:28:06,https://raw.githubusercontent.com/resasanian/Mirza/main/mirza-vless.txt,87,ok,,False
2026-09-19 09:28:06,https://raw.githubusercontent.com/danilog28/V2ray_Configs/refs/heads/main/V2rayMHMD_TI.txt,221,ok,,False
2026-09-19 09:28:06,https://raw.githubusercontent.com/SoliSpirit/SolVPN/main/Protocols/vmess.txt,76,ok,,False
2026-09-19 09:28:06,https://gist.githubusercontent.com/frederick1986/18134e1b4316a3257a9548bf678d6ac3/raw/72c4c85dd5aa07c091e5163598c83181cca99c59/mihomo.yaml,92,ok,,False
2026-09-19 09:28:06,https://raw.githubusercontent.com/v2rayCrow/Sub-Link-Output/main/all.txt#v2sourceALL,79,ok,,False
2026-09-19 09:28:06,https://raw.githubusercontent.com/SoliSpirit/SolVPN/main/Protocols/vmess.txt,76,ok,,False
2026-09-19 09:28:06,https://raw.githubusercontent.com/MhdiTaheri/V2rayCollector/main/sub/vmess,85,ok,,False
2026-09-19 09:28:06,http://66.42.50.118:12580/clash/proxies,98,ok,,False
2026-09-19 09:28:06,https://raw.githubusercontent.com/Creativveb/v2configs/main/updated,81,ok,,False
2026-09-19 09:28:06,https://raw.githubusercontent.com/SANYIMOE/VPN-free/master/sub,81,ok,,False
2026-09-19 09:28:06,https://raw.githubusercontent.com/Strongmiao168/v2ray/main/1203,80,ok,,False
2026-09-19 09:28:06,https://raw.githubusercontent.com/FNET00bot/FNET00/Config/Main,79,ok,,False
2026-09-19 09:28:06,https://raw.githubusercontent.com/sevcator/5ubscrpt10n/main/protocols/vl.txt,186573,ok,,False
2026-09-19 09:28:06,https://raw.githubusercontent.com/itxve/fetch-clash-node/main/node/ClashNode.yaml,92,ok,,False
2026-09-19 09:28:06,https://raw.githubusercontent.com/zieng2/wl/refs/heads/main/vless_universal.txt,132,ok,,False
2026-09-19 09:28:06,https://raw.githubusercontent.com/MrBihal/Channel-Hddify/refs/heads/main/PIZZA,71,ok,,False
2026-09-19 09:28:06,https://github.com/Kwinshadow/TelegramV2rayCollector/raw/main/sublinks/b64mix.txt,81,ok,,False
2026-09-19 09:28:06,https://raw.githubusercontent.com/zieng2/wl/main/vless_universal.txt,132,ok,,False
2026-09-19 09:28:06,https://raw.githubusercontent.com/sunshinehome/zidong/main/0627.yaml.txt,78,ok,,False
2026-09-19 09:28:06,https://raw.githubusercontent.com/w1770946466/Auto_proxy/main/Long_term_subscription3,71,ok,,False
2026-09-19 09:28:06,https://raw.githubusercontent.com/MhdiTaheri/V2rayCollector/main/sub/trojanbase64,65,ok,,False
2026-09-19 09:28:06,https://raw.githubusercontent.com/w1770946466/Auto_proxy/main/Long_term_subscription2,70,ok,,False
2026-09-19 09:28:06,https://raw.githubusercontent.com/fitexgit/v2raysub/refs/heads/main/sub.txt,64,ok,,False
2026-09-19 09:28:06,https://raw.githubusercontent.com/gtang8/SubCrawler/main/sub/share/all,67,ok,,False
2026-09-19 09:28:06,https://raw.githubusercontent.com/snakem982/proxypool/main/source/v2ray-2.txt,63,ok,,False
2026-09-19 09:28:06,https://raw.githubusercontent.com/snakem982/proxypool/main/source/v2ray-2.txt,63,ok,,False
2026-09-19 09:28:06,https://raw.githubusercontent.com/kevin-wud/v2ray-node/main/clash.yaml,75,ok,,False
2026-09-19 09:28:06,https://raw.githubusercontent.com/MrBihal/Channel-Hddify/refs/heads/main/GAME,61,ok,,False
2026-09-19 09:28:06,https://raw.githubusercontent.com/Surfboardv2ray/TGParse/main/python/hysteria2,44,ok,,False
2026-09-19 09:28:06,https://raw.githubusercontent.com/chongdong1230/dxz/main/clash,90,ok,,False
2026-09-19 09:28:06,https://raw.githubusercontent.com/MrBihal/Channel-Hddify/refs/heads/main/KING-NEW,60,ok,,False
2026-09-19 09:28:06,https://raw.githubusercontent.com/bingoYB/node_processing/main/dist/all.yaml,68,ok,,False
2026-09-19 09:28:06,https://raw.githubusercontent.com/moneyfly1/sublist/main/clash.yml,77,ok,,False
2026-09-19 09:28:06,https://raw.githubusercontent.com/Surfboardv2ray/TGParse/main/splitted/hysteria2,44,ok,,False
2026-09-19 09:28:06,https://github.com/Kwinshadow/TelegramV2rayCollector/raw/main/sublinks/b64vless.txt,62,ok,,False
2026-09-19 09:28:06,https://raw.githubusercontent.com/zjfb/SubCrawler/main/sub/share/all,47,ok,,False
2026-09-19 09:28:06,https://gist.githubusercontent.com/Mathdeep258/007cc1adcae763f9388259f71fea0b40/raw/cdd719e5815bed23c9c6be87e06ec4f53d369f25/all.yaml,54,ok,,False
2026-09-19 09:28:06,https://raw.githubusercontent.com/3inker/v2ray-subscription/refs/heads/main/subs/all_ru.txt,64,ok,,False
2026-09-19 09:28:06,https://raw.githubusercontent.com/hkaa0/permalink/e8f97142d083c0f5dac55af7b6531b300f273b4d/proxy/V2ray,53,ok,,False
2026-09-19 09:28:06,https://raw.githubusercontent.com/Ashkan-m/v2ray/main/Sub.txt,50,ok,,False
2026-09-19 09:28:06,https://raw.githubusercontent.com/Barabama/FreeNodes/refs/heads/main/nodes/clashmeta.yaml,63,ok,,False
2026-09-19 09:28:06,https://gist.githubusercontent.com/sucan2233/7c426c2d0494ce074d41852e509be155/raw/0ae6fa10d30d36e24eeb4f811f775c8ccac49c82/clash.yaml,50,ok,,False
2026-09-19 09:28:06,https://raw.githubusercontent.com/wrfree/free/refs/heads/main/v2,52,ok,,False
2026-09-19 09:28:06,https://raw.githubusercontent.com/renyige1314/CLASH/main/CLASH,60,ok,,False
2026-09-19 09:28:06,https://raw.githubusercontent.com/pojiezhiyuanjun/2023/master/0804clash.yml,75,ok,,False
2026-09-19 09:28:06,https://raw.githubusercontent.com/ssrsub/ssr/master/v2ray,50,ok,,False
2026-09-19 09:28:06,https://raw.githubusercontent.com/anorika77/v2ray-subscribe/main/README.md,72,ok,,False
2026-09-19 09:28:06,https://gh-proxy.com/raw.githubusercontent.com/ssrsub/ssr/master/v2ray,50,ok,,False
2026-09-19 09:28:06,https://raw.githubusercontent.com/SoliSpirit/SolVPN/main/Subscribes/sub3.txt,50,ok,,False
2026-09-19 09:28:06,https://raw.githubusercontent.com/Ashkan-m/v2ray/refs/heads/main/Sub.txt,50,ok,,False
2026-09-19 09:28:06,https://api.valconfig.com/sub/?access_key=2e7ecfe5bc1d8a0bbc4366b3d699829e,50,ok,,False
2026-09-19 09:28:06,https://raw.githubusercontent.com/SoliSpirit/SolVPN/main/Subscribes/sub2.txt,50,ok,,False
2026-09-19 09:28:06,https://raw.githubusercontent.com/SoliSpirit/SolVPN/main/Subscribes/sub4.txt,50,ok,,False
2026-09-19 09:28:06,https://raw.githubusercontent.com/SoliSpirit/SolVPN/main/Subscribes/sub8.txt,49,ok,,False
2026-09-19 09:28:06,https://raw.githubusercontent.com/SoliSpirit/SolVPN/main/Subscribes/sub10.txt,50,ok,,False
2026-09-19 09:28:06,https://raw.githubusercontent.com/SoliSpirit/SolVPN/main/Subscribes/sub5.txt,50,ok,,False
2026-09-19 09:28:06,https://raw.githubusercontent.com/SoliSpirit/SolVPN/main/Subscribes/sub6.txt,49,ok,,False
2026-09-19 09:28:06,https://github.com/LonUp/NodeList/raw/main/V2RAY/Latest_base64.txt,51,ok,,False
2026-09-19 09:28:06,https://raw.githubusercontent.com/igareck/vpn-configs-for-russia/refs/heads/main/Vless-Reality-White-Lists-Rus-Mobile.txt,71,ok,,False
2026-09-19 09:28:06,https://raw.githubusercontent.com/Rayan-Config/C-Sub/refs/heads/main/configs/proxy.txt,47,ok,,False
2026-09-19 09:28:06,https://raw.githubusercontent.com/ssrsub/ssr/master/clash.yaml,50,ok,,False
2026-09-19 09:28:06,https://raw.githubusercontent.com/SoliSpirit/SolVPN/main/Subscribes/sub9.txt,48,ok,,False
2026-09-19 09:28:06,https://raw.githubusercontent.com/SoliSpirit/SolVPN/main/Subscribes/sub7.txt,48,ok,,False
2026-09-19 09:28:06,https://raw.githubusercontent.com/awesome-vpn/awesome-vpn/master/all,47,ok,,False
2026-09-19 09:28:06,https://raw.githubusercontent.com/itsyebekhe/PSG/main/lite/subscriptions/xray/vless_domain.b64,46,ok,,False
2026-09-19 09:28:06,https://raw.githubusercontent.com/Mahdi0024/ProxyCollector/master/sub/proxies.txt#Proxy,101,ok,,False
2026-09-19 09:28:06,https://raw.githubusercontent.com/Mahdi0024/ProxyCollector/master/sub/proxies.txt,101,ok,,False
2026-09-19 09:28:06,https://raw.githubusercontent.com/Mahdi0024/ProxyCollector/refs/heads/master/sub/proxies.txt,101,ok,,False
2026-09-19 09:28:06,https://raw.githubusercontent.com/3inker/v2ray-subscription/refs/heads/main/subs/all_ru.txt,64,ok,,False
2026-09-19 09:28:06,https://raw.githubusercontent.com/Huibq/TrojanLinks/master/links/vmess,43,ok,,False
2026-09-19 09:28:06,https://raw.githubusercontent.com/v2rayCrow/Sub-Link-Output/main/sub.txt#v2sourceSUB,42,ok,,False
2026-09-19 09:28:06,https://raw.githubusercontent.com/Huibq/TrojanLinks/master/links/vmess#ignore=vmess,43,ok,,False
2026-09-19 09:28:06,https://raw.githubusercontent.com/codingbox/Free-Node-Merge/main/node.txt,44,ok,,False
2026-09-19 09:28:06,https://raw.githubusercontent.com/resasanian/Mirza/main/mirza-ss.txt,44,ok,,False
2026-09-19 09:28:06,https://raw.githubusercontent.com/Misaka-blog/chromego_merge/main/sub/merged_proxies_new.yaml,25,ok,,False
2026-09-19 09:28:06,https://iwxf.netlify.app,39,ok,,False
2026-09-19 09:28:06,https://raw.githubusercontent.com/tjyu010/jiedian/main/21,37,ok,,False
2026-09-19 09:28:06,https://raw.githubusercontent.com/jiquanxiang/abc/main/v7,42,ok,,False
2026-09-19 09:28:06,https://raw.githubusercontent.com/igareck/vpn-configs-for-russia/refs/heads/main/Vless-Reality-White-Lists-Rus-Mobile.txt,71,ok,,False
2026-09-19 09:28:06,https://raw.githubusercontent.com/yaney01/Yaney01/main/temporary,38,ok,,False
2026-09-19 09:28:06,https://app.sublink.works/x/Ulf04de,44,ok,,False
2026-09-19 09:28:06,https://raw.githubusercontent.com/69z1zfw2fly/fly/main/2.yaml,72,ok,,False
2026-09-19 09:28:06,https://raw.githubusercontent.com/Lewis-1217/FreeNodes/main/bpjzx1,33,ok,,False
2026-09-19 09:28:06,https://app.sublink.works/x/s0K7MCO,39,ok,,False
2026-09-19 09:28:06,https://raw.githubusercontent.com/Huibq/TrojanLinks/master/links/trojan,32,ok,,False
2026-09-19 09:28:06,https://raw.githubusercontent.com/hsb4657/v2ray/main/lastest.txt,32,ok,,False
2026-09-19 09:28:06,https://raw.githubusercontent.com/Mohammadgb0078/IRV2ray/main/vmess.txt,31,ok,,False
2026-09-19 09:28:06,https://raw.githubusercontent.com/itsyebekhe/PSG/main/subscriptions/xray/reality.b64,28,ok,,False
2026-09-19 09:28:06,https://raw.githubusercontent.com/MrPooyaX/VpnsFucking/refs/heads/main/BeVpn.txt,30,ok,,False
2026-09-19 09:28:06,https://raw.githubusercontent.com/du5/free/master/file/0909/Clash.yaml,34,ok,,False
2026-09-19 09:28:06,https://raw.githubusercontent.com/mermeroo/Loon/main/node%202,29,ok,,False
2026-09-19 09:28:06,https://raw.githubusercontent.com/MrBihal/Channel-Hddify/refs/heads/main/PIN,31,ok,,False
2026-09-19 09:28:06,https://raw.githubusercontent.com/yebekhe/vpn-fail/refs/heads/main/sub-link,30,ok,,False
2026-09-19 09:28:06,https://raw.githubusercontent.com/zieng2/wl/main/vless_universal.txt,132,ok,,False
2026-09-19 09:28:06,https://raw.githubusercontent.com/zieng2/wl/refs/heads/main/vless_universal.txt,132,ok,,False
2026-09-19 09:28:06,https://raw.githubusercontent.com/imohammadkhalili/V2RAY/main/Mkhalili,29,ok,,False
2026-09-19 09:28:06,https://raw.githubusercontent.com/Jason05211211/Freerocket/main/freessr,28,ok,,False
2026-09-19 09:28:06,https://raw.githubusercontent.com/SoliSpirit/SolVPN/main/Protocols/trojan.txt,21,ok,,False
2026-09-19 09:28:06,https://raw.githubusercontent.com/SoliSpirit/SolVPN/main/Protocols/trojan.txt,21,ok,,False
2026-09-19 09:28:06,https://raw.githubusercontent.com/SamanValipour1/My-v2ray-configs/main/MySub.txt,27,ok,,False
2026-09-19 09:28:06,https://raw.githubusercontent.com/yaney01/Yaney01/main/yaney_01,27,ok,,False
2026-09-19 09:28:06,https://raw.githubusercontent.com/SamanValipour1/My-v2ray-configs/refs/heads/main/MySub.txt,27,ok,,False
2026-09-19 09:28:06,https://raw.githubusercontent.com/iboxz/free-v2ray-collector/main/main/shadowsocks,21,ok,,False
2026-09-19 09:28:06,https://raw.githubusercontent.com/itsyebekhe/PSG/main/subscriptions/xray/reality_ipv4.b64,22,ok,,False
2026-09-19 09:28:06,https://raw.githubusercontent.com/Barabama/FreeNodes/refs/heads/main/nodes/nodefree.txt,23,ok,,False
2026-09-19 09:28:06,https://raw.githubusercontent.com/Barabama/FreeNodes/refs/heads/main/nodes/wenode.txt,23,ok,,False
2026-09-19 09:28:06,https://raw.githubusercontent.com/baipiao0/baipiao02/main/v2ray,23,ok,,False
2026-09-19 09:28:06,https://raw.githubusercontent.com/zjr13808836946/zjr_clash/main/V2_SSR_M,23,ok,,False
2026-09-19 09:28:06,https://raw.githubusercontent.com/Barabama/FreeNodes/refs/heads/main/nodes/v2rayshare.txt,23,ok,,False
2026-09-19 09:28:06,https://raw.githubusercontent.com/itsyebekhe/PSG/main/subscriptions/xray/vmess.b64,25,ok,,False
2026-09-19 09:28:06,https://raw.githubusercontent.com/Barabama/FreeNodes/refs/heads/main/nodes/nodefree.yaml,23,ok,,False
2026-09-19 09:28:06,https://raw.githubusercontent.com/peasoft/NoMoreWalls/master/list.yml,27,ok,,False
2026-09-19 09:28:06,https://ldgb.pages.dev/sub?token=5238141bc3daa773b225209767b9fb2c,33,ok,,False
2026-09-19 09:28:06,https://raw.githubusercontent.com/Surfboardv2ray/TGParse/main/python/hy2,19,ok,,False
2026-09-19 09:28:06,https://raw.githubusercontent.com/Surfboardv2ray/TGParse/main/splitted/hy2,19,ok,,False
2026-09-19 09:28:06,https://ldgb.pages.dev/sub?token=5238141bc3daa773b225209767b9fb2c,33,ok,,False
2026-09-19 09:28:06,https://raw.githubusercontent.com/itsyebekhe/PSG/main/subscriptions/clash/mix,24,ok,,False
2026-09-19 09:28:06,https://raw.githubusercontent.com/Huibq/TrojanLinks/master/links/vless,21,ok,,False
2026-09-19 09:28:06,https://raw.githubusercontent.com/Aricept094/hy2-subscription/main/sub.txt,20,ok,,False
2026-09-19 09:28:06,https://gist.githubusercontent.com/1009476063/98ee639023acbec7a4b086cc87cd2de7/raw/ac852bd0426d91a502b60292b7dfb343db3c8aff/anyun_clash.txt,20,ok,,False
2026-09-19 09:28:06,https://raw.githubusercontent.com/itsyebekhe/PSG/main/subscriptions/xray/ss.b64,21,ok,,False
2026-09-19 09:28:06,https://raw.githubusercontent.com/tony0392/clash/main/clash.yaml,26,ok,,False
2026-09-19 09:28:06,https://raw.githubusercontent.com/Pawdroid/Free-servers/main/sub,20,ok,,False
2026-09-19 09:28:06,https://raw.githubusercontent.com/nasheep/FreeNode/main/clash/PlayLab,25,ok,,False
2026-09-19 09:28:06,https://gist.githubusercontent.com/xhy1640/e77966488f1923874267dfb26316bedb/raw/5b3a7266f79cea04606418113936efca15c9cb52/proxies.yaml,20,ok,,False
2026-09-19 09:28:06,https://raw.githubusercontent.com/itsyebekhe/PSG/main/subscriptions/xray/ss_ipv4.b64,20,ok,,False
2026-09-19 09:28:06,https://raw.githubusercontent.com/gslege/CloudflareIP/refs/heads/main/Vless.txt,20,ok,,False
2026-09-19 09:28:06,https://raw.githubusercontent.com/MrPooyaX/VpnsFucking/main/Shenzo.txt,20,ok,,False
2026-09-19 09:28:06,https://raw.githubusercontent.com/Pawdroid/Free-servers/main/README.md,20,ok,,False
2026-09-19 09:28:06,https://gist.githubusercontent.com/December000/fd23d2530ffc29264297a5e687a79ecd/raw/5c8639badd0473da988b47249e0d9d923a4f39eb/all.yaml,20,ok,,False
2026-09-19 09:28:06,https://raw.githubusercontent.com/Huibq/TrojanLinks/master/links/ssr,20,ok,,False
2026-09-19 09:28:06,https://raw.githubusercontent.com/Barabama/FreeNodes/refs/heads/main/nodes/v2rayshare.yaml,20,ok,,False
2026-09-19 09:28:06,https://raw.githubusercontent.com/MrPooyaX/VpnsFucking/refs/heads/main/Shenzo.txt,20,ok,,False
2026-09-19 09:28:06,https://raw.githubusercontent.com/Barabama/FreeNodes/refs/heads/main/nodes/wenode.yaml,20,ok,,False
2026-09-19 09:28:06,https://muma16fx.netlify.app,20,ok,,False
2026-09-19 09:28:06,https://raw.githubusercontent.com/Pawdroid/Free-servers/main/README.md,20,ok,,False
2026-09-19 09:28:06,https://raw.githubusercontent.com/Pawdroid/Free-servers/main/sub,20,ok,,False
2026-09-19 09:28:06,https://raw.githubusercontent.com/gslege/CloudflareIP/refs/heads/main/Vless.txt,20,ok,,False
2026-09-19 09:28:06,https://raw.githubusercontent.com/shbioc/clash/main/aaa01.yaml,20,ok,,False
2026-09-19 09:28:06,https://raw.githubusercontent.com/amirparsaxs/V2rayy/refs/heads/main/Sub.text555,20,ok,,False
2026-09-19 09:28:06,https://raw.githubusercontent.com/pojiezhiyuanjun/freev2/master/20200808.txt,19,ok,,False
2026-09-19 09:28:06,https://raw.githubusercontent.com/dalazhi/v2ray/main/v2ray璁㈤槄,0,error,404 Client Error: Not Found for url: https://raw.githubusercontent.com/dalazhi/v2ray/main/v2ray%E7%92%81%E3%88%A4%E6%A7%84,False
2026-09-19 09:28:06,https://raw.githubusercontent.com/zhlx2835/freefq/main/v2,19,ok,,False
2026-09-19 09:28:06,https://raw.githubusercontent.com/mahsanet/MahsaFreeConfig/main/mtn/sub_1.txt,15,ok,,False
2026-09-19 09:28:06,https://raw.githubusercontent.com/mahsanet/MahsaFreeConfig/refs/heads/main/mtn/sub_1.txt,15,ok,,False
2026-09-19 09:28:06,https://raw.githubusercontent.com/ermaozi01/free_clash_vpn/main/subscribe/clash.yml,13,ok,,False
2026-09-19 09:28:06,https://raw.githubusercontent.com/dalazhi/v2ray/main/v2ray%E8%AE%A2%E9%98%85,18,ok,,False
2026-09-19 09:28:06,https://raw.githubusercontent.com/gitbigg/permalink/main/subscribe,17,ok,,False
2026-09-19 09:28:06,https://raw.githubusercontent.com/HakurouKen/free-node/main/public,17,ok,,False
2026-09-19 09:28:06,https://raw.githubusercontent.com/HakurouKen/free-node/refs/heads/main/public,17,ok,,False
2026-09-19 09:28:06,https://raw.githubusercontent.com/Barabama/FreeNodes/refs/heads/main/nodes/clashmeta.txt,16,ok,,False
2026-09-19 09:28:06,https://raw.githubusercontent.com/itsyebekhe/PSG/main/subscriptions/xray/vmess_domain.b64,17,ok,,False
2026-09-19 09:28:06,https://raw.githubusercontent.com/adminaliang/v2ray/main/v2ray,16,ok,,False
2026-09-19 09:28:06,https://raw.githubusercontent.com/ermaozi01/free_clash_vpn/main/subscribe/v2ray.txt,13,ok,,False
2026-09-19 09:28:06,https://raw.githubusercontent.com/itsyebekhe/PSG/main/lite/subscriptions/xray/vmess.b64,15,ok,,False
2026-09-19 09:28:06,https://raw.githubusercontent.com/misersun/config003/main/config_all.yaml,15,ok,,False
2026-09-19 09:28:06,https://raw.githubusercontent.com/liangbin-foxmail/cc-edtunnel/main/瑗跨摐浜慱clash.txt,0,error,404 Client Error: Not Found for url: https://raw.githubusercontent.com/liangbin-foxmail/cc-edtunnel/main/%E7%91%97%E8%B7%A8%E6%91%90%E6%B5%9C%E6%85%B1clash.txt,False
2026-09-19 09:28:06,https://raw.githubusercontent.com/adminaliang/v2ray/refs/heads/main/v2ray,16,ok,,False
2026-09-19 09:28:06,https://raw.githubusercontent.com/freefq/free/master/v2,15,ok,,False
2026-09-19 09:28:06,https://raw.githubusercontent.com/freefq/free/master/README.md,14,ok,,False
2026-09-19 09:28:06,https://raw.githubusercontent.com/RaymondHarris971/ssrsub/master/9a075bdee5.txt,15,ok,,False
2026-09-19 09:28:06,https://raw.githubusercontent.com/penhandev/AutoAiVPN/refs/heads/main/AtuoAiVPN.txt,15,ok,,False
2026-09-19 09:28:06,https://raw.githubusercontent.com/Huibq/TrojanLinks/master/links/ss_with_plugin,15,ok,,False
2026-09-19 09:28:06,https://raw.githubusercontent.com/BUTUbird/ClashPoint/main/application.yaml,16,ok,,False
2026-09-19 09:28:06,https://raw.githubusercontent.com/ripaojiedian/freenode/main/sub,14,ok,,False
2026-09-19 09:28:06,https://raw.githubusercontent.com/Barabama/FreeNodes/refs/heads/main/nodes/ndnode.txt,14,ok,,False
2026-09-19 09:28:06,https://cdn.tlsa.top/link/Bj4oyKPSkS0JSADgEuEhUcwOzFwA5cV0y2AL?clash=1,22,ok,,False
2026-09-19 09:28:06,https://raw.githubusercontent.com/baip01/clash/main/clash,18,ok,,False
2026-09-19 09:28:06,https://node.freeclashnode.com/uploads/2026/07/3-20260717.txt,14,ok,,False
2026-09-19 09:28:06,https://raw.githubusercontent.com/iboxz/free-v2ray-collector/main/main/trojan,22,ok,,False
2026-09-19 09:28:06,https://raw.githubusercontent.com/Huibq/TrojanLinks/master/links/ss,14,ok,,False
2026-09-19 09:28:06,https://raw.githubusercontent.com/mahsanet/MahsaFreeConfig/main/mtn/sub_1.txt,15,ok,,False
2026-09-19 09:28:06,https://raw.githubusercontent.com/hotsymbol/vpnsetting/master/v2rayopen,14,ok,,False
2026-09-19 09:28:06,https://raw.githubusercontent.com/mahsanet/MahsaFreeConfig/refs/heads/main/mtn/sub_1.txt,15,ok,,False
2026-09-19 09:28:06,https://raw.githubusercontent.com/Barabama/FreeNodes/refs/heads/main/nodes/nodev2ray.txt,13,ok,,False
2026-09-19 09:28:06,https://raw.githubusercontent.com/itsyebekhe/PSG/main/lite/subscriptions/xray/xhttp.b64,13,ok,,False
2026-09-19 09:28:06,https://raw.githubusercontent.com/Barabama/FreeNodes/refs/heads/main/nodes/ndnode.yaml,14,ok,,False
2026-09-19 09:28:06,https://raw.githubusercontent.com/MrPooyaX/SansorchiFucker/main/data.txt,13,ok,,False
2026-09-19 09:28:06,https://raw.githubusercontent.com/jikelonglie/meskell/main/meskell,12,ok,,False
2026-09-19 09:28:06,https://raw.githubusercontent.com/MrPooyaX/SansorchiFucker/refs/heads/main/data.txt,13,ok,,False
2026-09-19 09:28:06,https://raw.githubusercontent.com/MOnday9907/v2ray/main/v2ray.txt,12,ok,,False
2026-09-19 09:28:06,https://raw.githubusercontent.com/itsyebekhe/PSG/main/lite/subscriptions/xray/reality_ipv4.b64,9,ok,,False
2026-09-19 09:28:06,https://raw.githubusercontent.com/igeekshare/GeekshareFreeNode/main/clash/Geekshare.yaml,13,ok,,False
2026-09-19 09:28:06,https://raw.githubusercontent.com/itsyebekhe/PSG/main/lite/subscriptions/xray/vmess_domain.b64,12,ok,,False
2026-09-19 09:28:06,https://raw.githubusercontent.com/zhangkaiitugithub/passcro/main/speednodes.yaml,12,ok,,False
2026-09-19 09:28:06,https://raw.githubusercontent.com/voken100g/AutoSSR/master/recent,11,ok,,False
2026-09-19 09:28:06,https://raw.githubusercontent.com/misersun/config003/main/config_all_quest.yaml,11,ok,,False
2026-09-19 09:28:06,https://raw.githubusercontent.com/vxiaov/free_proxies/refs/heads/main/links.txt,10,ok,,False
2026-09-19 09:28:06,https://raw.githubusercontent.com/WLget/V2Ray_configs_64/refs/heads/master/ConfigSub_list.txt,6,ok,,False
2026-09-19 09:28:06,https://raw.githubusercontent.com/WLget/V2Ray_configs_64/refs/heads/master/ConfigSub_list.txt,6,ok,,False
2026-09-19 09:28:06,https://raw.githubusercontent.com/itsyebekhe/PSG/main/lite/subscriptions/xray/ss.b64,12,ok,,False
2026-09-19 09:28:06,https://raw.githubusercontent.com/vxiaov/free_proxies/main/links.txt,10,ok,,False
2026-09-19 09:28:06,https://raw.githubusercontent.com/mahsanet/MahsaFreeConfig/refs/heads/main/mci/sub_1.txt,9,ok,,False
2026-09-19 09:28:06,https://raw.githubusercontent.com/resasanian/Mirza/main/mirza-trojan.txt,11,ok,,False
2026-09-19 09:28:06,https://raw.githubusercontent.com/mahsanet/MahsaFreeConfig/main/mci/sub_1.txt,9,ok,,False
2026-09-19 09:28:06,https://raw.githubusercontent.com/xhmotor/V2rayn/main/v2rayn,9,ok,,False
2026-09-19 09:28:06,https://hyt-allen-xu.netlify.app,12,ok,,False
2026-09-19 09:28:06,https://raw.githubusercontent.com/itsyebekhe/PSG/main/lite/subscriptions/xray/xhttp_ipv4.b64,11,ok,,False
2026-09-19 09:28:06,https://raw.githubusercontent.com/learnhard-cn/free_proxy_ss/main/free,8,ok,,False
2026-09-19 09:28:06,https://raw.githubusercontent.com/mlabalabala/v2ray-node/main/nodefree4clash.txt,10,ok,,False
2026-09-19 09:28:06,https://raw.githubusercontent.com/voken100g/AutoSSR/master/online,8,ok,,False
2026-09-19 09:28:06,https://raw.githubusercontent.com/freessr0/FREE-SSR/master/V2ray_2020-05-02__18-54-50.txt,8,ok,,False
2026-09-19 09:28:06,https://raw.githubusercontent.com/freessr0/FREE-SSR/master/SSR_2020-05-01__23-15-45.txt,8,ok,,False
2026-09-19 09:28:06,https://raw.githubusercontent.com/freessr0/FREE-SSR/master/V2ray_2020-05-01__23-15-45.txt,8,ok,,False
2026-09-19 09:28:06,https://raw.githubusercontent.com/freessr0/FREE-SSR/master/SSR_2020-05-02__18-54-50.txt,8,ok,,False
2026-09-19 09:28:06,https://raw.githubusercontent.com/cdp2020/v2ray/master/README.md,7,ok,,False
2026-09-19 09:28:06,https://raw.githubusercontent.com/go4sharing/sub/main/sub.yaml,3,ok,,False
2026-09-19 09:28:06,https://github.com/theGreatPeter/v2rayNodes/raw/main/nodes.txt,11,ok,,False
2026-09-19 09:28:06,https://raw.githubusercontent.com/zhuhaiuk/free-nodes/main/nodes.txt,7,ok,,False
2026-09-19 09:28:06,https://raw.githubusercontent.com/itsyebekhe/PSG/main/subscriptions/xray/reality_domain.b64,7,ok,,False
2026-09-19 09:28:06,https://raw.githubusercontent.com/shuaidaoya/FreeNodes/refs/heads/main/nodes/base64.txt,7,ok,,False
2026-09-19 09:28:06,https://raw.githubusercontent.com/Lewis-1217/FreeNodes/main/bpjzx2,6,ok,,False
2026-09-19 09:28:06,https://raw.githubusercontent.com/itsyebekhe/PSG/main/subscriptions/xray/xhttp_domain.b64,3,ok,,False
2026-09-19 09:28:06,https://raw.githubusercontent.com/eycorsican/rule-sets/master/kitsunebi_sub,5,ok,,False
2026-09-19 09:28:06,https://raw.githubusercontent.com/MrAbolfazlNorouzi/iran-configs/refs/heads/main/configs/working-configs.txt,5,ok,,False
2026-09-19 09:28:06,https://vip-03.fl-sub.site:2096/sub/djMsNDc3Mjc1LDE3ODI2NjQwNDU9de4a6237f,8,ok,,False
2026-09-19 09:28:06,https://github.com/Kwinshadow/TelegramV2rayCollector/raw/main/sublinks/b64vmess.txt,8,ok,,False
2026-09-19 09:28:06,https://raw.githubusercontent.com/parsashonam/v2ray/main/all,5,ok,,False
2026-09-19 09:28:06,https://raw.githubusercontent.com/VpnNetwork01/vpn-net/main/README.md,5,ok,,False
2026-09-19 09:28:06,https://raw.githubusercontent.com/MrAbolfazlNorouzi/iran-configs/refs/heads/main/configs/working-configs.txt,5,ok,,False
2026-09-19 09:28:06,https://raw.githubusercontent.com/belaytzev/hysteria-checker/main/README.md,4,ok,,False
2026-09-19 09:28:06,https://github.com/Kwinshadow/TelegramV2rayCollector/raw/main/sublinks/b64trojan.txt,7,ok,,False
2026-09-19 09:28:06,https://raw.githubusercontent.com/freebaipiao/freebaipiao/main/jiassweetoy3.yaml,6,ok,,False
2026-09-19 09:28:06,https://raw.githubusercontent.com/itsyebekhe/PSG/main/lite/subscriptions/xray/vmess_ipv4.b64,4,ok,,False
2026-09-19 09:28:06,https://raw.githubusercontent.com/wrfree/free/refs/heads/main/ssr,4,ok,,False
2026-09-19 09:28:06,https://raw.githubusercontent.com/vxiaov/free_proxy_ss/main/v2ray/v2raysub,4,ok,,False
2026-09-19 09:28:06,https://raw.githubusercontent.com/vxiaov/free_proxy_ss/main/ss/sssub,4,ok,,False
2026-09-19 09:28:06,https://raw.githubusercontent.com/itsyebekhe/PSG/main/lite/subscriptions/xray/xhttp_domain.b64,3,ok,,False
2026-09-19 09:28:06,https://raw.githubusercontent.com/learnhard-cn/free_proxy_ss/main/ss/sssub,4,ok,,False
2026-09-19 09:28:06,https://raw.githubusercontent.com/learnhard-cn/free_proxy_ss/main/v2ray/v2raysub,4,ok,,False
2026-09-19 09:28:06,https://raw.githubusercontent.com/sh3d0ww02f/sh3d0ww02f.github.io/main/ssr.config,4,ok,,False
2026-09-19 09:28:06,https://raw.githubusercontent.com/zhlx2835/freefq/main/clash.yaml,19,ok,,False
2026-09-19 09:28:06,https://raw.githubusercontent.com/zhuhaiuk/free-nodes/main/nodes.txt,7,ok,,False
2026-09-19 09:28:06,https://raw.githubusercontent.com/huuthang799/vpn-hysteria2/main/sub.txt,3,ok,,False
2026-09-19 09:28:06,https://fforever.github.io/v2rayfree,4,ok,,False
2026-09-19 09:28:06,https://raw.githubusercontent.com/xLyouLx/Filter-duplicates-key/main/README.md,3,ok,,False
2026-09-19 09:28:06,https://gist.githubusercontent.com/Tdison/6b745663fd038e3c63e0880ecc652bcf/raw/b8815dcac62adf7ac0d286f9c675785975f84b29/all.yaml,3,ok,,False
2026-09-19 09:28:06,https://raw.githubusercontent.com/predatorray/shadowsocks-helm-chart/main/templates/NOTES.txt,3,ok,,False
2026-09-19 09:28:06,https://raw.githubusercontent.com/MhdiTaheri/V2rayCollector/main/sub/hysteriabase64,2,ok,,False
2026-09-19 09:28:06,https://raw.githubusercontent.com/MhdiTaheri/V2rayCollector/main/sub/tuicbase64,2,ok,,False
2026-09-19 09:28:06,https://raw.githubusercontent.com/IranianCypherpunks/Xray/refs/heads/main/Sub,2,ok,,False
2026-09-19 09:28:06,https://raw.githubusercontent.com/vxiaov/free_proxy_ss/main/ssr/ssrsub,2,ok,,False
2026-09-19 09:28:06,https://github.com/wrfree/free/raw/main/ssr,4,ok,,False
2026-09-19 09:28:06,https://github.com/Kwinshadow/TelegramV2rayCollector/raw/main/sublinks/b64ss.txt,4,ok,,False
2026-09-19 09:28:06,https://raw.githubusercontent.com/learnhard-cn/free_proxy_ss/main/ssr/ssrsub,2,ok,,False
2026-09-19 09:28:06,https://raw.githubusercontent.com/itsyebekhe/PSG/main/lite/subscriptions/xray/reality_domain.b64,5,ok,,False
2026-09-19 09:28:06,https://raw.githubusercontent.com/itsyebekhe/PSG/main/subscriptions/xray/ss_domain.b64,2,ok,,False
2026-09-19 09:28:06,https://raw.githubusercontent.com/IranianCypherpunks/Xray/main/Sub,2,ok,,False
2026-09-19 09:28:06,https://raw.githubusercontent.com/dream4network/telegram-configs-collector/main/protocols/reality,2,ok,,False
2026-09-19 09:28:06,https://raw.githubusercontent.com/dream4network/telegram-configs-collector/main/protocols/vmess,2,ok,,False
2026-09-19 09:28:06,https://raw.githubusercontent.com/itsyebekhe/PSG/main/subscriptions/xray/hy2.b64,2,ok,,False
2026-09-19 09:28:06,https://raw.githubusercontent.com/dream4network/telegram-configs-collector/main/protocols/tuic,2,ok,,False
2026-09-19 09:28:06,https://raw.githubusercontent.com/dream4network/telegram-configs-collector/main/subscribe/protocols/juicity,2,ok,,False
2026-09-19 09:28:06,https://raw.githubusercontent.com/dream4network/telegram-configs-collector/main/protocols/vless,2,ok,,False
2026-09-19 09:28:06,https://raw.githubusercontent.com/dream4network/telegram-configs-collector/main/protocols/vmess,2,ok,,False
2026-09-19 09:28:06,https://raw.githubusercontent.com/dream4network/telegram-configs-collector/main/protocols/hysteria,2,ok,,False
2026-09-19 09:28:06,https://raw.githubusercontent.com/dream4network/telegram-configs-collector/main/protocols/tuic,2,ok,,False
2026-09-19 09:28:06,https://raw.githubusercontent.com/dream4network/telegram-configs-collector/main/protocols/hysteria,2,ok,,False
2026-09-19 09:28:06,https://raw.githubusercontent.com/dream4network/telegram-configs-collector/main/subscribe/protocols/juicity,2,ok,,False
2026-09-19 09:28:06,https://raw.githubusercontent.com/dream4network/telegram-configs-collector/main/protocols/shadowsocks,2,ok,,False
2026-09-19 09:28:06,https://raw.githubusercontent.com/dream4network/telegram-configs-collector/main/protocols/vless,2,ok,,False
2026-09-19 09:28:06,https://raw.githubusercontent.com/dream4network/telegram-configs-collector/main/splitted/mixed,2,ok,,False
2026-09-19 09:28:06,https://raw.githubusercontent.com/dream4network/telegram-configs-collector/main/protocols/trojan,2,ok,,False
2026-09-19 09:28:06,https://raw.githubusercontent.com/dream4network/telegram-configs-collector/main/protocols/reality,2,ok,,False
2026-09-19 09:28:06,https://raw.githubusercontent.com/dream4network/telegram-configs-collector/main/splitted/mixed,2,ok,,False
2026-09-19 09:28:06,https://raw.githubusercontent.com/dream4network/telegram-configs-collector/main/protocols/trojan,2,ok,,False
2026-09-19 09:28:06,https://raw.githubusercontent.com/dream4network/telegram-configs-collector/main/protocols/shadowsocks,2,ok,,False
2026-09-19 09:28:06,https://raw.githubusercontent.com/masir-sefid/Sub/main/@Masir_Sefid.txt,1,ok,,False
2026-09-19 09:28:06,https://sub.scpnb.top/base64,1,ok,,False
2026-09-19 09:28:06,https://raw.githubusercontent.com/Surfboardv2ray/TGParse/main/python/hysteria,1,ok,,False
2026-09-19 09:28:06,https://raw.githubusercontent.com/Mr8AHAL/v2ray/main/SERVER.txt,1,ok,,False
2026-09-19 09:28:06,https://raw.githubusercontent.com/AzadNetCH/Clash/refs/heads/main/AzadNet_iOS.txt,1,ok,,False
2026-09-19 09:28:06,https://sub.diba.workers.dev,1,ok,,False
2026-09-19 09:28:06,https://raw.githubusercontent.com/itsyebekhe/PSG/main/subscriptions/xray/hy2_ipv4.b64,2,ok,,False
2026-09-19 09:28:06,https://v2ray.neocities.org/v2ray.txt,1,ok,,False
2026-09-19 09:28:06,https://gist.githubusercontent.com/donotletmedown-xz/1744bf224434d78ef7f47a2bf59e5860/raw/3ee2144572a2028eafd9ac636085fe8ddc0c60e8/clash_config.yaml,1,ok,,False
2026-09-19 09:28:06,https://raw.githubusercontent.com/gooooooooooooogle/Clash-Config/main/Clash.yaml,1,ok,,False
2026-09-19 09:28:06,https://qiaomenzhuanfx.netlify.app,1,ok,,False
2026-09-19 09:28:06,https://knjc.cfd/api/v1/client/subscribe?token=136a9b549bc24d8f2a68fb9bd3b893e4,1,ok,,False
2026-09-19 11:03:49,https://raw.githubusercontent.com/mermeroo/Loon/main/node,0,skipped,,True
2026-09-19 11:03:49,https://raw.githubusercontent.com/mermeroo/Loon/main/node%202,0,skipped,,True
2026-09-19 11:03:49,https://raw.githubusercontent.com/dimzon/scaling-sniffle/refs/heads/main/all-ip-resolve-sort.txt,3914,ok,,False
2026-09-19 11:03:49,https://raw.githubusercontent.com/dimzon/scaling-sniffle/refs/heads/main/all-domains-dedup-sort.txt,2859,ok,,False
2026-09-19 11:03:49,https://raw.githubusercontent.com/dimzon/scaling-sniffle/refs/heads/main/all-sort.txt,4301,ok,,False
2026-09-19 11:03:49,https://raw.githubusercontent.com/mermeroo/Loon/refs/heads/main/all.nodes.txt,0,skipped,,True
2026-09-19 11:03:49,https://raw.githubusercontent.com/barry-far/V2ray-Config/refs/heads/main/All_Configs_Sub.txt,5367,ok,,False
2026-09-19 11:03:49,https://raw.githubusercontent.com/gtang8/SubCrawler/main/sub/share/all,0,skipped,,True
2026-09-19 11:03:49,https://raw.githubusercontent.com/zjfb/SubCrawler/main/sub/share/all,0,skipped,,True
2026-09-19 11:03:49,https://raw.githubusercontent.com/mermeroo/QuantumultX/refs/heads/main/Trojan.nodes,0,skipped,,True
2026-09-19 11:03:49,https://raw.githubusercontent.com/mahdibland/ShadowsocksAggregator/master/sub/sub_merge.txt,0,skipped,,True
2026-09-19 11:03:49,https://raw.githubusercontent.com/mahdibland/V2RayAggregator/master/sub/sub_merge.txt,0,skipped,,True
2026-09-19 11:03:49,https://raw.githubusercontent.com/mermeroo/QX/refs/heads/main/Nodes,0,skipped,,True
2026-09-19 11:03:49,https://raw.githubusercontent.com/mermeroo/Clash-V2ray/main/v2ray,0,error,404 Client Error: Not Found for url: https://raw.githubusercontent.com/mermeroo/Clash-V2ray/main/v2ray,False
2026-09-19 11:03:49,https://raw.githubusercontent.com/VpnNetwork01/vpn-net/main/README.md,0,skipped,,True
2026-09-19 11:03:49,https://raw.githubusercontent.com/anorika77/v2ray-subscribe/main/README.md,0,skipped,,True
2026-09-19 11:03:49,https://raw.githubusercontent.com/cdp2020/v2ray/master/README.md,0,skipped,,True
2026-09-19 11:03:49,https://raw.githubusercontent.com/Pawdroid/Free-servers/refs/heads/main/README.md,20,ok,,False
2026-09-19 11:03:49,https://raw.githubusercontent.com/dimzon/scaling-sniffle/refs/heads/main/all-domains-sort.txt,3912,ok,,False
2026-09-19 11:03:49,https://raw.githubusercontent.com/freefq/free/master/README.md,0,skipped,,True
2026-09-19 11:03:49,https://raw.githubusercontent.com/caijh/FreeProxiesScraper/main/README.md,0,skipped,,True
2026-09-19 11:03:49,https://raw.githubusercontent.com/zzz6839/SubCrawler/main/sub/share/all,0,ok,,False
2026-09-19 11:03:49,https://raw.githubusercontent.com/QQnight/SubCrawler/main/sub/share/all,0,ok,,False
2026-09-19 11:03:49,https://raw.githubusercontent.com/rzhy1/11/master/sub/sub_merge_base64.txt,8055,ok,,False
2026-09-19 11:03:49,https://raw.githubusercontent.com/zhangkaiitugithub/passcro/main/speednodes.yaml,0,skipped,,True
2026-09-19 11:03:49,https://raw.githubusercontent.com/ermaozi01/free_clash_vpn/main/subscribe/clash.yml,19,ok,,False
2026-09-19 11:03:49,https://raw.githubusercontent.com/mahdibland/V2RayAggregator/refs/heads/master/Eternity.yml,201,ok,,False
2026-09-19 11:03:49,https://raw.githubusercontent.com/ermaozi/get_subscribe/main/subscribe/clash.yml,0,skipped,,True
2026-09-19 11:03:49,https://raw.githubusercontent.com/John19187/v2ray-SSR-Clash-Verge-Shadowrocke/refs/heads/main/README.md,42,ok,,False
2026-09-19 11:03:49,https://raw.githubusercontent.com/lcx12901/v2ray-/master/sspool.herokuapp.com/yzcloud.yaml,0,error,404 Client Error: Not Found for url: https://raw.githubusercontent.com/lcx12901/v2ray-/master/sspool.herokuapp.com/yzcloud.yaml,False
2026-09-19 11:03:49,https://raw.githubusercontent.com/lcx12901/v2ray-/master/sspool.herokuapp.com/yzcloud2.yaml,0,error,404 Client Error: Not Found for url: https://raw.githubusercontent.com/lcx12901/v2ray-/master/sspool.herokuapp.com/yzcloud2.yaml,False
2026-09-19 11:03:49,https://raw.githubusercontent.com/ronghuaxueleng/get_v2/main/pub/combine.yaml,0,skipped,,True
2026-09-19 11:03:49,https://raw.githubusercontent.com/barry-far/V2ray-Config/refs/heads/main/All_Configs_base64_Sub.txt,5367,ok,,False
2026-09-19 11:03:49,https://raw.githubusercontent.com/bingoYB/node_processing/main/dist/all.yaml,0,skipped,,True
2026-09-19 11:03:49,https://raw.githubusercontent.com/itxve/fetch-clash-node/main/node/ClashNode.yaml,0,skipped,,True
2026-09-19 11:03:49,https://raw.githubusercontent.com/sun9426/sun9426.github.io/main/subscribe/Clash.yaml,0,skipped,,True
2026-09-19 11:03:49,https://raw.githubusercontent.com/mheidari98/.proxy/main/all,0,skipped,,True
2026-09-19 11:03:49,https://raw.githubusercontent.com/obscure1990/freeVM/master/snippets/nodes.yml,0,error,404 Client Error: Not Found for url: https://raw.githubusercontent.com/obscure1990/freeVM/master/snippets/nodes.yml,False
2026-09-19 11:03:49,https://raw.githubusercontent.com/jw853355718/clash_233/master/config.yml,0,error,404 Client Error: Not Found for url: https://raw.githubusercontent.com/jw853355718/clash_233/master/config.yml,False
2026-09-19 11:03:49,https://raw.githubusercontent.com/BUTUbird/ClashPoint/main/application.yaml,0,skipped,,True
2026-09-19 11:03:49,https://raw.githubusercontent.com/YasserDivaR/pr0xy/main/winformClash.yaml,0,skipped,,True
2026-09-19 11:03:49,https://raw.githubusercontent.com/abshare/abshare.github.io/main/README.md,0,ok,,False
2026-09-19 11:03:49,https://raw.githubusercontent.com/du5/free/master/file/0909/Clash.yaml,0,skipped,,True
2026-09-19 11:03:49,https://raw.githubusercontent.com/learnhard-cn/free_proxy_ss/main/clash/config.yaml,0,error,404 Client Error: Not Found for url: https://raw.githubusercontent.com/learnhard-cn/free_proxy_ss/main/clash/config.yaml,False
2026-09-19 11:03:49,https://raw.githubusercontent.com/igeekshare/GeekshareFreeNode/main/clash/Geekshare.yaml,0,skipped,,True
2026-09-19 11:03:49,https://raw.githubusercontent.com/learnhard-cn/free_proxy_ss/main/clash/clash.provider.yaml,0,ok,,False
2026-09-19 11:03:49,https://raw.githubusercontent.com/kevin-wud/v2ray-node/main/clash.yaml,0,skipped,,True
2026-09-19 11:03:49,https://raw.githubusercontent.com/tony0392/clash/main/clash.yaml,0,skipped,,True
2026-09-19 11:03:49,https://raw.githubusercontent.com/nasheep/FreeNode/main/clash/PlayLab,0,skipped,,True
2026-09-19 11:03:49,https://raw.githubusercontent.com/oslook/clash-freenode/main/clash.yaml,0,error,404 Client Error: Not Found for url: https://raw.githubusercontent.com/oslook/clash-freenode/main/clash.yaml,False
2026-09-19 11:03:49,https://raw.githubusercontent.com/vpei/free-node-1/main/o/proxies.txt,0,skipped,,True
2026-09-19 11:03:49,https://raw.githubusercontent.com/Junely/clash/main/template3.yaml,0,skipped,,True
2026-09-19 11:03:49,https://raw.githubusercontent.com/misersun/config003/main/config_all.yaml,0,skipped,,True
2026-09-19 11:03:49,https://raw.githubusercontent.com/sh3d0ww02f/sh3d0ww02f.github.io/main/clash1.yaml,0,ok,,False
2026-09-19 11:03:49,https://raw.githubusercontent.com/misersun/config003/main/config_all_quest.yaml,0,skipped,,True
2026-09-19 11:03:49,https://raw.githubusercontent.com/Flik6/getNode/main/clash.yaml,0,ok,,False
2026-09-19 11:03:49,https://raw.githubusercontent.com/69z1zfw2fly/fly/main/2.yaml,0,skipped,,True
2026-09-19 11:03:49,https://raw.githubusercontent.com/Ruk1ng001/freeSub/main/clash.yaml,162,ok,,False
2026-09-19 11:03:49,https://raw.githubusercontent.com/renyige1314/CLASH/main/CLASH,0,skipped,,True
2026-09-19 11:03:49,https://raw.githubusercontent.com/anaer/Sub/main/clash.yaml,0,skipped,,True
2026-09-19 11:03:49,https://raw.githubusercontent.com/free18/v2ray/refs/heads/main/c.yaml,156,ok,,False
2026-09-19 11:03:49,https://raw.githubusercontent.com/9Fork/openit/main/Clash.yaml,0,error,404 Client Error: Not Found for url: https://raw.githubusercontent.com/9Fork/openit/main/Clash.yaml,False
2026-09-19 11:03:49,https://raw.githubusercontent.com/ssrsub/ssr/master/Clash.yml,0,error,404 Client Error: Not Found for url: https://raw.githubusercontent.com/ssrsub/ssr/master/Clash.yml,False
2026-09-19 11:03:49,https://raw.githubusercontent.com/zhlx2835/freefq/main/clash.yaml,0,skipped,,True
2026-09-19 11:03:49,https://raw.githubusercontent.com/ts-sf/fly/main/clash,0,skipped,,True
2026-09-19 11:03:49,https://raw.githubusercontent.com/shbioc/clash/main/aaa01.yaml,0,skipped,,True
2026-09-19 11:03:49,https://raw.githubusercontent.com/aiboboxx/clashfree/main/clash.yml,0,error,404 Client Error: Not Found for url: https://raw.githubusercontent.com/aiboboxx/clashfree/main/clash.yml,False
2026-09-19 11:03:49,https://raw.githubusercontent.com/chongdong1230/dxz/main/clash,0,skipped,,True
2026-09-19 11:03:49,https://raw.githubusercontent.com/baip01/clash/main/clash,0,skipped,,True
2026-09-19 11:03:49,https://raw.githubusercontent.com/hkaa0/permalink/main/proxy/clash,0,error,404 Client Error: Not Found for url: https://raw.githubusercontent.com/hkaa0/permalink/main/proxy/clash,False
2026-09-19 11:03:49,https://raw.githubusercontent.com/rxsweet/proxies/main/sub/free.yaml,0,error,404 Client Error: Not Found for url: https://raw.githubusercontent.com/rxsweet/proxies/main/sub/free.yaml,False
2026-09-19 11:03:49,https://raw.githubusercontent.com/rxsweet/proxies/main/sub/rx.yaml,0,error,404 Client Error: Not Found for url: https://raw.githubusercontent.com/rxsweet/proxies/main/sub/rx.yaml,False
2026-09-19 11:03:49,https://raw.githubusercontent.com/rxsweet/proxies/main/sub/sources/dynamicAll.yaml,0,error,404 Client Error: Not Found for url: https://raw.githubusercontent.com/rxsweet/proxies/main/sub/sources/dynamicAll.yaml,False
2026-09-19 11:03:49,https://raw.githubusercontent.com/rxsweet/proxies/main/sub/srx.yaml,0,error,404 Client Error: Not Found for url: https://raw.githubusercontent.com/rxsweet/proxies/main/sub/srx.yaml,False
2026-09-19 11:03:49,https://raw.githubusercontent.com/ljsshd/aggregator/main/data/clash.yaml,43,ok,,False
2026-09-19 11:03:49,https://raw.githubusercontent.com/rxsweet/proxies/main/sub/sources/miningAll.yaml,0,error,404 Client Error: Not Found for url: https://raw.githubusercontent.com/rxsweet/proxies/main/sub/sources/miningAll.yaml,False
2026-09-19 11:03:49,https://raw.githubusercontent.com/Barabama/FreeNodes/refs/heads/main/nodes/wenode.yaml,0,skipped,,True
2026-09-19 11:03:49,https://raw.githubusercontent.com/Barabama/FreeNodes/refs/heads/main/nodes/yudou66.yaml,0,skipped,,True
2026-09-19 11:03:49,https://raw.githubusercontent.com/imboys/proxyForClash/refs/heads/master/free%20proxy.yml,0,skipped,,True
2026-09-19 11:03:49,https://raw.githubusercontent.com/Barabama/FreeNodes/refs/heads/main/nodes/ndnode.yaml,0,skipped,,True
2026-09-19 11:03:49,https://raw.githubusercontent.com/parkerpa/zypjj/main/clash,0,ok,,False
2026-09-19 11:03:49,https://raw.githubusercontent.com/Barabama/FreeNodes/refs/heads/main/nodes/nodev2ray.yaml,0,ok,,False
2026-09-19 11:03:49,https://raw.githubusercontent.com/Barabama/FreeNodes/refs/heads/main/nodes/v2rayshare.yaml,0,skipped,,True
2026-09-19 11:03:49,https://raw.githubusercontent.com/Barabama/FreeNodes/refs/heads/main/nodes/nodefree.yaml,0,skipped,,True
2026-09-19 11:03:49,https://raw.githubusercontent.com/Q3dlaXpoaQ/V2rayN_Clash_Node_Getter/refs/heads/main/APIs/sc3.yaml,27,ok,,False
2026-09-19 11:03:49,https://raw.githubusercontent.com/Q3dlaXpoaQ/V2rayN_Clash_Node_Getter/refs/heads/main/APIs/sc4.yaml,0,ok,,False
2026-09-19 11:03:49,https://raw.githubusercontent.com/cxr9912/cxr2022/refs/heads/main/aaaaaaaa.yaml,0,error,404 Client Error: Not Found for url: https://raw.githubusercontent.com/cxr9912/cxr2022/refs/heads/main/aaaaaaaa.yaml,False
2026-09-19 11:03:49,https://raw.githubusercontent.com/cxr9912/cxr2022/refs/heads/main/free.yaml,0,error,404 Client Error: Not Found for url: https://raw.githubusercontent.com/cxr9912/cxr2022/refs/heads/main/free.yaml,False
2026-09-19 11:03:49,https://raw.githubusercontent.com/cxr9912/cxr2022/refs/heads/main/18cj.json,0,error,404 Client Error: Not Found for url: https://raw.githubusercontent.com/cxr9912/cxr2022/refs/heads/main/18cj.json,False
2026-09-19 11:03:49,https://raw.githubusercontent.com/cxr9912/cxr2022/main/ss.yaml,0,error,404 Client Error: Not Found for url: https://raw.githubusercontent.com/cxr9912/cxr2022/main/ss.yaml,False
2026-09-19 11:03:49,https://raw.githubusercontent.com/Q3dlaXpoaQ/V2rayN_Clash_Node_Getter/refs/heads/main/APIs/sc1.yaml,121,ok,,False
2026-09-19 11:03:49,https://raw.githubusercontent.com/cxr9912/cxr2022/main/ssr.yaml,0,error,404 Client Error: Not Found for url: https://raw.githubusercontent.com/cxr9912/cxr2022/main/ssr.yaml,False
2026-09-19 11:03:49,https://raw.githubusercontent.com/cxr9912/cxr2022/main/free.yaml,0,error,404 Client Error: Not Found for url: https://raw.githubusercontent.com/cxr9912/cxr2022/main/free.yaml,False
2026-09-19 11:03:49,https://raw.githubusercontent.com/Q3dlaXpoaQ/V2rayN_Clash_Node_Getter/refs/heads/main/APIs/sc0.yaml,239,ok,,False
2026-09-19 11:03:49,https://raw.githubusercontent.com/cxr9912/cxr2022/main/vmess.yaml,0,error,404 Client Error: Not Found for url: https://raw.githubusercontent.com/cxr9912/cxr2022/main/vmess.yaml,False
2026-09-19 11:03:49,https://raw.githubusercontent.com/Q3dlaXpoaQ/V2rayN_Clash_Node_Getter/refs/heads/main/APIs/sc2.yaml,105,ok,,False
2026-09-19 11:03:49,https://raw.githubusercontent.com/Barabama/FreeNodes/refs/heads/main/nodes/clashmeta.yaml,0,skipped,,True
2026-09-19 11:03:49,https://raw.githubusercontent.com/freenodes/freenodes/main/clash.yaml,0,ok,,False
2026-09-19 11:03:49,https://raw.githubusercontent.com/cxr9912/cxr2022/main/mix.yaml,0,error,404 Client Error: Not Found for url: https://raw.githubusercontent.com/cxr9912/cxr2022/main/mix.yaml,False
2026-09-19 11:03:49,https://raw.githubusercontent.com/ssrsub/ssr/refs/heads/master/clash.yaml,50,ok,,False
2026-09-19 11:03:49,https://raw.githubusercontent.com/wenxig/free-nodes-sub/refs/heads/main/data/sub.yaml,20,ok,,False
2026-09-19 11:03:49,https://raw.githubusercontent.com/oversizexl/FreeSubsCheck/main/all.yaml,71,ok,,False
2026-09-19 11:03:49,https://raw.githubusercontent.com/anaer/Sub/refs/heads/main/clash.yaml,566,ok,,False
2026-09-19 11:03:49,https://raw.githubusercontent.com/leetomlee123/freenode/refs/heads/main/README.md,0,ok,,False
2026-09-19 11:03:49,https://raw.githubusercontent.com/oversizexl/FreeSubsCheck/main/mihomo.yaml,71,ok,,False
2026-09-19 11:03:49,https://raw.githubusercontent.com/gooooooooooooogle/Clash-Config/main/Clash.yaml,0,skipped,,True
2026-09-19 11:03:49,https://raw.githubusercontent.com/itsyebekhe/PSG/main/subscriptions/clash/mix,24,ok,,False
2026-09-19 11:03:49,https://raw.githubusercontent.com/freebaipiao/freebaipiao/main/jiassweetoy3.yaml,0,skipped,,True
2026-09-19 11:03:49,https://raw.githubusercontent.com/vxiaov/free_proxies/main/clash/clash.provider.yaml,26,ok,,False
2026-09-19 11:03:49,https://raw.githubusercontent.com/moneyfly1/sublist/main/clash.yml,0,skipped,,True
2026-09-19 11:03:49,https://raw.githubusercontent.com/pojiezhiyuanjun/2023/master/0804clash.yml,0,skipped,,True
2026-09-19 11:03:49,https://raw.githubusercontent.com/peasoft/NoMoreWalls/master/list.yml,0,skipped,,True
2026-09-19 11:03:49,https://raw.githubusercontent.com/NiceVPN123/NiceVPN/main/Clash.yaml,0,skipped,,True
2026-09-19 11:03:49,https://raw.githubusercontent.com/chfchf0306/clash/main/clash,0,ok,,False
2026-09-19 11:03:49,https://raw.githubusercontent.com/harrylisen/aggregator/main/aggregate/data/proxies.yaml,117,ok,,False
2026-09-19 11:03:49,https://raw.githubusercontent.com/MrMohebi/xray-proxy-grabber-telegram/master/collected-proxies/clash-meta/all.yaml,0,error,404 Client Error: Not Found for url: https://raw.githubusercontent.com/MrMohebi/xray-proxy-grabber-telegram/master/collected-proxies/clash-meta/all.yaml,False
2026-09-19 11:03:49,https://raw.githubusercontent.com/Misaka-blog/chromego_merge/main/sub/merged_proxies_new.yaml,43,ok,,False
2026-09-19 11:03:49,https://raw.githubusercontent.com/cbusifabcap/daily_free_vpn/refs/heads/main/sub/sub.yml,5023,ok,,False
2026-09-19 11:03:49,https://raw.githubusercontent.com/mlabalabala/v2ray-node/main/nodefree4clash.txt,0,skipped,,True
2026-09-19 11:03:49,https://raw.githubusercontent.com/Leon406/jsdelivr/master/subscribe/subpools,40,ok,,False
2026-09-19 11:03:49,https://raw.githubusercontent.com/hello-world-1989/cn-news/refs/heads/main/clash.yaml,2,ok,,False
2026-09-19 11:03:49,https://raw.githubusercontent.com/0xRadikal/Free-v2ray-Configs/main/light/clash.yaml,2673,ok,,False
2026-09-19 11:03:49,https://raw.githubusercontent.com/ggborr/FREEE-VPN/refs/heads/main/5CL,0,error,404 Client Error: Not Found for url: https://raw.githubusercontent.com/ggborr/FREEE-VPN/refs/heads/main/5CL,False
2026-09-19 11:03:49,https://raw.githubusercontent.com/10ium/free-config/refs/heads/main/free-mihomo-sub/MahsaNetConfigTopic.yaml,0,ok,,False
2026-09-19 11:03:49,https://bitbucket.org/huwo1/proxy_nodes/raw/f31ca9ec67b84071515729ff45b011b6b09c10f2/clash.yaml,0,error,404 Client Error: Not Found for url: https://bitbucket.org/huwo1/proxy_nodes/raw/f31ca9ec67b84071515729ff45b011b6b09c10f2/clash.yaml,False
2026-09-19 11:03:49,https://raw.githubusercontent.com/10ium/MihomoSaz/main/Sublist/amin_o__o_bitplatform.yaml,0,ok,,False
2026-09-19 11:03:49,https://raw.githubusercontent.com/10ium/MihomoSaz/main/Sublist/MatinGhanbari_v2ray-configs-super-sub.yaml,0,ok,,False
2026-09-19 11:03:49,https://raw.githubusercontent.com/10ium/MihomoSaz/main/Sublist/ainita.yaml,0,ok,,False
2026-09-19 11:03:49,https://raw.githubusercontent.com/10ium/MihomoSaz/main/Sublist/66.42.50.118.yaml,0,ok,,False
2026-09-19 11:03:49,https://raw.githubusercontent.com/10ium/MihomoSaz/main/Sublist/ebrasha/lite.yaml,0,ok,,False
2026-09-19 11:03:49,https://raw.githubusercontent.com/10ium/MihomoSaz/main/Sublist/FreedomGuard/Finder_configs.yaml,0,ok,,False
2026-09-19 11:03:49,https://raw.githubusercontent.com/10ium/MihomoSaz/main/Sublist/hamedp-71/Sub_Checker_Creator_final.yaml,0,ok,,False
2026-09-19 11:03:49,https://raw.githubusercontent.com/10ium/MihomoSaz/main/Sublist/hamedp-71/Trojan_hp.yaml,0,ok,,False
2026-09-19 11:03:49,https://raw.githubusercontent.com/10ium/MihomoSaz/main/Sublist/Barabama/clashmeta.yaml,0,ok,,False
2026-09-19 11:03:49,https://freevpnspy.githubrowcontent.com/2024/08/20240802_vless.yaml,0,error,"HTTPSConnectionPool(host='freevpnspy.githubrowcontent.com', port=443): Max retries exceeded with url: /2024/08/20240802_vless.yaml (Caused by NameResolutionError(""HTTPSConnection(host='freevpnspy.githubrowcontent.com', port=443): Failed to resolve 'freevpnspy.githubrowcontent.com' ([Errno -2] Name or service not known)""))",False
2026-09-19 11:03:49,https://freevpnspy.githubrowcontent.com/2024/08/20240802_novless.yaml,0,error,"HTTPSConnectionPool(host='freevpnspy.githubrowcontent.com', port=443): Max retries exceeded with url: /2024/08/20240802_novless.yaml (Caused by NameResolutionError(""HTTPSConnection(host='freevpnspy.githubrowcontent.com', port=443): Failed to resolve 'freevpnspy.githubrowcontent.com' ([Errno -2] Name or service not known)""))",False
2026-09-19 11:03:49,https://github.com/NiREvil/vless/blob/main/sub/clash-meta.yml,0,error,429 Client Error: Too Many Requests for url: https://github.com/NiREvil/vless/blob/main/sub/clash-meta.yml,False
2026-09-19 11:03:49,https://github.com/mahdibland/V2RayAggregator/raw/master/sub/sub_merge_yaml.yml,0,skipped,,True
2026-09-19 11:03:49,https://github.com/vxiaov/free_proxy_ss/raw/main/clash/clash.provider.yaml,0,ok,,False
2026-09-19 11:03:49,https://github.com/mermeroo/V2RAY-FREE/raw/main/Base64/Sub4_base64.txt,0,error,404 Client Error: Not Found for url: https://github.com/mermeroo/V2RAY-FREE/raw/main/Base64/Sub4_base64.txt,False
2026-09-19 11:03:49,https://raw.githubusercontent.com/10ium/free-config/refs/heads/main/dnsforgame/shecan.yml,0,ok,,False
2026-09-19 11:03:49,https://github.com/MrMohebi/xray-proxy-grabber-telegram/raw/master/collected-proxies/clash-meta/all.yaml,0,error,404 Client Error: Not Found for url: https://github.com/MrMohebi/video-payer/raw/master/collected-proxies/clash-meta/all.yaml,False
2026-09-19 11:03:49,https://github.com/mermeroo/V2RAY-FREE/raw/main/Base64/Sub3_base64.txt,0,error,404 Client Error: Not Found for url: https://github.com/mermeroo/V2RAY-FREE/raw/main/Base64/Sub3_base64.txt,False
2026-09-19 11:03:49,https://github.com/mermeroo/V2RAY-FREE/raw/main/Base64/Sub1_base64.txt,0,error,404 Client Error: Not Found for url: https://github.com/mermeroo/V2RAY-FREE/raw/main/Base64/Sub1_base64.txt,False
2026-09-19 11:03:49,https://github.com/mermeroo/V2RAY-FREE/raw/main/Base64/Sub2_base64.txt,0,error,404 Client Error: Not Found for url: https://github.com/mermeroo/V2RAY-FREE/raw/main/Base64/Sub2_base64.txt,False
2026-09-19 11:03:49,https://raw.githubusercontent.com/mermeroo/free-v2ray-collector/main/main/trojan,0,error,404 Client Error: Not Found for url: https://raw.githubusercontent.com/mermeroo/free-v2ray-collector/main/main/trojan,False
2026-09-19 11:03:49,https://raw.githubusercontent.com/mermeroo/free-v2ray-collector/main/main/mix,0,error,404 Client Error: Not Found for url: https://raw.githubusercontent.com/mermeroo/free-v2ray-collector/main/main/mix,False
2026-09-19 11:03:49,https://raw.githubusercontent.com/mermeroo/free-v2ray-collector/main/main/shadowsocks,0,error,404 Client Error: Not Found for url: https://raw.githubusercontent.com/mermeroo/free-v2ray-collector/main/main/shadowsocks,False
2026-09-19 11:03:49,https://raw.githubusercontent.com/mermeroo/free-v2ray-collector/main/main/reality,0,error,404 Client Error: Not Found for url: https://raw.githubusercontent.com/mermeroo/free-v2ray-collector/main/main/reality,False
2026-09-19 11:03:49,https://github.com/mermeroo/V2RAY-FREE/raw/main/Base64/Sub5_base64.txt,0,error,404 Client Error: Not Found for url: https://github.com/mermeroo/V2RAY-FREE/raw/main/Base64/Sub5_base64.txt,False
2026-09-19 11:03:49,https://raw.githubusercontent.com/AzadNetCH/Clash/refs/heads/main/AzadNet_iOS.txt,0,skipped,,True
2026-09-19 11:03:49,https://raw.githubusercontent.com/mermeroo/free-v2ray-collector/main/main/vless,0,error,404 Client Error: Not Found for url: https://raw.githubusercontent.com/mermeroo/free-v2ray-collector/main/main/vless,False
2026-09-19 11:03:49,https://raw.githubusercontent.com/mermeroo/free-v2ray-collector/main/main/vmess,0,error,404 Client Error: Not Found for url: https://raw.githubusercontent.com/mermeroo/free-v2ray-collector/main/main/vmess,False
2026-09-19 11:03:49,https://raw.githubusercontent.com/hotsymbol/vpnsetting/master/v2rayopen,0,skipped,,True
2026-09-19 11:03:49,https://raw.githubusercontent.com/ermaozi01/free_clash_vpn/main/subscribe/v2ray.txt,20,ok,,False
2026-09-19 11:03:49,https://github.com/mermeroo/V2RAY-FREE/raw/main/All_Configs_base64_Sub.txt,0,error,404 Client Error: Not Found for url: https://github.com/mermeroo/V2RAY-FREE/raw/main/All_Configs_base64_Sub.txt,False
2026-09-19 11:03:49,https://github.com/LonUp/NodeList/raw/main/Clash/Node/Latest.yaml,0,skipped,,True
2026-09-19 11:03:49,https://raw.githubusercontent.com/pojiezhiyuanjun/freev2/master/20200808.txt,0,skipped,,True
2026-09-19 11:03:49,https://github.com/mermeroo/telegram-configs-collector/raw/main/protocols/juicity,0,error,404 Client Error: Not Found for url: https://github.com/mermeroo/telegram-configs-collector/raw/main/protocols/juicity,False
2026-09-19 11:03:49,https://raw.githubusercontent.com/a2470982985/getNode/main/v2ray.txt,0,ok,,False
2026-09-19 11:03:49,https://github.com/mermeroo/telegram-configs-collector/raw/main/protocols/hysteria,0,error,404 Client Error: Not Found for url: https://github.com/mermeroo/telegram-configs-collector/raw/main/protocols/hysteria,False
2026-09-19 11:03:49,https://raw.githubusercontent.com/Mr8AHAL/v2ray/main/SERVER.txt,0,skipped,,True
2026-09-19 11:03:49,https://github.com/mermeroo/telegram-configs-collector/raw/main/protocols/tuic,0,error,404 Client Error: Not Found for url: https://github.com/mermeroo/telegram-configs-collector/raw/main/protocols/tuic,False
2026-09-19 11:03:49,https://raw.githubusercontent.com/Tenerome/v2ray/main/vmess.txt,0,skipped,,True
2026-09-19 11:03:49,https://raw.githubusercontent.com/w1770946466/Auto_proxy/main/Long_term_subscription_num,0,skipped,,True
2026-09-19 11:03:49,https://raw.githubusercontent.com/yaney01/Yaney01/main/yaney_01,0,skipped,,True
2026-09-19 11:03:49,https://raw.githubusercontent.com/Jason05211211/Freerocket/main/freessr,0,skipped,,True
2026-09-19 11:03:49,https://raw.githubusercontent.com/Leon406/SubCrawler/refs/heads/main/sub/share/a11,73,ok,,False
2026-09-19 11:03:49,https://raw.githubusercontent.com/adiwzx/freenode/main/adispeed.txt,0,skipped,,True
2026-09-19 11:03:49,https://raw.githubusercontent.com/zhlx2835/freefq/main/v2,0,skipped,,True
2026-09-19 11:03:49,https://raw.githubusercontent.com/jiquanxiang/abc/main/v7,0,skipped,,True
2026-09-19 11:03:49,https://raw.githubusercontent.com/yaney01/Yaney01/main/temporary,0,skipped,,True
2026-09-19 11:03:49,https://raw.githubusercontent.com/sami-soft/v2rayN_proxy/main/new1.txt,0,skipped,,True
2026-09-19 11:03:49,https://github.com/Au1rxx/free-vpn-subscriptions/raw/main/output/clash.yaml,1059,ok,,False
2026-09-19 11:03:49,https://raw.githubusercontent.com/zjr13808836946/zjr_clash/main/V2_SSR_M,0,skipped,,True
2026-09-19 11:03:49,https://raw.githubusercontent.com/ZY-404/v2ray/main/v2ray.txt,0,skipped,,True
2026-09-19 11:03:49,https://raw.githubusercontent.com/ZywChannel/free/main/sub,0,skipped,,True
2026-09-19 11:03:49,https://raw.githubusercontent.com/baipiao0/baipiao02/main/v2ray,0,skipped,,True
2026-09-19 11:03:49,https://raw.githubusercontent.com/codingbox/Free-Node-Merge/main/node.txt,0,skipped,,True
2026-09-19 11:03:49,https://raw.githubusercontent.com/cxr9912/cxr2022/refs/heads/main/ss2088.txt,0,error,404 Client Error: Not Found for url: https://raw.githubusercontent.com/cxr9912/cxr2022/refs/heads/main/ss2088.txt,False
2026-09-19 11:03:49,https://raw.githubusercontent.com/Creativveb/v2configs/main/updated,0,skipped,,True
2026-09-19 11:03:49,https://raw.githubusercontent.com/relcom/ssr_subscrible_tool/refs/heads/master/node.txt,33,ok,,False
2026-09-19 11:03:49,https://raw.githubusercontent.com/hsb4657/v2ray/main/lastest.txt,0,skipped,,True
2026-09-19 11:03:49,https://raw.githubusercontent.com/245237866/v2rayn/main/everydaynode,0,skipped,,True
2026-09-19 11:03:49,https://raw.githubusercontent.com/Jia-Pingwa/free-v2ray-merge/main/output.txt,0,skipped,,True
2026-09-19 11:03:49,https://raw.githubusercontent.com/eycorsican/rule-sets/master/kitsunebi_sub,0,skipped,,True
2026-09-19 11:03:49,https://raw.githubusercontent.com/dalazhi/v2ray/main/v2ray%E8%AE%A2%E9%98%85,0,skipped,,True
2026-09-19 11:03:49,https://raw.githubusercontent.com/lisylva-lee/v2dyku/main/ssr,0,error,404 Client Error: Not Found for url: https://raw.githubusercontent.com/lisylva-lee/v2dyku/main/ssr,False
2026-09-19 11:03:49,https://raw.githubusercontent.com/imohammadkhalili/V2RAY/main/Mkhalili,0,skipped,,True
2026-09-19 11:03:49,https://raw.githubusercontent.com/iwxf/free-v2ray/master/index.html,0,ok,,False
2026-09-19 11:03:49,https://raw.githubusercontent.com/lisylva-lee/v2dyku/main/v2dy,0,error,404 Client Error: Not Found for url: https://raw.githubusercontent.com/lisylva-lee/v2dyku/main/v2dy,False
2026-09-19 11:03:49,https://raw.githubusercontent.com/adminaliang/v2ray/main/v2ray,0,skipped,,True
2026-09-19 11:03:49,https://raw.githubusercontent.com/jikelonglie/meskell/main/meskell,0,skipped,,True
2026-09-19 11:03:49,https://raw.githubusercontent.com/ripaojiedian/freenode/main/sub,0,skipped,,True
2026-09-19 11:03:49,https://raw.githubusercontent.com/gitbigg/permalink/main/subscribe,0,skipped,,True
2026-09-19 11:03:49,https://raw.githubusercontent.com/aiboboxx/v2rayfree/main/v2,0,error,404 Client Error: Not Found for url: https://raw.githubusercontent.com/aiboboxx/v2rayfree/main/v2,False
2026-09-19 11:03:49,https://raw.githubusercontent.com/voken100g/AutoSSR/master/recent,0,skipped,,True
2026-09-19 11:03:49,https://raw.githubusercontent.com/snakem982/proxypool/main/source/v2ray-2.txt,0,skipped,,True
2026-09-19 11:03:49,https://raw.githubusercontent.com/budamu/clashconfig/main/v2ray.txt,0,error,404 Client Error: Not Found for url: https://raw.githubusercontent.com/budamu/clashconfig/main/v2ray.txt,False
2026-09-19 11:03:49,https://raw.githubusercontent.com/mfuu/v2ray/refs/heads/master/v2ray,0,error,404 Client Error: Not Found for url: https://raw.githubusercontent.com/mfuu/v2ray/refs/heads/master/v2ray,False
2026-09-19 11:03:49,https://raw.githubusercontent.com/Leon406/SubCrawler/refs/heads/main/sub/share/vless,10652,ok,,False
2026-09-19 11:03:49,https://raw.githubusercontent.com/budamu/clashconfig/main/v2ray2.txt,0,error,404 Client Error: Not Found for url: https://raw.githubusercontent.com/budamu/clashconfig/main/v2ray2.txt,False
2026-09-19 11:03:49,https://raw.githubusercontent.com/morteza-v2/free-v2ray-irancell-config/refs/heads/main/Sub1.txt,66,ok,,False
2026-09-19 11:03:49,https://raw.githubusercontent.com/10ium/VpnClashFaCollector/main/sub/all/mixed.txt,1359,ok,,False
2026-09-19 11:03:49,https://raw.githubusercontent.com/Lewis-1217/FreeNodes/main/bpjzx1,0,skipped,,True
2026-09-19 11:03:49,https://raw.githubusercontent.com/Leon406/SubCrawler/main/sub/share/a11,73,ok,,False
2026-09-19 11:03:49,https://raw.githubusercontent.com/xiyaowong/freeFQ/main/v2ray,0,skipped,,True
2026-09-19 11:03:49,https://raw.githubusercontent.com/Strongmiao168/v2ray/main/1203,0,skipped,,True
2026-09-19 11:03:49,https://raw.githubusercontent.com/wenxig/free-nodes-sub/refs/heads/main/data/sub.txt,20,ok,,False
2026-09-19 11:03:49,https://raw.githubusercontent.com/vxiaov/free_proxies/main/links.txt,0,skipped,,True
2026-09-19 11:03:49,https://raw.githubusercontent.com/NicProxy/V2ray/main/configs,15,ok,,False
2026-09-19 11:03:49,https://raw.githubusercontent.com/Huibq/TrojanLinks/master/links/vmess#ignore=vmess,0,skipped,,True
2026-09-19 11:03:49,https://raw.githubusercontent.com/shadowsocksr-rm/shadowsocksr-csharp/main/shadowsocks-csharp/Data/cn.txt,0,error,404 Client Error: Not Found for url: https://raw.githubusercontent.com/shadowsocksr-rm/shadowsocksr-csharp/main/shadowsocks-csharp/Data/cn.txt,False
2026-09-19 11:03:49,https://raw.githubusercontent.com/xiaoji235/airport-free/refs/heads/main/v2ray.txt,0,skipped,,True
2026-09-19 11:03:49,https://raw.githubusercontent.com/Everyday-VPN/Everyday-VPN/refs/heads/main/subscription/main.txt,2,ok,,False
2026-09-19 11:03:49,https://raw.githubusercontent.com/hq450/fancyss/main/rules/gfwlist.txt,0,error,404 Client Error: Not Found for url: https://raw.githubusercontent.com/hq450/fancyss/main/rules/gfwlist.txt,False
2026-09-19 11:03:49,https://raw.githubusercontent.com/free18/v2ray/refs/heads/main/v.txt,242,ok,,False
2026-09-19 11:03:49,https://raw.githubusercontent.com/davudsedft/purlite/main/link/shadowsocks.txt,0,ok,,False
2026-09-19 11:03:49,https://raw.githubusercontent.com/sinavm/SVM/refs/heads/main/config.txt,120,ok,,False
2026-09-19 11:03:49,https://raw.githubusercontent.com/ToyoDAdoubi/doubi/main/other/pac.txt,0,error,404 Client Error: Not Found for url: https://raw.githubusercontent.com/ToyoDAdoubi/doubi/main/other/pac.txt,False
2026-09-19 11:03:49,https://raw.githubusercontent.com/Epodonios/v2ray-configs/main/Sub45.txt,0,error,404 Client Error: Not Found for url: https://raw.githubusercontent.com/Epodonios/v2ray-configs/main/Sub45.txt,False
2026-09-19 11:03:49,https://raw.githubusercontent.com/firerpa/lamda/main/CHANGELOG.txt,0,error,404 Client Error: Not Found for url: https://raw.githubusercontent.com/firerpa/lamda/main/CHANGELOG.txt,False
2026-09-19 11:03:49,https://raw.githubusercontent.com/six2dez/OneListForAll/main/dict/log_long.txt,0,ok,,False
2026-09-19 11:03:49,https://raw.githubusercontent.com/mahdibland/V2RayAggregator/main/sub/list/66.txt,0,error,404 Client Error: Not Found for url: https://raw.githubusercontent.com/mahdibland/V2RayAggregator/main/sub/list/66.txt,False
2026-09-19 11:03:49,https://raw.githubusercontent.com/lashwang/shadowsocks-android/main/core/src/main/jni/shadowsocks-libev/CMakeLists.txt,0,error,404 Client Error: Not Found for url: https://raw.githubusercontent.com/lashwang/shadowsocks-android/main/core/src/main/jni/shadowsocks-libev/CMakeLists.txt,False
2026-09-19 11:03:49,https://raw.githubusercontent.com/LiveXY/elearning/main/python.txt,0,error,404 Client Error: Not Found for url: https://raw.githubusercontent.com/LiveXY/elearning/main/python.txt,False
2026-09-19 11:03:49,https://raw.githubusercontent.com/Homeless-Xu/HomeLess-HomeLAB/main/◼︎1-Net/za-V2ray.txt,0,error,404 Client Error: Not Found for url: https://raw.githubusercontent.com/Homeless-Xu/HomeLess-HomeLAB/main/%E2%97%BC%EF%B8%8E1-Net/za-V2ray.txt,False
2026-09-19 11:03:49,https://raw.githubusercontent.com/zjuchenyuan/notebook/main/code/newubuntu14.txt,0,error,404 Client Error: Not Found for url: https://raw.githubusercontent.com/zjuchenyuan/notebook/main/code/newubuntu14.txt,False
2026-09-19 11:03:49,https://raw.githubusercontent.com/ssrsub/ssr/refs/heads/master/v2ray,50,ok,,False
2026-09-19 11:03:49,https://raw.githubusercontent.com/v3aqb/fwlite/main/release_note.txt,0,error,404 Client Error: Not Found for url: https://raw.githubusercontent.com/v3aqb/fwlite/main/release_note.txt,False
2026-09-19 11:03:49,https://raw.githubusercontent.com/Barabama/FreeNodes/master/nodes/zyfxs.txt,155,ok,,False
2026-09-19 11:03:49,https://raw.githubusercontent.com/Barabama/FreeNodes/master/nodes/yudou66.txt,193,ok,,False
2026-09-19 11:03:49,https://raw.githubusercontent.com/Loukky/gfwlist-by-loukky/main/list.txt,0,error,404 Client Error: Not Found for url: https://raw.githubusercontent.com/Loukky/gfwlist-by-loukky/main/list.txt,False
2026-09-19 11:03:49,https://raw.githubusercontent.com/Barabama/FreeNodes/master/nodes/merged.txt,227,ok,,False
2026-09-19 11:03:49,https://raw.githubusercontent.com/MOnday9907/v2ray/main/v2ray.txt,0,skipped,,True
2026-09-19 11:03:49,https://raw.githubusercontent.com/Lewis-1217/FreeNodes/main/bpjzx2,0,skipped,,True
2026-09-19 11:03:49,https://raw.githubusercontent.com/mfuu/v2ray/master/merge/merge.txt,0,error,404 Client Error: Not Found for url: https://raw.githubusercontent.com/mfuu/v2ray/master/merge/merge.txt,False
2026-09-19 11:03:49,https://raw.githubusercontent.com/aviamastersgh/vpn-free-russia/main/verified_configs.txt,465,ok,,False
2026-09-19 11:03:49,https://raw.githubusercontent.com/sakazxc1400-creator/free-vpn-sub/main/output/sub.txt,0,error,404 Client Error: Not Found for url: https://raw.githubusercontent.com/sakazxc1400-creator/free-vpn-sub/main/output/sub.txt,False
2026-09-19 11:03:49,https://raw.githubusercontent.com/sakazxc1400-creator/free-vpn-sub/main/output/sub-full.txt,0,error,404 Client Error: Not Found for url: https://raw.githubusercontent.com/sakazxc1400-creator/free-vpn-sub/main/output/sub-full.txt,False
2026-09-19 11:03:49,https://raw.githubusercontent.com/iboxz/free-v2ray-collector/main/main/vless.txt,274,ok,,False
2026-09-19 11:03:49,https://raw.githubusercontent.com/lemonhall/node_note/main/shadowsocks.txt,0,error,404 Client Error: Not Found for url: https://raw.githubusercontent.com/lemonhall/node_note/main/shadowsocks.txt,False
2026-09-19 11:03:49,https://raw.githubusercontent.com/iboxz/free-v2ray-collector/main/main/vmess.txt,18,ok,,False
2026-09-19 11:03:49,https://raw.githubusercontent.com/iboxz/free-v2ray-collector/main/main/mix.txt,335,ok,,False
2026-09-19 11:03:49,https://raw.githubusercontent.com/aviamastersgh/vpn-free-russia/main/all_configs.txt,5971,ok,,False
2026-09-19 11:03:49,https://raw.githubusercontent.com/iboxz/free-v2ray-collector/main/main/trojan.txt,22,ok,,False
2026-09-19 11:03:49,https://raw.githubusercontent.com/V2RayRoot/V2RayConfig/refs/heads/main/Config/vmess.txt,14,ok,,False
2026-09-19 11:03:49,https://raw.githubusercontent.com/V2RayRoot/V2RayConfig/refs/heads/main/Config/shadowsocks.txt,269,ok,,False
2026-09-19 11:03:49,https://raw.githubusercontent.com/V2RayRoot/V2RayConfig/refs/heads/main/Config/vless.txt,232,ok,,False
2026-09-19 11:03:49,https://raw.githubusercontent.com/iboxz/free-v2ray-collector/main/main/shadowsocks.txt,21,ok,,False
2026-09-19 11:03:49,https://raw.githubusercontent.com/MohammadBahemmat/V2ray-Collector/main/servers/trojan_servers.txt,9,ok,,False
2026-09-19 11:03:49,https://raw.githubusercontent.com/MohammadBahemmat/V2ray-Collector/main/servers/hysteria_servers.txt,1,ok,,False
2026-09-19 11:03:49,https://raw.githubusercontent.com/MohammadBahemmat/V2ray-Collector/main/servers/hysteria2_servers.txt,2,ok,,False
2026-09-19 11:03:49,https://raw.githubusercontent.com/MohammadBahemmat/V2ray-Collector/main/servers/vmess_servers.txt,2,ok,,False
2026-09-19 11:03:49,https://raw.githubusercontent.com/MohammadBahemmat/V2ray-Collector/main/servers/vless_servers.txt,138,ok,,False
2026-09-19 11:03:49,https://raw.githubusercontent.com/MohammadBahemmat/V2ray-Collector/main/servers/socks5_servers.txt,0,ok,,False
2026-09-19 11:03:49,https://raw.githubusercontent.com/MohammadBahemmat/V2ray-Collector/main/servers/tuic_servers.txt,1,ok,,False
2026-09-19 11:03:49,https://raw.githubusercontent.com/hello-world-1989/v2-sub/main/end-gfw-together-af3e13,6,ok,,False
2026-09-19 11:03:49,https://raw.githubusercontent.com/vulncheck-oss/0day.today.archive/main/local-exploits/28797.txt,0,ok,,False
2026-09-19 11:03:49,https://raw.githubusercontent.com/MohammadBahemmat/V2ray-Collector/main/servers/ss_servers.txt,13,ok,,False
2026-09-19 11:03:49,https://raw.githubusercontent.com/MohammadBahemmat/V2ray-Collector/main/all_servers.txt,164,ok,,False
2026-09-19 11:03:49,https://raw.githubusercontent.com/cbusifabcap/daily_free_vpn/refs/heads/main/Z.txt,5023,ok,,False
2026-09-19 11:03:49,https://raw.githubusercontent.com/MohammadBahemmat/V2ray-Collector/main/servers/socks_servers.txt,0,ok,,False
2026-09-19 11:03:49,https://raw.githubusercontent.com/gfpcom/free-proxy-list/main/sources/ss.txt,1937,ok,,False
2026-09-19 11:03:49,https://raw.githubusercontent.com/0xRadikal/Free-v2ray-Configs/main/light/configs_base64.txt,2765,ok,,False
2026-09-19 11:03:49,https://raw.githubusercontent.com/ggborr/FREEE-VPN/refs/heads/main/5V2,0,error,404 Client Error: Not Found for url: https://raw.githubusercontent.com/ggborr/FREEE-VPN/refs/heads/main/5V2,False
2026-09-19 11:03:49,https://raw.githubusercontent.com/barry-far/V2ray-config/main/Splitted-By-Protocol/vmess.txt,258,ok,,False
2026-09-19 11:03:49,https://raw.githubusercontent.com/oversizexl/FreeSubsCheck/main/base64.txt,71,ok,,False
2026-09-19 11:03:49,https://raw.githubusercontent.com/barry-far/V2ray-config/main/Splitted-By-Protocol/ss.txt,456,ok,,False
2026-09-19 11:03:49,https://raw.githubusercontent.com/barry-far/V2ray-config/main/Splitted-By-Protocol/ssr.txt,0,ok,,False
2026-09-19 11:03:49,https://raw.githubusercontent.com/barry-far/V2ray-config/main/Splitted-By-Protocol/vless.txt,4246,ok,,False
2026-09-19 11:03:49,https://raw.githubusercontent.com/madeye/mihomo-rust/main/M2_QA_BASELINE.txt,0,ok,,False
2026-09-19 11:03:49,https://raw.githubusercontent.com/ASC8384/myRime/main/custom_phrase.txt,0,error,404 Client Error: Not Found for url: https://raw.githubusercontent.com/ASC8384/myRime/main/custom_phrase.txt,False
2026-09-19 11:03:49,https://raw.githubusercontent.com/crazw/vpn4in1/main/notes.txt,0,error,404 Client Error: Not Found for url: https://raw.githubusercontent.com/crazw/vpn4in1/main/notes.txt,False
2026-09-19 11:03:49,https://raw.githubusercontent.com/nicholascw/vmecs/main/plan.txt,0,error,404 Client Error: Not Found for url: https://raw.githubusercontent.com/nicholascw/vmecs/main/plan.txt,False
2026-09-19 11:03:49,https://raw.githubusercontent.com/iqiancheng/shadowsocks-awesome/main/proxy.txt,0,error,404 Client Error: Not Found for url: https://raw.githubusercontent.com/iqiancheng/shadowsocks-awesome/main/proxy.txt,False
2026-09-19 11:03:49,https://raw.githubusercontent.com/totravel/shadowsocks-ws/main/local/banner.txt,0,error,404 Client Error: Not Found for url: https://raw.githubusercontent.com/totravel/shadowsocks-ws/main/local/banner.txt,False
2026-09-19 11:03:49,https://raw.githubusercontent.com/NoviceLive/unish/main/dat/arch.txt,0,error,404 Client Error: Not Found for url: https://raw.githubusercontent.com/NoviceLive/unish/main/dat/arch.txt,False
2026-09-19 11:03:49,https://raw.githubusercontent.com/yuchuanqicy/Over-The-Wall/main/user-rule.txt,0,error,404 Client Error: Not Found for url: https://raw.githubusercontent.com/yuchuanqicy/Over-The-Wall/main/user-rule.txt,False
2026-09-19 11:03:49,https://raw.githubusercontent.com/killgcd/chromego/main/ChromeGo/XX-Net/code/default/smart_router/local/gfw_black_list.txt,0,error,404 Client Error: Not Found for url: https://raw.githubusercontent.com/killgcd/chromego/main/ChromeGo/XX-Net/code/default/smart_router/local/gfw_black_list.txt,False
2026-09-19 11:03:49,https://raw.githubusercontent.com/0xRadikal/Free-v2ray-Configs/main/heavy/configs_base64.txt,10198,ok,,False
2026-09-19 11:03:49,https://raw.githubusercontent.com/barry-far/V2ray-config/main/Splitted-By-Protocol/trojan.txt,345,ok,,False
2026-09-19 11:03:49,https://raw.githubusercontent.com/AUGMXNT/deccp/main/harmful.txt,0,ok,,False
2026-09-19 11:03:49,https://raw.githubusercontent.com/1979139113/0day-today-exploits/main/28798.txt,0,error,404 Client Error: Not Found for url: https://raw.githubusercontent.com/1979139113/0day-today-exploits/main/28798.txt,False
2026-09-19 11:03:49,https://raw.githubusercontent.com/lflflf999/0516/main/BX-JD,0,skipped,,True
2026-09-19 11:03:49,https://raw.githubusercontent.com/tech-srl/c3po/main/DataCreation/sampled_repos.txt,0,error,404 Client Error: Not Found for url: https://raw.githubusercontent.com/tech-srl/c3po/main/DataCreation/sampled_repos.txt,False
2026-09-19 11:03:49,https://raw.githubusercontent.com/slpcat/docker-images/main/vpn/v2ray/NOTE.txt,0,error,404 Client Error: Not Found for url: https://raw.githubusercontent.com/slpcat/docker-images/main/vpn/v2ray/NOTE.txt,False
2026-09-19 11:03:49,https://raw.githubusercontent.com/guzhig/QuantumultX/main/Filter/Global.txt,0,error,404 Client Error: Not Found for url: https://raw.githubusercontent.com/guzhig/QuantumultX/main/Filter/Global.txt,False
2026-09-19 11:03:49,https://raw.githubusercontent.com/DukeMehdi/FreeList-V2ray-Configs/refs/heads/main/Configs/All-DukeMehdi-Configs.txt,35633,ok,,False
2026-09-19 11:03:49,https://raw.githubusercontent.com/yaya131/X86_64-TEST/main/Config/X64.txt,0,ok,,False
2026-09-19 11:03:49,https://raw.githubusercontent.com/longlon/v2ray-config/main/Sub28.txt,495,ok,,False
2026-09-19 11:03:49,https://raw.githubusercontent.com/fastbash/fancyss/main/Changelog.txt,0,error,404 Client Error: Not Found for url: https://raw.githubusercontent.com/fastbash/fancyss/main/Changelog.txt,False
2026-09-19 11:03:49,https://raw.githubusercontent.com/liangbin-foxmail/cc-edtunnel/main/西瓜云_clash.txt,15,ok,,False
2026-09-19 11:03:49,https://raw.githubusercontent.com/bcmapp/bcm-android/main/NOTICE.txt,0,error,404 Client Error: Not Found for url: https://raw.githubusercontent.com/bcmapp/bcm-android/main/NOTICE.txt,False
2026-09-19 11:03:49,https://raw.githubusercontent.com/shaoyouvip/free/refs/heads/main/base64.txt,30,ok,,False
2026-09-19 11:03:49,https://raw.githubusercontent.com/codingjerk/dotfiles/main/config/cspell/dict-cj.txt,0,error,404 Client Error: Not Found for url: https://raw.githubusercontent.com/codingjerk/dotfiles/main/config/cspell/dict-cj.txt,False
2026-09-19 11:03:49,https://raw.githubusercontent.com/wang1/Manjaro-i3/main/note.txt,0,error,404 Client Error: Not Found for url: https://raw.githubusercontent.com/wang1/Manjaro-i3/main/note.txt,False
2026-09-19 11:03:49,https://raw.githubusercontent.com/lazytiger/trojan-rs/main/ipset/domain.txt,0,error,404 Client Error: Not Found for url: https://raw.githubusercontent.com/lazytiger/trojan-rs/main/ipset/domain.txt,False
2026-09-19 11:03:49,https://raw.githubusercontent.com/lonycc/fuli/main/telegram.txt,0,error,404 Client Error: Not Found for url: https://raw.githubusercontent.com/lonycc/fuli/main/telegram.txt,False
2026-09-19 11:03:49,https://raw.githubusercontent.com/snapei/clash-pro-rules/main/gfw.txt,0,ok,,False
2026-09-19 11:03:49,https://raw.githubusercontent.com/0i0/deepme-crawler/main/crawled.repos/1.txt,0,error,404 Client Error: Not Found for url: https://raw.githubusercontent.com/0i0/deepme-crawler/main/crawled.repos/1.txt,False
2026-09-19 11:03:49,https://raw.githubusercontent.com/dodger487/scrape_hn/main/stories/13996417.txt,0,error,404 Client Error: Not Found for url: https://raw.githubusercontent.com/dodger487/scrape_hn/main/stories/13996417.txt,False
2026-09-19 11:03:49,https://raw.githubusercontent.com/jth445600/hello-world/main/102.txt,0,error,404 Client Error: Not Found for url: https://raw.githubusercontent.com/jth445600/hello-world/main/102.txt,False
2026-09-19 11:03:49,https://raw.githubusercontent.com/tonyh2021/QLadder/main/topic.txt,0,error,404 Client Error: Not Found for url: https://raw.githubusercontent.com/tonyh2021/QLadder/main/topic.txt,False
2026-09-19 11:03:49,https://raw.githubusercontent.com/zfl9/chinadns-ng/main/res/gfwlist.txt,0,error,404 Client Error: Not Found for url: https://raw.githubusercontent.com/zfl9/chinadns-ng/main/res/gfwlist.txt,False
2026-09-19 11:03:49,https://raw.githubusercontent.com/houko/xiaomo-studying/main/python/basic/text.txt,0,error,404 Client Error: Not Found for url: https://raw.githubusercontent.com/houko/xiaomo-studying/main/python/basic/text.txt,False
2026-09-19 11:03:49,https://raw.githubusercontent.com/killgcd/chromego/main/ChromeGo/v2ray/pac.txt,0,error,404 Client Error: Not Found for url: https://raw.githubusercontent.com/killgcd/chromego/main/ChromeGo/v2ray/pac.txt,False
2026-09-19 11:03:49,https://raw.githubusercontent.com/pajecawav/ghloc-web/main/scripts/repos.txt,0,error,404 Client Error: Not Found for url: https://raw.githubusercontent.com/pajecawav/ghloc-web/main/scripts/repos.txt,False
2026-09-19 11:03:49,https://raw.githubusercontent.com/microic/hello_search/main/repo_list.txt,0,error,404 Client Error: Not Found for url: https://raw.githubusercontent.com/microic/hello_search/main/repo_list.txt,False
2026-09-19 11:03:49,https://raw.githubusercontent.com/v2rayA/dist-v2ray-rules-dat/main/gfw.txt,0,error,404 Client Error: Not Found for url: https://raw.githubusercontent.com/v2rayA/dist-v2ray-rules-dat/main/gfw.txt,False
2026-09-19 11:03:49,https://raw.githubusercontent.com/changfengoss/pub/main/data/2023_05_03/mg5No7.txt,0,ok,,False
2026-09-19 11:03:49,https://raw.githubusercontent.com/changfengoss/pub/main/data/2023_03_13/VHXSIm.txt,0,ok,,False
2026-09-19 11:03:49,https://raw.githubusercontent.com/quniu/ssmgr-deploy/main/example/部署.txt,0,error,404 Client Error: Not Found for url: https://raw.githubusercontent.com/quniu/ssmgr-deploy/main/example/%E9%83%A8%E7%BD%B2.txt,False
2026-09-19 11:03:49,https://raw.githubusercontent.com/0i0/deepme-crawler/main/crawled.repos/Z.txt,0,error,404 Client Error: Not Found for url: https://raw.githubusercontent.com/0i0/deepme-crawler/main/crawled.repos/Z.txt,False
2026-09-19 11:03:49,https://raw.githubusercontent.com/shigalin/Config/main/MEOW/proxy.txt,0,error,404 Client Error: Not Found for url: https://raw.githubusercontent.com/shigalin/Config/main/MEOW/proxy.txt,False
2026-09-19 11:03:49,https://raw.githubusercontent.com/dimzon/scaling-sniffle/main/by-country/GB.txt,0,skipped,,True
2026-09-19 11:03:49,https://raw.githubusercontent.com/dhalima3/Autoscribe/main/data/shadow.txt,0,error,404 Client Error: Not Found for url: https://raw.githubusercontent.com/dhalima3/Autoscribe/main/data/shadow.txt,False
2026-09-19 11:03:49,https://raw.githubusercontent.com/predatorray/shadowsocks-helm-chart/main/templates/NOTES.txt,0,skipped,,True
2026-09-19 11:03:49,https://raw.githubusercontent.com/monlor/mbfiles/main/applist.txt,0,error,404 Client Error: Not Found for url: https://raw.githubusercontent.com/monlor/mbfiles/main/applist.txt,False
2026-09-19 11:03:49,https://raw.githubusercontent.com/dhalima3/Autoscribe/main/data/shadows.txt,0,error,404 Client Error: Not Found for url: https://raw.githubusercontent.com/dhalima3/Autoscribe/main/data/shadows.txt,False
2026-09-19 11:03:49,https://raw.githubusercontent.com/yi-Xu-0100/Application-Lists/main/config/v2rayN.txt,0,ok,,False
2026-09-19 11:03:49,https://raw.githubusercontent.com/yidahis/shadowsocksr-libev-iOS/main/CMakeCache.txt,0,error,404 Client Error: Not Found for url: https://raw.githubusercontent.com/yidahis/shadowsocksr-libev-iOS/main/CMakeCache.txt,False
2026-09-19 11:03:49,https://raw.githubusercontent.com/riaqn/china-dns/main/world.txt,0,error,404 Client Error: Not Found for url: https://raw.githubusercontent.com/riaqn/china-dns/main/world.txt,False
2026-09-19 11:03:49,https://raw.githubusercontent.com/liyucheng09/LatestEval/main/data/code_repos.txt,0,error,404 Client Error: Not Found for url: https://raw.githubusercontent.com/liyucheng09/LatestEval/main/data/code_repos.txt,False
2026-09-19 11:03:49,https://raw.githubusercontent.com/rix4uni/WordList/main/1.txt,0,ok,,False
2026-09-19 11:03:49,https://raw.githubusercontent.com/0i0/deepme-crawler/main/crawled.repos/q.txt,0,error,404 Client Error: Not Found for url: https://raw.githubusercontent.com/0i0/deepme-crawler/main/crawled.repos/q.txt,False
2026-09-19 11:03:49,https://raw.githubusercontent.com/yaya131/OpenWrt_R7800_Stable/main/Config/mt798x.txt,0,ok,,False
2026-09-19 11:03:49,https://raw.githubusercontent.com/jth445600/hello-world/main/103.txt,0,error,404 Client Error: Not Found for url: https://raw.githubusercontent.com/jth445600/hello-world/main/103.txt,False
2026-09-19 11:03:49,https://raw.githubusercontent.com/YasserAuda/Haking-Tools-List/main/List.txt,0,error,404 Client Error: Not Found for url: https://raw.githubusercontent.com/YasserAuda/Haking-Tools-List/main/List.txt,False
2026-09-19 11:03:49,https://raw.githubusercontent.com/koolshare/softgear/main/ss/ss/redchn/cdn.txt,0,error,404 Client Error: Not Found for url: https://raw.githubusercontent.com/koolshare/softgear/main/ss/ss/redchn/cdn.txt,False
2026-09-19 11:03:49,https://raw.githubusercontent.com/Varsett/Quas/main/menueng.txt,0,ok,,False
2026-09-19 11:03:49,https://raw.githubusercontent.com/SIC98/GPT2-python-code-generator/main/top100_repository.txt,0,ok,,False
2026-09-19 11:03:49,https://raw.githubusercontent.com/elrumo/macOS_Big_Sur_icons_replacements/main/Other/scripts/icns.txt,0,error,404 Client Error: Not Found for url: https://raw.githubusercontent.com/elrumo/macOS_Big_Sur_icons_replacements/main/Other/scripts/icns.txt,False
2026-09-19 11:03:49,https://raw.githubusercontent.com/Opnwall/Mihomo-for-OPNsense/main/mosdns/domains/gfw.txt,0,error,404 Client Error: Not Found for url: https://raw.githubusercontent.com/Opnwall/Mihomo-for-OPNsense/main/mosdns/domains/gfw.txt,False
2026-09-19 11:03:49,https://raw.githubusercontent.com/10ium/VpnClashFaCollector/main/config/channels.txt,0,ok,,False
2026-09-19 11:03:49,https://raw.githubusercontent.com/Simpleyyt/shadowsocks-eos/main/requirments.txt,0,error,404 Client Error: Not Found for url: https://raw.githubusercontent.com/Simpleyyt/shadowsocks-eos/main/requirments.txt,False
2026-09-19 11:03:49,https://raw.githubusercontent.com/dimzon/scaling-sniffle/main/by-country/NL.txt,0,skipped,,True
2026-09-19 11:03:49,https://raw.githubusercontent.com/danielaskdd/smartvpn/main/proxy.txt,0,error,404 Client Error: Not Found for url: https://raw.githubusercontent.com/danielaskdd/smartvpn/main/proxy.txt,False
2026-09-19 11:03:49,https://raw.githubusercontent.com/tickmao/Rules/main/Shadowsocks/pac.txt,0,error,404 Client Error: Not Found for url: https://raw.githubusercontent.com/tickmao/Rules/main/Shadowsocks/pac.txt,False
2026-09-19 11:03:49,https://raw.githubusercontent.com/erlang-punch/awesome-erlang/main/awesome/db/r.txt,0,error,404 Client Error: Not Found for url: https://raw.githubusercontent.com/erlang-punch/awesome-erlang/main/awesome/db/r.txt,False
2026-09-19 11:03:49,https://raw.githubusercontent.com/BPI-SINOVOIP/BPI-R3MINI-OPENWRT-V21.02.3/main/feeds/kenzo/luci-app-vssr/relnotes.txt,0,ok,,False
2026-09-19 11:03:49,https://raw.githubusercontent.com/fabiopetrillo/OpenHubExtractor/main/projects.txt,0,error,404 Client Error: Not Found for url: https://raw.githubusercontent.com/fabiopetrillo/OpenHubExtractor/main/projects.txt,False
2026-09-19 11:03:49,https://raw.githubusercontent.com/dimzon/scaling-sniffle/main/any/443.txt,0,skipped,,True
2026-09-19 11:03:49,https://raw.githubusercontent.com/ror-ian/raspi/main/Raspi.txt,0,error,404 Client Error: Not Found for url: https://raw.githubusercontent.com/ror-ian/raspi/main/Raspi.txt,False
2026-09-19 11:03:49,https://raw.githubusercontent.com/dimzon/scaling-sniffle/main/any/tcp-443.txt,0,skipped,,True
2026-09-19 11:03:49,https://raw.githubusercontent.com/0i0/deepme-crawler/main/crawled.repos/i.txt,0,error,404 Client Error: Not Found for url: https://raw.githubusercontent.com/0i0/deepme-crawler/main/crawled.repos/i.txt,False
2026-09-19 11:03:49,https://raw.githubusercontent.com/stormchasingg/zju-rvpn-ubuntu/main/ipv6.txt,0,error,404 Client Error: Not Found for url: https://raw.githubusercontent.com/stormchasingg/zju-rvpn-ubuntu/main/ipv6.txt,False
2026-09-19 11:03:49,https://raw.githubusercontent.com/UnsignedInt8/LightSwordX/main/LightSwordX/black.txt,0,error,404 Client Error: Not Found for url: https://raw.githubusercontent.com/UnsignedInt8/LightSwordX/main/LightSwordX/black.txt,False
2026-09-19 11:03:49,https://raw.githubusercontent.com/dimzon/scaling-sniffle/main/any/tcp.txt,0,skipped,,True
2026-09-19 11:03:49,https://raw.githubusercontent.com/cloudzun/laddervm/main/SS.txt,0,error,404 Client Error: Not Found for url: https://raw.githubusercontent.com/cloudzun/laddervm/main/SS.txt,False
2026-09-19 11:03:49,https://raw.githubusercontent.com/372groupproject/milestones-team9-jiachengyang-wenkaizheng/main/video.txt,0,error,404 Client Error: Not Found for url: https://raw.githubusercontent.com/372groupproject/milestones-team9-jiachengyang-wenkaizheng/main/video.txt,False
2026-09-19 11:03:49,https://raw.githubusercontent.com/Kahsolt/SuperCmd/main/bin/proxy.txt,0,error,404 Client Error: Not Found for url: https://raw.githubusercontent.com/Kahsolt/SuperCmd/main/bin/proxy.txt,False
2026-09-19 11:03:49,https://raw.githubusercontent.com/Hidashimora/free-vpn-anti-rkn/main/configs/20.txt,0,skipped,,True
2026-09-19 11:03:49,https://raw.githubusercontent.com/amir-reza-bijandi/v2ray-configs/main/configs.txt,207,ok,,False
2026-09-19 11:03:49,https://raw.githubusercontent.com/w1770946466/Auto_proxy/refs/heads/main/Long_term_subscription2,70,ok,,False
2026-09-19 11:03:49,https://raw.githubusercontent.com/igareck/vpn-configs-for-russia/refs/heads/main/Base64/BLACK_SS%2BAll_RUS_base64.txt,0,error,404 Client Error: Not Found for url: https://raw.githubusercontent.com/igareck/vpn-configs-for-russia/refs/heads/main/Base64/BLACK_SS%2BAll_RUS_base64.txt,False
2026-09-19 11:03:49,https://raw.githubusercontent.com/w1770946466/Auto_proxy/refs/heads/main/Long_term_subscription1,70,ok,,False
2026-09-19 11:03:49,https://raw.githubusercontent.com/w1770946466/Auto_proxy/refs/heads/main/Long_term_subscription4,71,ok,,False
2026-09-19 11:03:49,https://raw.githubusercontent.com/w1770946466/Auto_proxy/refs/heads/main/Long_term_subscription6,68,ok,,False
2026-09-19 11:03:49,https://raw.githubusercontent.com/w1770946466/Auto_proxy/refs/heads/main/Long_term_subscription7,70,ok,,False
2026-09-19 11:03:49,https://raw.githubusercontent.com/w1770946466/Auto_proxy/refs/heads/main/Long_term_subscription3,71,ok,,False
2026-09-19 11:03:49,https://raw.githubusercontent.com/w1770946466/Auto_proxy/refs/heads/main/Long_term_subscription8,64,ok,,False
2026-09-19 11:03:49,https://raw.githubusercontent.com/w1770946466/Auto_proxy/refs/heads/main/Long_term_subscription5,71,ok,,False
2026-09-19 11:03:49,https://raw.githubusercontent.com/Arianlavi/RebeldevConfig/refs/heads/main/RebelLink/vmess_subscriptions.txt,5,ok,,False
2026-09-19 11:03:49,https://raw.githubusercontent.com/Arianlavi/RebeldevConfig/refs/heads/main/RebelLink/trojan_subscriptions.txt,1,ok,,False
2026-09-19 11:03:49,https://raw.githubusercontent.com/Arianlavi/RebeldevConfig/refs/heads/main/RebelLink/vless_subscriptions.txt,6,ok,,False
2026-09-19 11:03:49,https://raw.githubusercontent.com/w1770946466/Auto_proxy/refs/heads/main/Long_term_subscription_try,163,ok,,False
2026-09-19 11:03:49,https://raw.githubusercontent.com/Arianlavi/RebeldevConfig/refs/heads/main/RebelLink/ss_subscriptions.txt,46,ok,,False
2026-09-19 11:03:49,https://raw.githubusercontent.com/Barabama/FreeNodes/refs/heads/main/nodes/yudou66.txt,0,skipped,,True
2026-09-19 11:03:49,https://raw.githubusercontent.com/Arianlavi/RebeldevConfig/refs/heads/main/RebelLink/all_subscriptions.txt,58,ok,,False
2026-09-19 11:03:49,https://raw.githubusercontent.com/Barabama/FreeNodes/refs/heads/main/nodes/wenode.txt,0,skipped,,True
2026-09-19 11:03:49,https://raw.githubusercontent.com/Barabama/FreeNodes/refs/heads/main/nodes/clashmeta.txt,0,skipped,,True
2026-09-19 11:03:49,https://raw.githubusercontent.com/Barabama/FreeNodes/refs/heads/main/nodes/nodev2ray.txt,0,skipped,,True
2026-09-19 11:03:49,https://raw.githubusercontent.com/Barabama/FreeNodes/refs/heads/main/nodes/v2rayshare.txt,0,skipped,,True
2026-09-19 11:03:49,https://raw.githubusercontent.com/Barabama/FreeNodes/refs/heads/main/nodes/ndnode.txt,0,skipped,,True
2026-09-19 11:03:49,https://raw.githubusercontent.com/Barabama/FreeNodes/refs/heads/main/nodes/nodefree.txt,0,skipped,,True
2026-09-19 11:03:49,https://raw.githubusercontent.com/resasanian/Mirza/main/mirza-ss.txt,0,skipped,,True
2026-09-19 11:03:49,https://raw.githubusercontent.com/w1770946466/Auto_proxy/refs/heads/main/Long_term_subscription_num,545,ok,,False
2026-09-19 11:03:49,https://raw.githubusercontent.com/resasanian/Mirza/main/mirza-vless.txt,0,skipped,,True
2026-09-19 11:03:49,https://raw.githubusercontent.com/resasanian/Mirza/main/mirza-ssr.txt,0,skipped,,True
2026-09-19 11:03:49,https://raw.githubusercontent.com/resasanian/Mirza/main/mirza-all.txt,0,skipped,,True
2026-09-19 11:03:49,https://raw.githubusercontent.com/sunshinehome/zidong/main/0627.yaml.txt,0,skipped,,True
2026-09-19 11:03:49,https://raw.githubusercontent.com/resasanian/Mirza/main/mirza-vmess.txt,0,skipped,,True
2026-09-19 11:03:49,https://raw.githubusercontent.com/penhandev/AutoAiVPN/refs/heads/main/AtuoAiVPN.txt,0,skipped,,True
2026-09-19 11:03:49,https://raw.githubusercontent.com/penhandev/AutoAiVPN/refs/heads/main/allConfigs.txt,4153,ok,,False
2026-09-19 11:03:49,https://raw.githubusercontent.com/penhandev/AutoAiVPN/refs/heads/main/iran.txt,3656,ok,,False
2026-09-19 11:03:49,https://raw.githubusercontent.com/Ashkan-m/v2ray/refs/heads/main/Sub.txt,0,skipped,,True
2026-09-19 11:03:49,https://raw.githubusercontent.com/Ashkan-m/v2ray/refs/heads/main/Sub2.txt,0,skipped,,True
2026-09-19 11:03:49,https://raw.githubusercontent.com/Ashkan-m/v2ray/refs/heads/main/Sub3.txt,0,skipped,,True
2026-09-19 11:03:49,https://gitlab.com/univstar1/v2ray/-/raw/main/data/clash/general.yaml,0,ok,,False
2026-09-19 11:03:49,https://raw.githubusercontent.com/resasanian/Mirza/main/sub,0,skipped,,True
2026-09-19 11:03:49,https://raw.githubusercontent.com/SoliSpirit/SolVPN/main/Protocols/vless.txt,343,ok,,False
2026-09-19 11:03:49,https://raw.githubusercontent.com/SoliSpirit/SolVPN/main/Protocols/vmess.txt,78,ok,,False
2026-09-19 11:03:49,https://raw.githubusercontent.com/SoliSpirit/SolVPN/main/Protocols/trojan.txt,0,skipped,,True
2026-09-19 11:03:49,https://raw.githubusercontent.com/SoliSpirit/SolVPN/main/Protocols/shadowsocks.txt,143,ok,,False
2026-09-19 11:03:49,https://raw.githubusercontent.com/SoliSpirit/SolVPN/main/Subscribes/sub3.txt,0,skipped,,True
2026-09-19 11:03:49,https://raw.githubusercontent.com/resasanian/Mirza/main/mirza-trojan.txt,0,skipped,,True
2026-09-19 11:03:49,https://raw.githubusercontent.com/SoliSpirit/SolVPN/main/Subscribes/sub2.txt,0,skipped,,True
2026-09-19 11:03:49,https://raw.githubusercontent.com/SoliSpirit/SolVPN/main/Subscribes/sub7.txt,0,skipped,,True
2026-09-19 11:03:49,https://raw.githubusercontent.com/SoliSpirit/SolVPN/main/Subscribes/sub4.txt,0,skipped,,True
2026-09-19 11:03:49,https://raw.githubusercontent.com/SoliSpirit/SolVPN/main/Subscribes/sub5.txt,0,skipped,,True
2026-09-19 11:03:49,https://raw.githubusercontent.com/penhandev/AutoAiVPN/refs/heads/main/russia.txt,4044,ok,,False
2026-09-19 11:03:49,https://raw.githubusercontent.com/SoliSpirit/SolVPN/main/Subscribes/sub6.txt,0,skipped,,True
2026-09-19 11:03:49,https://raw.githubusercontent.com/WLget/V2Ray_configs_64/refs/heads/master/ConfigSub_list.txt,0,skipped,,True
2026-09-19 11:03:49,https://raw.githubusercontent.com/SoliSpirit/SolVPN/main/Subscribes/sub8.txt,0,skipped,,True
2026-09-19 11:03:49,https://raw.githubusercontent.com/skylark36/Rules/main/adguard.txt,0,ok,,False
2026-09-19 11:03:49,https://raw.githubusercontent.com/Ashkan-m/v2ray/refs/heads/main/VIP.txt,0,skipped,,True
2026-09-19 11:03:49,https://raw.githubusercontent.com/SoliSpirit/SolVPN/main/Subscribes/sub9.txt,0,skipped,,True
2026-09-19 11:03:49,https://raw.githubusercontent.com/HakurouKen/free-node/refs/heads/main/public,0,skipped,,True
2026-09-19 11:03:49,https://raw.githubusercontent.com/danilog28/V2ray_Configs/refs/heads/main/V2rayMHMD_TI.txt,0,skipped,,True
2026-09-19 11:03:49,https://raw.githubusercontent.com/3inker/v2ray-subscription/refs/heads/main/subs/all_not_ru.txt,0,skipped,,True
2026-09-19 11:03:49,https://raw.githubusercontent.com/3inker/v2ray-subscription/refs/heads/main/subs/all_ru.txt,0,skipped,,True
2026-09-19 11:03:49,https://raw.githubusercontent.com/sakha1370/OpenRay/main/small.txt,7744,ok,,False
2026-09-19 11:03:49,https://raw.githubusercontent.com/SoliSpirit/SolVPN/main/Subscribes/sub10.txt,0,skipped,,True
2026-09-19 11:03:49,https://raw.githubusercontent.com/MahanKenway/Freedom-V2Ray/refs/heads/main/configs/vmess.txt,0,skipped,,True
2026-09-19 11:03:49,https://raw.githubusercontent.com/MahanKenway/Freedom-V2Ray/refs/heads/main/configs/vless.txt,0,skipped,,True
2026-09-19 11:03:49,https://raw.githubusercontent.com/MhdiTaheri/V2rayCollector/refs/heads/main/sub/mixbase64,0,skipped,,True
2026-09-19 11:03:49,https://raw.githubusercontent.com/ALIILAPRO/v2rayNG-Config/refs/heads/main/sub.txt,2261,ok,,False
2026-09-19 11:03:49,https://raw.githubusercontent.com/MahanKenway/Freedom-V2Ray/refs/heads/main/configs/ss.txt,0,skipped,,True
2026-09-19 11:03:49,https://raw.githubusercontent.com/sevcator/5ubscrpt10n/main/mini/m1n1-5ub-1.txt,0,skipped,,True
2026-09-19 11:03:49,https://raw.githubusercontent.com/sevcator/5ubscrpt10n/main/mini/m1n1-5ub-2.txt,0,skipped,,True
2026-09-19 11:03:49,https://raw.githubusercontent.com/MahanKenway/Freedom-V2Ray/refs/heads/main/configs/trojan.txt,0,skipped,,True
2026-09-19 11:03:49,https://raw.githubusercontent.com/MahanKenway/Freedom-V2Ray/refs/heads/main/configs/mix.txt,0,skipped,,True
2026-09-19 11:03:49,https://raw.githubusercontent.com/sevcator/5ubscrpt10n/main/mini/m1n1-5ub-6.txt,0,skipped,,True
2026-09-19 11:03:49,https://raw.githubusercontent.com/sevcator/5ubscrpt10n/main/protocols/ss.txt,0,skipped,,True
2026-09-19 11:03:49,https://raw.githubusercontent.com/10ium/MihomoSaz/main/Complex_URL_list.txt,4647,ok,,False
2026-09-19 11:03:49,https://raw.githubusercontent.com/sevcator/5ubscrpt10n/main/protocols/tr.txt,0,skipped,,True
2026-09-19 11:03:49,https://raw.githubusercontent.com/sevcator/5ubscrpt10n/main/mini/m1n1-5ub-7.txt,0,skipped,,True
2026-09-19 11:03:49,https://raw.githubusercontent.com/sevcator/5ubscrpt10n/main/mini/m1n1-5ub-3.txt,0,skipped,,True
2026-09-19 11:03:49,https://raw.githubusercontent.com/sevcator/5ubscrpt10n/main/mini/m1n1-5ub-9.txt,0,skipped,,True
2026-09-19 11:03:49,https://raw.githubusercontent.com/sevcator/5ubscrpt10n/main/mini/m1n1-5ub-12.txt,0,skipped,,True
2026-09-19 11:03:49,https://raw.githubusercontent.com/sevcator/5ubscrpt10n/main/mini/m1n1-5ub-11.txt,0,skipped,,True
2026-09-19 11:03:49,https://raw.githubusercontent.com/sevcator/5ubscrpt10n/main/mini/m1n1-5ub-5.txt,0,skipped,,True
2026-09-19 11:03:49,https://raw.githubusercontent.com/sevcator/5ubscrpt10n/main/mini/m1n1-5ub-13.txt,0,skipped,,True
2026-09-19 11:03:49,https://raw.githubusercontent.com/sevcator/5ubscrpt10n/main/mini/m1n1-5ub-16.txt,0,skipped,,True
2026-09-19 11:03:49,https://raw.githubusercontent.com/sevcator/5ubscrpt10n/main/mini/m1n1-5ub-8.txt,0,skipped,,True
2026-09-19 11:03:49,https://raw.githubusercontent.com/sevcator/5ubscrpt10n/main/mini/m1n1-5ub-10.txt,0,skipped,,True
2026-09-19 11:03:49,https://raw.githubusercontent.com/sevcator/5ubscrpt10n/main/mini/m1n1-5ub-20.txt,0,skipped,,True
2026-09-19 11:03:49,https://raw.githubusercontent.com/sevcator/5ubscrpt10n/main/protocols/vl.txt,0,skipped,,True
2026-09-19 11:03:49,https://raw.githubusercontent.com/sevcator/5ubscrpt10n/main/mini/m1n1-5ub-15.txt,0,skipped,,True
2026-09-19 11:03:49,https://raw.githubusercontent.com/sevcator/5ubscrpt10n/main/mini/m1n1-5ub-14.txt,0,skipped,,True
2026-09-19 11:03:49,https://raw.githubusercontent.com/sevcator/5ubscrpt10n/main/protocols/vm.txt,0,skipped,,True
2026-09-19 11:03:49,https://raw.githubusercontent.com/sevcator/5ubscrpt10n/main/mini/m1n1-5ub-22.txt,0,skipped,,True
2026-09-19 11:03:49,https://raw.githubusercontent.com/sevcator/5ubscrpt10n/main/mini/m1n1-5ub-23.txt,0,skipped,,True
2026-09-19 11:03:49,https://raw.githubusercontent.com/sevcator/5ubscrpt10n/main/mini/m1n1-5ub-17.txt,0,skipped,,True
2026-09-19 11:03:49,https://raw.githubusercontent.com/sevcator/5ubscrpt10n/main/mini/m1n1-5ub-25.txt,0,skipped,,True
2026-09-19 11:03:49,https://raw.githubusercontent.com/sevcator/5ubscrpt10n/main/mini/m1n1-5ub-19.txt,0,skipped,,True
2026-09-19 11:03:49,https://raw.githubusercontent.com/sevcator/5ubscrpt10n/main/mini/m1n1-5ub-27.txt,0,skipped,,True
2026-09-19 11:03:49,https://raw.githubusercontent.com/sevcator/5ubscrpt10n/main/mini/m1n1-5ub-21.txt,0,skipped,,True
2026-09-19 11:03:49,https://raw.githubusercontent.com/sevcator/5ubscrpt10n/main/mini/m1n1-5ub-18.txt,0,skipped,,True
2026-09-19 11:03:49,https://raw.githubusercontent.com/sevcator/5ubscrpt10n/main/mini/m1n1-5ub-32.txt,0,skipped,,True
2026-09-19 11:03:49,https://raw.githubusercontent.com/sevcator/5ubscrpt10n/main/mini/m1n1-5ub-34.txt,0,skipped,,True
2026-09-19 11:03:49,https://raw.githubusercontent.com/sevcator/5ubscrpt10n/main/mini/m1n1-5ub-33.txt,0,skipped,,True
2026-09-19 11:03:49,https://raw.githubusercontent.com/sevcator/5ubscrpt10n/main/mini/m1n1-5ub-24.txt,0,skipped,,True
2026-09-19 11:03:49,https://raw.githubusercontent.com/sevcator/5ubscrpt10n/main/mini/m1n1-5ub-35.txt,0,skipped,,True
2026-09-19 11:03:49,https://raw.githubusercontent.com/sevcator/5ubscrpt10n/main/mini/m1n1-5ub-30.txt,0,skipped,,True
2026-09-19 11:03:49,https://raw.githubusercontent.com/sevcator/5ubscrpt10n/main/mini/m1n1-5ub-36.txt,0,skipped,,True
2026-09-19 11:03:49,https://raw.githubusercontent.com/sevcator/5ubscrpt10n/main/mini/m1n1-5ub-37.txt,0,skipped,,True
2026-09-19 11:03:49,https://raw.githubusercontent.com/sevcator/5ubscrpt10n/main/mini/m1n1-5ub-38.txt,0,skipped,,True
2026-09-19 11:03:49,https://raw.githubusercontent.com/sevcator/5ubscrpt10n/main/mini/m1n1-5ub-39.txt,0,skipped,,True
2026-09-19 11:03:49,https://raw.githubusercontent.com/sevcator/5ubscrpt10n/main/mini/m1n1-5ub-29.txt,0,skipped,,True
2026-09-19 11:03:49,https://raw.githubusercontent.com/sevcator/5ubscrpt10n/main/mini/m1n1-5ub-41.txt,0,skipped,,True
2026-09-19 11:03:49,https://raw.githubusercontent.com/sevcator/5ubscrpt10n/main/mini/m1n1-5ub-31.txt,0,skipped,,True
2026-09-19 11:03:49,https://raw.githubusercontent.com/sevcator/5ubscrpt10n/main/mini/m1n1-5ub-42.txt,0,skipped,,True
2026-09-19 11:03:49,https://raw.githubusercontent.com/sevcator/5ubscrpt10n/main/mini/m1n1-5ub-43.txt,0,skipped,,True
2026-09-19 11:03:49,https://raw.githubusercontent.com/sevcator/5ubscrpt10n/main/mini/m1n1-5ub-26.txt,0,skipped,,True
2026-09-19 11:03:49,https://raw.githubusercontent.com/sevcator/5ubscrpt10n/main/mini/m1n1-5ub-45.txt,0,skipped,,True
2026-09-19 11:03:49,https://raw.githubusercontent.com/sevcator/5ubscrpt10n/main/mini/m1n1-5ub-46.txt,0,skipped,,True
2026-09-19 11:03:49,https://raw.githubusercontent.com/sevcator/5ubscrpt10n/main/mini/m1n1-5ub-48.txt,0,skipped,,True
2026-09-19 11:03:49,https://raw.githubusercontent.com/sevcator/5ubscrpt10n/main/mini/m1n1-5ub-49.txt,0,skipped,,True
2026-09-19 11:03:49,https://raw.githubusercontent.com/sevcator/5ubscrpt10n/main/mini/m1n1-5ub-40.txt,0,skipped,,True
2026-09-19 11:03:49,https://raw.githubusercontent.com/sevcator/5ubscrpt10n/main/mini/m1n1-5ub-50.txt,0,skipped,,True
2026-09-19 11:03:49,https://raw.githubusercontent.com/sevcator/5ubscrpt10n/main/mini/m1n1-5ub-51.txt,0,skipped,,True
2026-09-19 11:03:49,https://raw.githubusercontent.com/sevcator/5ubscrpt10n/main/mini/m1n1-5ub-52.txt,0,skipped,,True
2026-09-19 11:03:49,https://raw.githubusercontent.com/sevcator/5ubscrpt10n/main/mini/m1n1-5ub-53.txt,0,skipped,,True
2026-09-19 11:03:49,https://raw.githubusercontent.com/sevcator/5ubscrpt10n/main/mini/m1n1-5ub-55.txt,0,skipped,,True
2026-09-19 11:03:49,https://raw.githubusercontent.com/sevcator/5ubscrpt10n/main/mini/m1n1-5ub-54.txt,0,skipped,,True
2026-09-19 11:03:49,https://raw.githubusercontent.com/sevcator/5ubscrpt10n/main/mini/m1n1-5ub-57.txt,0,skipped,,True
2026-09-19 11:03:49,https://raw.githubusercontent.com/sevcator/5ubscrpt10n/main/mini/m1n1-5ub-47.txt,0,skipped,,True
2026-09-19 11:03:49,https://raw.githubusercontent.com/sevcator/5ubscrpt10n/main/mini/m1n1-5ub-60.txt,0,skipped,,True
2026-09-19 11:03:49,https://raw.githubusercontent.com/sevcator/5ubscrpt10n/main/mini/m1n1-5ub-61.txt,0,skipped,,True
2026-09-19 11:03:49,https://raw.githubusercontent.com/sevcator/5ubscrpt10n/main/mini/m1n1-5ub-62.txt,0,skipped,,True
2026-09-19 11:03:49,https://raw.githubusercontent.com/amirkma/proxykma/refs/heads/main/mix.txt,300,ok,,False
2026-09-19 11:03:49,https://raw.githubusercontent.com/sevcator/5ubscrpt10n/main/mini/m1n1-5ub-63.txt,0,skipped,,True
2026-09-19 11:03:49,https://raw.githubusercontent.com/mosapase/v2ray-sub/refs/heads/main/sub.txt,146,ok,,False
2026-09-19 11:03:49,https://raw.githubusercontent.com/MrAbolfazlNorouzi/iran-configs/refs/heads/main/configs/working-configs.txt,5,ok,,False
2026-09-19 11:03:49,https://raw.githubusercontent.com/gslege/CloudflareIP/refs/heads/main/Vless.txt,0,skipped,,True
2026-09-19 11:03:49,https://raw.githubusercontent.com/Mahdi0024/ProxyCollector/refs/heads/master/sub/proxies.txt,0,skipped,,True
2026-09-19 11:03:49,https://raw.githubusercontent.com/sevcator/5ubscrpt10n/main/mini/m1n1-5ub-56.txt,0,skipped,,True
2026-09-19 11:03:49,https://raw.githubusercontent.com/Epodonios/v2ray-configs/main/Splitted-By-Protocol/vless.txt,0,skipped,,True
2026-09-19 11:03:49,https://raw.githubusercontent.com/MhdiTaheri/V2rayCollector/main/sub/mix,0,skipped,,True
2026-09-19 11:03:49,https://raw.githubusercontent.com/roosterkid/openproxylist/refs/heads/main/V2RAY_RAW.txt,150,ok,,False
2026-09-19 11:03:49,https://raw.githubusercontent.com/MrPooyaX/VpnsFucking/main/Shenzo.txt,0,skipped,,True
2026-09-19 11:03:49,https://raw.githubusercontent.com/sevcator/5ubscrpt10n/main/mini/m1n1-5ub-58.txt,0,skipped,,True
2026-09-19 11:03:49,https://raw.githubusercontent.com/yebekhe/vpn-fail/refs/heads/main/sub-link,0,skipped,,True
2026-09-19 11:03:49,https://raw.githubusercontent.com/ALIILAPRO/v2rayNG-Config/main/sub.txt,2261,ok,,False
2026-09-19 11:03:49,https://raw.githubusercontent.com/ALIILAPRO/v2rayNG-Config/main/server.txt,2261,ok,,False
2026-09-19 11:03:49,https://raw.githubusercontent.com/snakem982/proxypool/main/source/v2ray.txt,0,error,404 Client Error: Not Found for url: https://raw.githubusercontent.com/snakem982/proxypool/main/source/v2ray.txt,False
2026-09-19 11:03:49,https://raw.githubusercontent.com/Epodonios/v2ray-configs/refs/heads/main/Splitted-By-Protocol/ss.txt,0,skipped,,True
2026-09-19 11:03:49,https://raw.githubusercontent.com/Epodonios/v2ray-configs/refs/heads/main/Splitted-By-Protocol/ssr.txt,0,ok,,False
2026-09-19 11:03:49,https://raw.githubusercontent.com/MrMohebi/xray-proxy-grabber-telegram/master/collected-proxies/row-url/actives.txt,0,error,404 Client Error: Not Found for url: https://raw.githubusercontent.com/MrMohebi/xray-proxy-grabber-telegram/master/collected-proxies/row-url/actives.txt,False
2026-09-19 11:03:49,https://raw.githubusercontent.com/Epodonios/v2ray-configs/refs/heads/main/Splitted-By-Protocol/vmess.txt,0,skipped,,True
2026-09-19 11:03:49,https://raw.githubusercontent.com/sevcator/5ubscrpt10n/main/mini/m1n1-5ub-59.txt,0,skipped,,True
2026-09-19 11:03:49,https://raw.githubusercontent.com/Epodonios/v2ray-configs/refs/heads/main/Splitted-By-Protocol/trojan.txt,0,skipped,,True
2026-09-19 11:03:49,https://raw.githubusercontent.com/MrMohebi/xray-proxy-grabber-telegram/master/collected-proxies/row-url/all.txt,0,error,404 Client Error: Not Found for url: https://raw.githubusercontent.com/MrMohebi/xray-proxy-grabber-telegram/master/collected-proxies/row-url/all.txt,False
2026-09-19 11:03:49,https://raw.githubusercontent.com/shuaidaoya/FreeNodes/refs/heads/main/nodes/base64.txt,0,skipped,,True
2026-09-19 11:03:49,https://raw.githubusercontent.com/mheidari98/.proxy/refs/heads/main/ss,0,skipped,,True
2026-09-19 11:03:49,https://raw.githubusercontent.com/mheidari98/.proxy/refs/heads/main/vless,0,skipped,,True
2026-09-19 11:03:49,https://raw.githubusercontent.com/Huibq/TrojanLinks/master/links/ss_with_plugin,0,skipped,,True
2026-09-19 11:03:49,https://raw.githubusercontent.com/Huibq/TrojanLinks/master/links/ss,0,skipped,,True
2026-09-19 11:03:49,https://raw.githubusercontent.com/mheidari98/.proxy/refs/heads/main/trojan,0,skipped,,True
2026-09-19 11:03:49,https://raw.githubusercontent.com/Epodonios/v2ray-configs/refs/heads/main/Splitted-By-Protocol/vless.txt,0,skipped,,True
2026-09-19 11:03:49,https://raw.githubusercontent.com/mheidari98/.proxy/refs/heads/main/vmess,0,skipped,,True
2026-09-19 11:03:49,https://raw.githubusercontent.com/Huibq/TrojanLinks/master/links/vmess,0,skipped,,True
2026-09-19 11:03:49,https://raw.githubusercontent.com/Huibq/TrojanLinks/master/links/vless,0,skipped,,True
2026-09-19 11:03:49,https://raw.githubusercontent.com/Huibq/TrojanLinks/master/links/ssr,0,skipped,,True
2026-09-19 11:03:49,https://raw.githubusercontent.com/SamanValipour1/My-v2ray-configs/main/MySub.txt,0,skipped,,True
2026-09-19 11:03:49,https://raw.githubusercontent.com/MrPooyaX/SansorchiFucker/main/data.txt,0,skipped,,True
2026-09-19 11:03:49,https://raw.githubusercontent.com/Huibq/TrojanLinks/master/links/trojan,0,skipped,,True
2026-09-19 11:03:49,https://raw.githubusercontent.com/peasoft/NoMoreWalls/refs/heads/master/list.txt,0,skipped,,True
2026-09-19 11:03:49,https://raw.githubusercontent.com/Huibq/TrojanLinks/master/links/temporary,0,skipped,,True
2026-09-19 11:03:49,https://raw.githubusercontent.com/YasserDivaR/pr0xy/main/ShadowSocks2021.txt,0,skipped,,True
2026-09-19 11:03:49,https://raw.githubusercontent.com/chfchf0306/jeidian4.18/main/4.18,0,skipped,,True
2026-09-19 11:03:49,https://raw.githubusercontent.com/mheidari98/.proxy/refs/heads/main/all,0,skipped,,True
2026-09-19 11:03:49,https://raw.githubusercontent.com/SANYIMOE/VPN-free/master/sub,0,skipped,,True
2026-09-19 11:03:49,https://raw.githubusercontent.com/vxiaov/free_proxy_ss/main/ss/sssub,0,skipped,,True
2026-09-19 11:03:49,https://raw.githubusercontent.com/shabane/kamaji/master/hub/b64/trojan.txt,5446,ok,,False
2026-09-19 11:03:49,https://raw.githubusercontent.com/wrfree/free/refs/heads/main/ssr,0,skipped,,True
2026-09-19 11:03:49,https://raw.githubusercontent.com/xhmotor/V2rayn/main/v2rayn,0,skipped,,True
2026-09-19 11:03:49,https://raw.githubusercontent.com/wrfree/free/refs/heads/main/v2,0,skipped,,True
2026-09-19 11:03:49,https://raw.githubusercontent.com/shabane/kamaji/master/hub/b64/vmess.txt,6559,ok,,False
2026-09-19 11:03:49,https://raw.githubusercontent.com/freefq/free/master/v2,0,skipped,,True
2026-09-19 11:03:49,https://raw.githubusercontent.com/ssrsub/ssr/master/ss-sub,0,error,404 Client Error: Not Found for url: https://raw.githubusercontent.com/ssrsub/ssr/master/ss-sub,False
2026-09-19 11:03:49,https://raw.githubusercontent.com/shirkerboy/scp/main/sub,0,error,404 Client Error: Not Found for url: https://raw.githubusercontent.com/shirkerboy/scp/main/sub,False
2026-09-19 11:03:49,https://raw.githubusercontent.com/hkaa0/permalink/main/proxy/V2ray,0,error,404 Client Error: Not Found for url: https://raw.githubusercontent.com/hkaa0/permalink/main/proxy/V2ray,False
2026-09-19 11:03:49,https://raw.githubusercontent.com/barry-far/V2ray-Configs/main/Splitted-By-Protocol/vless.txt,0,error,404 Client Error: Not Found for url: https://raw.githubusercontent.com/barry-far/V2ray-Configs/main/Splitted-By-Protocol/vless.txt,False
2026-09-19 11:03:49,https://raw.githubusercontent.com/amirparsaxs/V2rayy/refs/heads/main/Sub.text555,0,skipped,,True
2026-09-19 11:03:49,https://raw.githubusercontent.com/sh3d0ww02f/sh3d0ww02f.github.io/main/ssr.config,0,skipped,,True
2026-09-19 11:03:49,https://raw.githubusercontent.com/hkaa0/permalink/e8f97142d083c0f5dac55af7b6531b300f273b4d/proxy/V2ray,0,skipped,,True
2026-09-19 11:03:49,https://raw.githubusercontent.com/JieErJingFu/FreeNodesV2RayorTrojan_20210113-/main/EncryptedFreeNodes.txt,0,skipped,,True
2026-09-19 11:03:49,https://raw.githubusercontent.com/HakurouKen/free-node/main/public,0,skipped,,True
2026-09-19 11:03:49,https://raw.githubusercontent.com/voken100g/AutoSSR/master/online,0,skipped,,True
2026-09-19 11:03:49,https://raw.githubusercontent.com/shabane/kamaji/master/hub/b64/ss.txt,13653,ok,,False
2026-09-19 11:03:49,https://raw.githubusercontent.com/ssrsub/ssr/master/V2Ray,0,error,404 Client Error: Not Found for url: https://raw.githubusercontent.com/ssrsub/ssr/master/V2Ray,False
2026-09-19 11:03:49,https://raw.githubusercontent.com/ebrasha/free-v2ray-public-list/refs/heads/main/V2Ray-Config-By-EbraSha.txt,1617,ok,,False
2026-09-19 11:03:49,https://raw.githubusercontent.com/samjoeyang/subscribe/main/fly,0,error,404 Client Error: Not Found for url: https://raw.githubusercontent.com/samjoeyang/subscribe/main/fly,False
2026-09-19 11:03:49,https://raw.githubusercontent.com/ssrsub/ssr/master/trojan,0,error,404 Client Error: Not Found for url: https://raw.githubusercontent.com/ssrsub/ssr/master/trojan,False
2026-09-19 11:03:49,https://raw.githubusercontent.com/ssrsub/ssr/master/ssrsub,0,error,404 Client Error: Not Found for url: https://raw.githubusercontent.com/ssrsub/ssr/master/ssrsub,False
2026-09-19 11:03:49,https://raw.githubusercontent.com/w1770946466/Auto_proxy/main/Long_term_subscription2,0,skipped,,True
2026-09-19 11:03:49,https://raw.githubusercontent.com/ebrasha/free-v2ray-public-list/refs/heads/main/V2Ray-Config-By-EbraSha-All-Type.txt,36576,ok,,False
2026-09-19 11:03:49,https://raw.githubusercontent.com/w1770946466/Auto_proxy/main/Long_term_subscription3,0,skipped,,True
2026-09-19 11:03:49,https://raw.githubusercontent.com/tjyu010/jiedian/main/21,0,skipped,,True
2026-09-19 11:03:49,https://raw.githubusercontent.com/vxiaov/free_proxy_ss/main/v2ray/v2raysub,0,skipped,,True
2026-09-19 11:03:49,https://raw.githubusercontent.com/vxiaov/free_proxy_ss/main/ssr/ssrsub,0,skipped,,True
2026-09-19 11:03:49,https://raw.githubusercontent.com/learnhard-cn/free_proxy_ss/main/v2ray/v2raysub,0,skipped,,True
2026-09-19 11:03:49,https://raw.githubusercontent.com/webdao/v2ray/master/nodes.txt,0,ok,,False
2026-09-19 11:03:49,https://raw.githubusercontent.com/awesome-vpn/awesome-vpn/master/all,50,ok,,False
2026-09-19 11:03:49,https://raw.githubusercontent.com/awesome-vpn/awesome-vpn/master/ss,0,error,404 Client Error: Not Found for url: https://raw.githubusercontent.com/awesome-vpn/awesome-vpn/master/ss,False
2026-09-19 11:03:49,https://raw.githubusercontent.com/awesome-vpn/awesome-vpn/master/ssr,0,error,404 Client Error: Not Found for url: https://raw.githubusercontent.com/awesome-vpn/awesome-vpn/master/ssr,False
2026-09-19 11:03:49,https://raw.githubusercontent.com/Pawdroid/Free-servers/main/sub,20,ok,,False
2026-09-19 11:03:49,https://raw.githubusercontent.com/Mohammadgb0078/IRV2ray/main/vmess.txt,0,skipped,,True
2026-09-19 11:03:49,https://raw.githubusercontent.com/kaoxindalao/v2raycheshi/main/v2raycheshi,0,skipped,,True
2026-09-19 11:03:49,https://raw.githubusercontent.com/RaymondHarris971/ssrsub/master/9a075bdee5.txt,0,skipped,,True
2026-09-19 11:03:49,https://raw.githubusercontent.com/Mohammadgb0078/IRV2ray/main/vless.txt,0,skipped,,True
2026-09-19 11:03:49,https://raw.githubusercontent.com/shabane/kamaji/master/hub/b64/vless.txt,27903,ok,,False
2026-09-19 11:03:49,https://raw.githubusercontent.com/youfoundamin/V2rayCollector/main/ss_iran.txt,369,ok,,False
2026-09-19 11:03:49,https://raw.githubusercontent.com/youfoundamin/V2rayCollector/main/vless_iran.txt,2668,ok,,False
2026-09-19 11:03:49,https://raw.githubusercontent.com/youfoundamin/V2rayCollector/main/trojan_iran.txt,441,ok,,False
2026-09-19 11:03:49,https://raw.githubusercontent.com/learnhard-cn/free_proxy_ss/main/free,0,skipped,,True
2026-09-19 11:03:49,https://raw.githubusercontent.com/youfoundamin/V2rayCollector/main/mixed_iran.txt,448,ok,,False
2026-09-19 11:03:49,https://raw.githubusercontent.com/youfoundamin/V2rayCollector/main/vmess_iran.txt,0,skipped,,True
2026-09-19 11:03:49,https://raw.githubusercontent.com/openRunner/clash-freenode/main/v2ray.txt,0,error,404 Client Error: Not Found for url: https://raw.githubusercontent.com/openRunner/clash-freenode/main/v2ray.txt,False
2026-09-19 11:03:49,https://raw.githubusercontent.com/rxsweet/CM_Vmess/refs/heads/main/test.txt,0,error,404 Client Error: Not Found for url: https://raw.githubusercontent.com/rxsweet/CM_Vmess/refs/heads/main/test.txt,False
2026-09-19 11:03:49,https://raw.githubusercontent.com/learnhard-cn/free_proxy_ss/main/ss/sssub,0,skipped,,True
2026-09-19 11:03:49,https://raw.githubusercontent.com/learnhard-cn/free_proxy_ss/main/ssr/ssrsub,0,skipped,,True
2026-09-19 11:03:49,https://raw.githubusercontent.com/Leon406/SubCrawler/main/sub/share/all3,0,error,404 Client Error: Not Found for url: https://raw.githubusercontent.com/Leon406/SubCrawler/main/sub/share/all3,False
2026-09-19 11:03:49,https://raw.githubusercontent.com/Flik6/getNode/main/v2ray.txt,0,ok,,False
2026-09-19 11:03:49,https://raw.githubusercontent.com/adminaliang/v2ray/refs/heads/main/v2ray,0,skipped,,True
2026-09-19 11:03:49,https://raw.githubusercontent.com/Leon406/SubCrawler/main/sub/share/v2,0,skipped,,True
2026-09-19 11:03:49,https://raw.githubusercontent.com/snakem982/proxypool/main/nodelist.txt,0,error,404 Client Error: Not Found for url: https://raw.githubusercontent.com/snakem982/proxypool/main/nodelist.txt,False
2026-09-19 11:03:49,https://raw.githubusercontent.com/Leon406/SubCrawler/main/sub/share/all4,0,error,404 Client Error: Not Found for url: https://raw.githubusercontent.com/Leon406/SubCrawler/main/sub/share/all4,False
2026-09-19 11:03:49,https://raw.githubusercontent.com/Mahanfix/v2rayvpn/main/mahanfix,0,error,404 Client Error: Not Found for url: https://raw.githubusercontent.com/Mahanfix/v2rayvpn/main/mahanfix,False
2026-09-19 11:03:49,https://raw.githubusercontent.com/mfuu/v2ray/master/v2ray,0,error,404 Client Error: Not Found for url: https://raw.githubusercontent.com/mfuu/v2ray/master/v2ray,False
2026-09-19 11:03:49,https://raw.githubusercontent.com/ts-sf/fly/main/v2,0,skipped,,True
2026-09-19 11:03:49,https://raw.githubusercontent.com/webdao/v2ray/refs/heads/master/nodes2.txt,0,ok,,False
2026-09-19 11:03:49,https://raw.githubusercontent.com/webdao/v2ray/refs/heads/master/nodes.txt,0,ok,,False
2026-09-19 11:03:49,https://raw.githubusercontent.com/Heapy/awesome-kotlin/main/Backlog.txt,0,ok,,False
2026-09-19 11:03:49,https://raw.githubusercontent.com/webdao/v2ray/refs/heads/master/nodes3.txt,0,ok,,False
2026-09-19 11:03:49,https://raw.githubusercontent.com/shabane/kamaji/master/hub/b64/merged.txt,53296,ok,,False
2026-09-19 11:03:49,https://raw.githubusercontent.com/vpei/free-node-1/refs/heads/main/res/nod-1.txt,0,skipped,,True
2026-09-19 11:03:49,https://raw.githubusercontent.com/vpei/free-node-1/refs/heads/main/res/nod-0.txt,0,skipped,,True
2026-09-19 11:03:49,https://raw.githubusercontent.com/vpei/free-node-1/refs/heads/main/res/nod-3.txt,0,skipped,,True
2026-09-19 11:03:49,https://raw.githubusercontent.com/vpei/free-node-1/refs/heads/main/res/nod-4.txt,0,skipped,,True
2026-09-19 11:03:49,https://raw.githubusercontent.com/freessr0/FREE-SSR/master/V2ray_2020-05-01__23-15-45.txt,0,skipped,,True
2026-09-19 11:03:49,https://raw.githubusercontent.com/freessr0/FREE-SSR/master/V2ray_2020-05-02__18-54-50.txt,0,skipped,,True
2026-09-19 11:03:49,https://raw.githubusercontent.com/vpei/free-node-1/refs/heads/main/res/nod-2.txt,0,skipped,,True
2026-09-19 11:03:49,https://raw.githubusercontent.com/freessr0/FREE-SSR/master/SSR_2020-05-01__23-15-45.txt,0,skipped,,True
2026-09-19 11:03:49,https://raw.githubusercontent.com/freessr0/FREE-SSR/master/SSR_2020-05-02__18-54-50.txt,0,skipped,,True
2026-09-19 11:03:49,https://raw.githubusercontent.com/Epodonios/v2ray-configs/main/Splitted-By-Protocol/trojan.txt,0,skipped,,True
2026-09-19 11:03:49,https://raw.githubusercontent.com/vpei/free-node-1/refs/heads/main/res/nod-6.txt,0,skipped,,True
2026-09-19 11:03:49,https://raw.githubusercontent.com/Epodonios/v2ray-configs/main/Splitted-By-Protocol/ss.txt,0,skipped,,True
2026-09-19 11:03:49,https://raw.githubusercontent.com/iboxz/free-v2ray-collector/main/main/shadowsocks,0,skipped,,True
2026-09-19 11:03:49,https://raw.githubusercontent.com/iboxz/free-v2ray-collector/main/main/trojan,0,skipped,,True
2026-09-19 11:03:49,https://raw.githubusercontent.com/vpei/free-node-1/refs/heads/main/res/nod-7.txt,0,skipped,,True
2026-09-19 11:03:49,https://raw.githubusercontent.com/iboxz/free-v2ray-collector/main/main/vless,0,skipped,,True
2026-09-19 11:03:49,https://raw.githubusercontent.com/iboxz/free-v2ray-collector/main/main,0,error,404 Client Error: Not Found for url: https://raw.githubusercontent.com/iboxz/free-v2ray-collector/main/main,False
2026-09-19 11:03:49,https://raw.githubusercontent.com/52bp/52bp.github.io/master/freesite.html,0,error,404 Client Error: Not Found for url: https://raw.githubusercontent.com/52bp/52bp.github.io/master/freesite.html,False
2026-09-19 11:03:49,https://raw.githubusercontent.com/dalazhi/v2ray/main/v2ray订阅,18,ok,,False
2026-09-19 11:03:49,https://raw.githubusercontent.com/LayneChai/subscribe/main/README.md,0,error,404 Client Error: Not Found for url: https://raw.githubusercontent.com/LayneChai/subscribe/main/README.md,False
2026-09-19 11:03:49,https://raw.githubusercontent.com/parsashonam/v2ray/main/all,0,skipped,,True
2026-09-19 11:03:49,https://raw.githubusercontent.com/Jsnzkpg/Jsnzkpg/Jsnzkpg/Jsnzkpg,0,ok,,False
2026-09-19 11:03:49,https://raw.githubusercontent.com/vpei/free-node-1/refs/heads/main/res/nod-5.txt,0,skipped,,True
2026-09-19 11:03:49,https://raw.githubusercontent.com/vpei/free-node-1/refs/heads/main/res/nod-9.txt,0,skipped,,True
2026-09-19 11:03:49,https://raw.githubusercontent.com/Surfboardv2ray/TGParse/main/python/hysteria2,0,skipped,,True
2026-09-19 11:03:49,https://raw.githubusercontent.com/Surfboardv2ray/TGParse/main/python/hy2,0,skipped,,True
2026-09-19 11:03:49,https://raw.githubusercontent.com/amirmohammad-mohammad-88/Sub-Reality-Azadi-config/Config/Azadi-Reality-Different-Base64,0,error,404 Client Error: Not Found for url: https://raw.githubusercontent.com/amirmohammad-mohammad-88/Sub-Reality-Azadi-config/Config/Azadi-Reality-Different-Base64,False
2026-09-19 11:03:49,https://raw.githubusercontent.com/V2RAYCONFIGSPOOL/V2RAY_SUB/main/V2RAY_SUB.txt,0,error,404 Client Error: Not Found for url: https://raw.githubusercontent.com/V2RAYCONFIGSPOOL/V2RAY_SUB/main/V2RAY_SUB.txt,False
2026-09-19 11:03:49,https://raw.githubusercontent.com/amirmohammad-mohammad-88/Sub-Reality-Azadi-config/Config/Azadi-Reality-Different,0,error,404 Client Error: Not Found for url: https://raw.githubusercontent.com/amirmohammad-mohammad-88/Sub-Reality-Azadi-config/Config/Azadi-Reality-Different,False
2026-09-19 11:03:49,https://raw.githubusercontent.com/vxiaov/free_proxies/refs/heads/main/links.txt,0,skipped,,True
2026-09-19 11:03:49,https://raw.githubusercontent.com/Surfboardv2ray/TGParse/main/python/hysteria,0,skipped,,True
2026-09-19 11:03:49,https://raw.githubusercontent.com/SamanValipour1/My-v2ray-configs/refs/heads/main/MySub.txt,0,skipped,,True
2026-09-19 11:03:49,https://raw.githubusercontent.com/MrPooyaX/SansorchiFucker/refs/heads/main/data.txt,0,skipped,,True
2026-09-19 11:03:49,https://raw.githubusercontent.com/sansorchi/sansorchi/refs/heads/main/data.txt,0,ok,,False
2026-09-19 11:03:49,https://raw.githubusercontent.com/IranianCypherpunks/Xray/refs/heads/main/Sub,0,skipped,,True
2026-09-19 11:03:49,https://raw.githubusercontent.com/MrPooyaX/VpnsFucking/refs/heads/main/BeVpn.txt,0,skipped,,True
2026-09-19 11:03:49,https://raw.githubusercontent.com/MrPooyaX/VpnsFucking/refs/heads/main/Shenzo.txt,0,skipped,,True
2026-09-19 11:03:49,https://raw.githubusercontent.com/gfpcom/free-proxy-list/main/list/http.txt,0,error,404 Client Error: Not Found for url: https://raw.githubusercontent.com/gfpcom/free-proxy-list/main/list/http.txt,False
2026-09-19 11:03:49,https://raw.githubusercontent.com/MhdiTaheri/V2rayCollector/main/sub/ss,0,skipped,,True
2026-09-19 11:03:49,https://raw.githubusercontent.com/gfpcom/free-proxy-list/main/list/https.txt,0,error,404 Client Error: Not Found for url: https://raw.githubusercontent.com/gfpcom/free-proxy-list/main/list/https.txt,False
2026-09-19 11:03:49,https://raw.githubusercontent.com/MhdiTaheri/V2rayCollector/main/sub/vmess,0,skipped,,True
2026-09-19 11:03:49,https://raw.githubusercontent.com/vpei/free-node-1/refs/heads/main/res/nod-8.txt,0,skipped,,True
2026-09-19 11:03:49,https://raw.githubusercontent.com/Surfboardv2ray/TGParse/main/splitted/hysteria2,0,skipped,,True
2026-09-19 11:03:49,https://raw.githubusercontent.com/MhdiTaheri/V2rayCollector/main/sub/vless,0,skipped,,True
2026-09-19 11:03:49,https://raw.githubusercontent.com/gfpcom/free-proxy-list/main/list/socks4a.txt,0,error,404 Client Error: Not Found for url: https://raw.githubusercontent.com/gfpcom/free-proxy-list/main/list/socks4a.txt,False
2026-09-19 11:03:49,https://raw.githubusercontent.com/gfpcom/free-proxy-list/main/list/socks4.txt,0,error,404 Client Error: Not Found for url: https://raw.githubusercontent.com/gfpcom/free-proxy-list/main/list/socks4.txt,False
2026-09-19 11:03:49,https://raw.githubusercontent.com/gfpcom/free-proxy-list/main/list/socks5.txt,0,error,404 Client Error: Not Found for url: https://raw.githubusercontent.com/gfpcom/free-proxy-list/main/list/socks5.txt,False
2026-09-19 11:03:49,https://raw.githubusercontent.com/gfpcom/free-proxy-list/main/list/vless.txt,0,error,404 Client Error: Not Found for url: https://raw.githubusercontent.com/gfpcom/free-proxy-list/main/list/vless.txt,False
2026-09-19 11:03:49,https://raw.githubusercontent.com/Surfboardv2ray/TGParse/main/splitted/hy2,0,skipped,,True
2026-09-19 11:03:49,https://raw.githubusercontent.com/gfpcom/free-proxy-list/main/list/ssr.txt,0,error,404 Client Error: Not Found for url: https://raw.githubusercontent.com/gfpcom/free-proxy-list/main/list/ssr.txt,False
2026-09-19 11:03:49,https://raw.githubusercontent.com/gfpcom/free-proxy-list/main/list/trojan.txt,0,error,404 Client Error: Not Found for url: https://raw.githubusercontent.com/gfpcom/free-proxy-list/main/list/trojan.txt,False
2026-09-19 11:03:49,https://raw.githubusercontent.com/gfpcom/free-proxy-list/main/list/vmess.txt,0,error,404 Client Error: Not Found for url: https://raw.githubusercontent.com/gfpcom/free-proxy-list/main/list/vmess.txt,False
2026-09-19 11:03:49,https://raw.githubusercontent.com/gfpcom/free-proxy-list/main/list/ss.txt,0,error,404 Client Error: Not Found for url: https://raw.githubusercontent.com/gfpcom/free-proxy-list/main/list/ss.txt,False
2026-09-19 11:03:49,https://raw.githubusercontent.com/gfpcom/free-proxy-list/main/list/socks5h.txt,0,error,404 Client Error: Not Found for url: https://raw.githubusercontent.com/gfpcom/free-proxy-list/main/list/socks5h.txt,False
2026-09-19 11:03:49,https://raw.githubusercontent.com/SANYIMOE/VPN-free/9ecbfd0efd89256e136f7b8c4558dc94fe1905af/conf/data.txt,0,skipped,,True
2026-09-19 11:03:49,https://raw.githubusercontent.com/barry-far/V2ray-Configs/main/Splitted-By-Protocol/hysteria2.txt,0,error,404 Client Error: Not Found for url: https://raw.githubusercontent.com/barry-far/V2ray-Configs/main/Splitted-By-Protocol/hysteria2.txt,False
2026-09-19 11:03:49,https://raw.githubusercontent.com/Epodonios/v2ray-configs/main/Splitted-By-Protocol/mix.txt,0,error,404 Client Error: Not Found for url: https://raw.githubusercontent.com/Epodonios/v2ray-configs/main/Splitted-By-Protocol/mix.txt,False
2026-09-19 11:03:49,https://raw.githubusercontent.com/Epodonios/v2ray-configs/main/Splitted-By-Protocol/ssr.txt,0,ok,,False
2026-09-19 11:03:49,https://raw.githubusercontent.com/SANYIMOE/VPN-free/bfd7d84e84ef6fbbd89352dea17fdbcb8ac3e29a/conf/data.txt,0,skipped,,True
2026-09-19 11:03:49,https://raw.githubusercontent.com/SANYIMOE/VPN-free/5b5c8c09aa665169692ffcb48fed7c786bf0e737/conf/data.txt,0,skipped,,True
2026-09-19 11:03:49,https://raw.githubusercontent.com/SANYIMOE/VPN-free/4cf1dfd9e9b1f612a60f8796f43ea17f2bca0727/conf/data.txt,0,skipped,,True
2026-09-19 11:03:49,https://raw.githubusercontent.com/soroushmirzaei/telegram-configs-collector/main/protocols/tuic,0,error,404 Client Error: Not Found for url: https://raw.githubusercontent.com/soroushmirzaei/telegram-configs-collector/main/protocols/tuic,False
2026-09-19 11:03:49,https://raw.githubusercontent.com/soroushmirzaei/telegram-configs-collector/main/protocols/hysteria,0,error,404 Client Error: Not Found for url: https://raw.githubusercontent.com/soroushmirzaei/telegram-configs-collector/main/protocols/hysteria,False
2026-09-19 11:03:49,https://raw.githubusercontent.com/SANYIMOE/VPN-free/6e93041767a76c3104062551b003f29ea55f584e/conf/data.txt,0,skipped,,True
2026-09-19 11:03:49,https://raw.githubusercontent.com/soroushmirzaei/telegram-configs-collector/main/protocols/reality,0,error,404 Client Error: Not Found for url: https://raw.githubusercontent.com/soroushmirzaei/telegram-configs-collector/main/protocols/reality,False
2026-09-19 11:03:49,https://raw.githubusercontent.com/soroushmirzaei/telegram-configs-collector/main/protocols/juicity,0,error,404 Client Error: Not Found for url: https://raw.githubusercontent.com/soroushmirzaei/telegram-configs-collector/main/protocols/juicity,False
2026-09-19 11:03:49,https://raw.githubusercontent.com/Epodonios/v2ray-configs/main/Splitted-By-Protocol/vmess.txt,0,skipped,,True
2026-09-19 11:03:49,https://raw.githubusercontent.com/soroushmirzaei/telegram-configs-collector/main/protocols/shadowsocks,0,error,404 Client Error: Not Found for url: https://raw.githubusercontent.com/soroushmirzaei/telegram-configs-collector/main/protocols/shadowsocks,False
2026-09-19 11:03:49,https://raw.githubusercontent.com/soroushmirzaei/telegram-configs-collector/main/protocols/trojan,0,error,404 Client Error: Not Found for url: https://raw.githubusercontent.com/soroushmirzaei/telegram-configs-collector/main/protocols/trojan,False
2026-09-19 11:03:49,https://raw.githubusercontent.com/soroushmirzaei/telegram-configs-collector/main/protocols/vless,0,error,404 Client Error: Not Found for url: https://raw.githubusercontent.com/soroushmirzaei/telegram-configs-collector/main/protocols/vless,False
2026-09-19 11:03:49,https://raw.githubusercontent.com/soroushmirzaei/telegram-configs-collector/main/protocols/vmess,0,error,404 Client Error: Not Found for url: https://raw.githubusercontent.com/soroushmirzaei/telegram-configs-collector/main/protocols/vmess,False
2026-09-19 11:03:49,https://raw.githubusercontent.com/soroushmirzaei/telegram-configs-collector/main/channels/protocols/tuic,0,error,404 Client Error: Not Found for url: https://raw.githubusercontent.com/soroushmirzaei/telegram-configs-collector/main/channels/protocols/tuic,False
2026-09-19 11:03:49,https://raw.githubusercontent.com/soroushmirzaei/telegram-configs-collector/main/channels/protocols/juicity,0,error,404 Client Error: Not Found for url: https://raw.githubusercontent.com/soroushmirzaei/telegram-configs-collector/main/channels/protocols/juicity,False
2026-09-19 11:03:49,https://raw.githubusercontent.com/soroushmirzaei/telegram-configs-collector/main/channels/protocols/hysteria,0,error,404 Client Error: Not Found for url: https://raw.githubusercontent.com/soroushmirzaei/telegram-configs-collector/main/channels/protocols/hysteria,False
2026-09-19 11:03:49,https://raw.githubusercontent.com/soroushmirzaei/telegram-configs-collector/main/channels/protocols/reality,0,error,404 Client Error: Not Found for url: https://raw.githubusercontent.com/soroushmirzaei/telegram-configs-collector/main/channels/protocols/reality,False
2026-09-19 11:03:49,https://raw.githubusercontent.com/soroushmirzaei/telegram-configs-collector/main/channels/protocols/shadowsocks,0,error,404 Client Error: Not Found for url: https://raw.githubusercontent.com/soroushmirzaei/telegram-configs-collector/main/channels/protocols/shadowsocks,False
2026-09-19 11:03:49,https://raw.githubusercontent.com/soroushmirzaei/telegram-configs-collector/main/channels/protocols/trojan,0,error,404 Client Error: Not Found for url: https://raw.githubusercontent.com/soroushmirzaei/telegram-configs-collector/main/channels/protocols/trojan,False
2026-09-19 11:03:49,https://raw.githubusercontent.com/soroushmirzaei/telegram-configs-collector/main/channels/protocols/vless,0,error,404 Client Error: Not Found for url: https://raw.githubusercontent.com/soroushmirzaei/telegram-configs-collector/main/channels/protocols/vless,False
2026-09-19 11:03:49,https://raw.githubusercontent.com/yebekhe/TelegramV2rayCollector/main/sub/normal/shadowsocks,0,error,404 Client Error: Not Found for url: https://raw.githubusercontent.com/yebekhe/TelegramV2rayCollector/main/sub/normal/shadowsocks,False
2026-09-19 11:03:49,https://raw.githubusercontent.com/soroushmirzaei/telegram-configs-collector/main/channels/protocols/vmess,0,error,404 Client Error: Not Found for url: https://raw.githubusercontent.com/soroushmirzaei/telegram-configs-collector/main/channels/protocols/vmess,False
2026-09-19 11:03:49,https://raw.githubusercontent.com/yebekhe/TelegramV2rayCollector/main/sub/normal/vless,0,error,404 Client Error: Not Found for url: https://raw.githubusercontent.com/yebekhe/TelegramV2rayCollector/main/sub/normal/vless,False
2026-09-19 11:03:49,https://raw.githubusercontent.com/yebekhe/TelegramV2rayCollector/main/sub/normal/trojan,0,error,404 Client Error: Not Found for url: https://raw.githubusercontent.com/yebekhe/TelegramV2rayCollector/main/sub/normal/trojan,False
2026-09-19 11:03:49,https://raw.githubusercontent.com/yebekhe/TelegramV2rayCollector/main/sub/normal/vmess,0,error,404 Client Error: Not Found for url: https://raw.githubusercontent.com/yebekhe/TelegramV2rayCollector/main/sub/normal/vmess,False
2026-09-19 11:03:49,https://raw.githubusercontent.com/yebekhe/TelegramV2rayCollector/main/sub/normal/tuic,0,error,404 Client Error: Not Found for url: https://raw.githubusercontent.com/yebekhe/TelegramV2rayCollector/main/sub/normal/tuic,False
2026-09-19 11:03:49,https://raw.githubusercontent.com/yebekhe/TelegramV2rayCollector/main/sub/normal/reality,0,error,404 Client Error: Not Found for url: https://raw.githubusercontent.com/yebekhe/TelegramV2rayCollector/main/sub/normal/reality,False
2026-09-19 11:03:49,https://raw.githubusercontent.com/yebekhe/TelegramV2rayCollector/main/sub/normal/donated,0,error,404 Client Error: Not Found for url: https://raw.githubusercontent.com/yebekhe/TelegramV2rayCollector/main/sub/normal/donated,False
2026-09-19 11:03:49,https://raw.githubusercontent.com/MhdiTaheri/V2rayCollector/main/sub/hysteriabase64,0,skipped,,True
2026-09-19 11:03:49,https://raw.githubusercontent.com/yebekhe/TelegramV2rayCollector/main/sub/normal/hysteria2,0,error,404 Client Error: Not Found for url: https://raw.githubusercontent.com/yebekhe/TelegramV2rayCollector/main/sub/normal/hysteria2,False
2026-09-19 11:03:49,https://raw.githubusercontent.com/MhdiTaheri/V2rayCollector/main/sub/trojanbase64,0,skipped,,True
2026-09-19 11:03:49,https://raw.githubusercontent.com/freev2rayconfig/V2RAY_SUBSCRIPTION_LINK/main/v2rayconfigs.txt,0,error,404 Client Error: Not Found for url: https://raw.githubusercontent.com/freev2rayconfig/V2RAY_SUBSCRIPTION_LINK/main/v2rayconfigs.txt,False
2026-09-19 11:03:49,https://raw.githubusercontent.com/MatinGhanbari/v2ray-configs/main/subscriptions/filtered/subs/vless.txt,0,skipped,,True
2026-09-19 11:03:49,https://raw.githubusercontent.com/MhdiTaheri/V2rayCollector/main/sub/ssbase64,0,skipped,,True
2026-09-19 11:03:49,https://raw.githubusercontent.com/MhdiTaheri/V2rayCollector/main/sub/tuicbase64,0,skipped,,True
2026-09-19 11:03:49,https://raw.githubusercontent.com/MatinGhanbari/v2ray-configs/main/subscriptions/filtered/subs/ssr.txt,0,error,404 Client Error: Not Found for url: https://raw.githubusercontent.com/MatinGhanbari/v2ray-configs/main/subscriptions/filtered/subs/ssr.txt,False
2026-09-19 11:03:49,https://raw.githubusercontent.com/MatinGhanbari/v2ray-configs/main/subscriptions/filtered/subs/trojan.txt,0,skipped,,True
2026-09-19 11:03:49,https://raw.githubusercontent.com/IranianCypherpunks/Xray/main/Sub,0,skipped,,True
2026-09-19 11:03:49,https://raw.githubusercontent.com/MatinGhanbari/v2ray-configs/main/subscriptions/filtered/subs/hy2.txt,0,error,404 Client Error: Not Found for url: https://raw.githubusercontent.com/MatinGhanbari/v2ray-configs/main/subscriptions/filtered/subs/hy2.txt,False
2026-09-19 11:03:49,https://raw.githubusercontent.com/MatinGhanbari/v2ray-configs/main/subscriptions/filtered/subs/vmess.txt,0,skipped,,True
2026-09-19 11:03:49,https://raw.githubusercontent.com/MatinGhanbari/v2ray-configs/main/subscriptions/filtered/subs/tuic.txt,0,error,404 Client Error: Not Found for url: https://raw.githubusercontent.com/MatinGhanbari/v2ray-configs/main/subscriptions/filtered/subs/tuic.txt,False
2026-09-19 11:03:49,https://raw.githubusercontent.com/dream4network/telegram-configs-collector/main/subscribe/protocols/juicity,0,skipped,,True
2026-09-19 11:03:49,https://raw.githubusercontent.com/MatinGhanbari/v2ray-configs/main/subscriptions/filtered/subs/ss.txt,0,skipped,,True
2026-09-19 11:03:49,https://raw.githubusercontent.com/dream4network/telegram-configs-collector/main/protocols/hysteria,0,skipped,,True
2026-09-19 11:03:49,https://raw.githubusercontent.com/dream4network/telegram-configs-collector/main/protocols/tuic,0,skipped,,True
2026-09-19 11:03:49,https://raw.githubusercontent.com/dream4network/telegram-configs-collector/main/protocols/vmess,0,skipped,,True
2026-09-19 11:03:49,https://raw.githubusercontent.com/dream4network/telegram-configs-collector/main/protocols/vless,0,skipped,,True
2026-09-19 11:03:49,https://raw.githubusercontent.com/dream4network/telegram-configs-collector/main/protocols/reality,0,skipped,,True
2026-09-19 11:03:49,https://raw.githubusercontent.com/dream4network/telegram-configs-collector/main/protocols/trojan,0,skipped,,True
2026-09-19 11:03:49,https://raw.githubusercontent.com/dream4network/telegram-configs-collector/main/protocols/shadowsocks,0,skipped,,True
2026-09-19 11:03:49,https://raw.githubusercontent.com/dream4network/telegram-configs-collector/main/splitted/mixed,0,skipped,,True
2026-09-19 11:03:49,https://github.com/nikita29a/FreeProxyList/raw/refs/heads/main/mirror/4.txt,390,ok,,False
2026-09-19 11:03:49,https://github.com/Au1rxx/free-vpn-subscriptions/raw/main/output/v2ray-base64.txt,1712,ok,,False
2026-09-19 11:03:49,https://github.com/nikita29a/FreeProxyList/raw/refs/heads/main/mirror/5.txt,1097,ok,,False
2026-09-19 11:03:49,https://github.com/nikita29a/FreeProxyList/raw/refs/heads/main/mirror/6.txt,150,ok,,False
2026-09-19 11:03:49,https://github.com/nikita29a/FreeProxyList/raw/refs/heads/main/mirror/1.txt,9568,ok,,False
2026-09-19 11:03:49,https://github.com/nikita29a/FreeProxyList/raw/refs/heads/main/mirror/3.txt,8577,ok,,False
2026-09-19 11:03:49,https://github.com/nikita29a/FreeProxyList/raw/refs/heads/main/mirror/7.txt,498,ok,,False
2026-09-19 11:03:49,https://github.com/nikita29a/FreeProxyList/raw/refs/heads/main/mirror/10.txt,6106,ok,,False
2026-09-19 11:03:49,https://github.com/nikita29a/FreeProxyList/raw/refs/heads/main/mirror/8.txt,199,ok,,False
2026-09-19 11:03:49,https://github.com/nikita29a/FreeProxyList/raw/refs/heads/main/mirror/9.txt,293,ok,,False
2026-09-19 11:03:49,https://github.com/nikita29a/FreeProxyList/raw/refs/heads/main/mirror/11.txt,478,ok,,False
2026-09-19 11:03:49,https://github.com/0xRadikal/Free-v2ray-Configs/raw/refs/heads/main/all/configs_base64.txt,12204,ok,,False
2026-09-19 11:03:49,https://github.com/nikita29a/FreeProxyList/raw/refs/heads/main/mirror/13.txt,81,ok,,False
2026-09-19 11:03:49,https://github.com/nikita29a/FreeProxyList/raw/refs/heads/main/mirror/15.txt,20,ok,,False
2026-09-19 11:03:49,https://github.com/nikita29a/FreeProxyList/raw/refs/heads/main/mirror/17.txt,231,ok,,False
2026-09-19 11:03:49,https://github.com/nikita29a/FreeProxyList/raw/refs/heads/main/mirror/16.txt,302,ok,,False
2026-09-19 11:03:49,https://github.com/nikita29a/FreeProxyList/raw/refs/heads/main/mirror/12.txt,16112,ok,,False
2026-09-19 11:03:49,https://github.com/nikita29a/FreeProxyList/raw/refs/heads/main/mirror/14.txt,2113,ok,,False
2026-09-19 11:03:49,https://github.com/nikita29a/FreeProxyList/raw/refs/heads/main/mirror/2.txt,68367,ok,,False
2026-09-19 11:03:49,https://github.com/nikita29a/FreeProxyList/raw/refs/heads/main/mirror/18.txt,1388,ok,,False
2026-09-19 11:03:49,https://github.com/nikita29a/FreeProxyList/raw/refs/heads/main/mirror/19.txt,2323,ok,,False
2026-09-19 11:03:49,https://github.com/nikita29a/FreeProxyList/raw/refs/heads/main/mirror/22.txt,1186,ok,,False
2026-09-19 11:03:49,https://github.com/nikita29a/FreeProxyList/raw/refs/heads/main/mirror/21.txt,275,ok,,False
2026-09-19 11:03:49,https://github.com/nikita29a/FreeProxyList/raw/refs/heads/main/mirror/23.txt,3579,ok,,False
2026-09-19 11:03:49,https://github.com/nikita29a/FreeProxyList/raw/refs/heads/main/mirror/24.txt,232,ok,,False
2026-09-19 11:03:49,https://github.com/nikita29a/FreeProxyList/raw/refs/heads/main/mirror/25.txt,150,ok,,False
2026-09-19 11:03:49,https://github.com/nikita29a/FreeProxyList/raw/refs/heads/main/mirror/26.txt,64,ok,,False
2026-09-19 11:03:49,https://github.com/nikita29a/FreeProxyList/raw/refs/heads/main/mirror/20.txt,69877,ok,,False
2026-09-19 11:03:49,https://github.com/Kwinshadow/TelegramV2rayCollector/raw/main/sublinks/b64mix.txt,0,skipped,,True
2026-09-19 11:03:49,https://github.com/Kwinshadow/TelegramV2rayCollector/raw/main/sublinks/b64ss.txt,0,skipped,,True
2026-09-19 11:03:49,https://github.com/Kwinshadow/TelegramV2rayCollector/raw/main/sublinks/b64vmess.txt,0,skipped,,True
2026-09-19 11:03:49,https://github.com/Kwinshadow/TelegramV2rayCollector/raw/main/sublinks/b64vless.txt,0,skipped,,True
2026-09-19 11:03:49,https://github.com/Kwinshadow/TelegramV2rayCollector/raw/main/sublinks/b64trojan.txt,0,skipped,,True
2026-09-19 11:03:49,https://github.com/Alvin9999/new-pac/wiki/v2ray%E5%85%8D%E8%B4%B9%E8%B4%A6%E5%8F%B7,0,error,404 Client Error: Not Found for url: https://github.com/Alvin9999/new-pac/wiki/v2ray%E5%85%8D%E8%B4%B9%E8%B4%A6%E5%8F%B7,False
2026-09-19 11:03:49,https://github.com/MrMohebi/xray-proxy-grabber-telegram/raw/master/collected-proxies/row-url/all.txt,0,error,404 Client Error: Not Found for url: https://github.com/MrMohebi/video-payer/raw/master/collected-proxies/row-url/all.txt,False
2026-09-19 11:03:49,https://github.com/barry-far/V2ray-Configs/raw/main/Splitted-By-Protocol/ss.txt,0,ok,,False
2026-09-19 11:03:49,https://github.com/barry-far/V2ray-Configs/raw/main/Splitted-By-Protocol/vless.txt,0,ok,,False
2026-09-19 11:03:49,https://github.com/barry-far/V2ray-Configs/raw/main/Splitted-By-Protocol/ssr.txt,0,ok,,False
2026-09-19 11:03:49,https://github.com/barry-far/V2ray-Configs/raw/main/Splitted-By-Protocol/tuic.txt,0,ok,,False
2026-09-19 11:03:49,https://github.com/Alvin9999/new-pac/wiki/ss%E5%85%8D%E8%B4%B9%E8%B4%A6%E5%8F%B7,0,error,404 Client Error: Not Found for url: https://github.com/Alvin9999/new-pac/wiki/ss%E5%85%8D%E8%B4%B9%E8%B4%A6%E5%8F%B7,False
2026-09-19 11:03:49,https://github.com/barry-far/V2ray-Configs/raw/main/Splitted-By-Protocol/vmess.txt,0,ok,,False
2026-09-19 11:03:49,https://github.com/barry-far/V2ray-Configs/raw/main/Splitted-By-Protocol/trojan.txt,0,ok,,False
2026-09-19 11:03:49,https://github.com/LonUp/NodeList/raw/main/V2RAY/Latest_base64.txt,0,skipped,,True
2026-09-19 11:03:49,https://github.com/Tenerome/v2ray/raw/main/res/23-05/2023-05-12,0,skipped,,True
2026-09-19 11:03:49,https://github.com/Tenerome/v2ray/raw/main/res/23-05/2023-05-13,0,skipped,,True
2026-09-19 11:03:49,https://github.com/theGreatPeter/v2rayNodes/raw/main/nodes.txt,0,skipped,,True
2026-09-19 11:03:49,http://subxfxssr.xfxvpn.me/api/v1/client/subscribe?token=0d5306ab80abb3f2012edf9169f5f00a,0,error,"HTTPConnectionPool(host='subxfxssr.xfxvpn.me', port=80): Max retries exceeded with url: /api/v1/client/subscribe?token=0d5306ab80abb3f2012edf9169f5f00a (Caused by NameResolutionError(""HTTPConnection(host='subxfxssr.xfxvpn.me', port=80): Failed to resolve 'subxfxssr.xfxvpn.me' ([Errno -2] Name or service not known)""))",False
2026-09-19 11:03:49,http://subxfxssr.xfxvpn.me/api/v1/client/subscribe?token=4a4d0189598386f07fd07b758caf07a8,0,error,"HTTPConnectionPool(host='subxfxssr.xfxvpn.me', port=80): Max retries exceeded with url: /api/v1/client/subscribe?token=4a4d0189598386f07fd07b758caf07a8 (Caused by NameResolutionError(""HTTPConnection(host='subxfxssr.xfxvpn.me', port=80): Failed to resolve 'subxfxssr.xfxvpn.me' ([Errno -2] Name or service not known)""))",False
2026-09-19 11:03:49,http://subxfxssr.xfxvpn.me/api/v1/client/subscribe?token=b96bab593efe4ceb68ae69e153ab8a49,0,error,"HTTPConnectionPool(host='subxfxssr.xfxvpn.me', port=80): Max retries exceeded with url: /api/v1/client/subscribe?token=b96bab593efe4ceb68ae69e153ab8a49 (Caused by NameResolutionError(""HTTPConnection(host='subxfxssr.xfxvpn.me', port=80): Failed to resolve 'subxfxssr.xfxvpn.me' ([Errno -2] Name or service not known)""))",False
2026-09-19 11:03:49,http://subxfxssr.xfxvpn.me/api/v1/client/subscribe?token=87f969d8db0c6686c5755b68a4bb44d0,0,error,"HTTPConnectionPool(host='subxfxssr.xfxvpn.me', port=80): Max retries exceeded with url: /api/v1/client/subscribe?token=87f969d8db0c6686c5755b68a4bb44d0 (Caused by NameResolutionError(""HTTPConnection(host='subxfxssr.xfxvpn.me', port=80): Failed to resolve 'subxfxssr.xfxvpn.me' ([Errno -2] Name or service not known)""))",False
2026-09-19 11:03:49,https://github.com/test21002050-spec/v2ray-merged/raw/refs/heads/main/merged.txt,0,skipped,,True
2026-09-19 11:03:49,https://cdn.jsdelivr.net/gh/cry0ice/genode@main/public/ssr.txt,0,error,404 Client Error: Not Found for url: https://cdn.jsdelivr.net/gh/cry0ice/genode@main/public/ssr.txt,False
2026-09-19 11:03:49,https://cdn.jsdelivr.net/gh/cry0ice/genode@main/public/vless.txt,0,error,404 Client Error: Not Found for url: https://cdn.jsdelivr.net/gh/cry0ice/genode@main/public/vless.txt,False
2026-09-19 11:03:49,http://subxfxssr.xfxvpn.me/api/v1/client/subscribe?token=f7dd7772a6a2d2879f1d27e5ad72e984,0,error,"HTTPConnectionPool(host='subxfxssr.xfxvpn.me', port=80): Max retries exceeded with url: /api/v1/client/subscribe?token=f7dd7772a6a2d2879f1d27e5ad72e984 (Caused by NameResolutionError(""HTTPConnection(host='subxfxssr.xfxvpn.me', port=80): Failed to resolve 'subxfxssr.xfxvpn.me' ([Errno -2] Name or service not known)""))",False
2026-09-19 11:03:49,http://subxfxssr.xfxvpn.me/api/v1/client/subscribe?token=4ce4cc4513e5d3ef87abc677a9f7951d,0,error,"HTTPConnectionPool(host='subxfxssr.xfxvpn.me', port=80): Max retries exceeded with url: /api/v1/client/subscribe?token=4ce4cc4513e5d3ef87abc677a9f7951d (Caused by NameResolutionError(""HTTPConnection(host='subxfxssr.xfxvpn.me', port=80): Failed to resolve 'subxfxssr.xfxvpn.me' ([Errno -2] Name or service not known)""))",False
2026-09-19 11:03:49,http://subxfxssr.xfxvpn.me/api/v1/client/subscribe?token=72d106079ec3134106e0dd093ddc1066,0,error,"HTTPConnectionPool(host='subxfxssr.xfxvpn.me', port=80): Max retries exceeded with url: /api/v1/client/subscribe?token=72d106079ec3134106e0dd093ddc1066 (Caused by NameResolutionError(""HTTPConnection(host='subxfxssr.xfxvpn.me', port=80): Failed to resolve 'subxfxssr.xfxvpn.me' ([Errno -2] Name or service not known)""))",False
2026-09-19 11:03:49,https://cdn.jsdelivr.net/gh/cry0ice/genode@main/public/ss.txt,0,error,404 Client Error: Not Found for url: https://cdn.jsdelivr.net/gh/cry0ice/genode@main/public/ss.txt,False
2026-09-19 11:03:49,http://subxfxssr.xfxvpn.me/api/v1/client/subscribe?token=a2674079883a41e7c86aba3a1b3e1f2c,0,error,"HTTPConnectionPool(host='subxfxssr.xfxvpn.me', port=80): Max retries exceeded with url: /api/v1/client/subscribe?token=a2674079883a41e7c86aba3a1b3e1f2c (Caused by NameResolutionError(""HTTPConnection(host='subxfxssr.xfxvpn.me', port=80): Failed to resolve 'subxfxssr.xfxvpn.me' ([Errno -2] Name or service not known)""))",False
2026-09-19 11:03:49,http://subxfxssr.xfxvpn.me/api/v1/client/subscribe?token=b344d811746fd4e205ee140236652825,0,error,"HTTPConnectionPool(host='subxfxssr.xfxvpn.me', port=80): Max retries exceeded with url: /api/v1/client/subscribe?token=b344d811746fd4e205ee140236652825 (Caused by NameResolutionError(""HTTPConnection(host='subxfxssr.xfxvpn.me', port=80): Failed to resolve 'subxfxssr.xfxvpn.me' ([Errno -2] Name or service not known)""))",False
2026-09-19 11:03:49,http://subxfxssr.xfxvpn.me/api/v1/client/subscribe?token=6b67e83b516748e040bf75bfee8bc395,0,error,"HTTPConnectionPool(host='subxfxssr.xfxvpn.me', port=80): Max retries exceeded with url: /api/v1/client/subscribe?token=6b67e83b516748e040bf75bfee8bc395 (Caused by NameResolutionError(""HTTPConnection(host='subxfxssr.xfxvpn.me', port=80): Failed to resolve 'subxfxssr.xfxvpn.me' ([Errno -2] Name or service not known)""))",False
2026-09-19 11:03:49,https://cdn.jsdelivr.net/gh/cry0ice/genode@main/public/vmess.txt,0,error,404 Client Error: Not Found for url: https://cdn.jsdelivr.net/gh/cry0ice/genode@main/public/vmess.txt,False
2026-09-19 11:03:49,https://freessrnode.github.io/uploads/2024/08/0-20240822.txt,0,error,404 Client Error: Not Found for url: https://freessrnode.github.io/uploads/2024/08/0-20240822.txt,False
2026-09-19 11:03:49,https://freessrnode.github.io/uploads/2024/08/1-20240822.txt,0,error,404 Client Error: Not Found for url: https://freessrnode.github.io/uploads/2024/08/1-20240822.txt,False
2026-09-19 11:03:49,https://freessrnode.github.io/uploads/2024/08/3-20240822.txt,0,error,404 Client Error: Not Found for url: https://freessrnode.github.io/uploads/2024/08/3-20240822.txt,False
2026-09-19 11:03:49,https://freessrnode.github.io/uploads/2024/08/4-20240822.txt,0,error,404 Client Error: Not Found for url: https://freessrnode.github.io/uploads/2024/08/4-20240822.txt,False
2026-09-19 11:03:49,https://raw.githubusercontent.com/Epodonios/bulk-xray-v2ray-vless-vmess-...-configs/main/sub/United%20States/config.txt,0,error,404 Client Error: Not Found for url: https://raw.githubusercontent.com/Epodonios/bulk-xray-v2ray-vless-vmess-...-configs/main/sub/United%20States/config.txt,False
2026-09-19 11:03:49,https://freessrnode.github.io/uploads/2024/08/2-20240822.txt,0,error,404 Client Error: Not Found for url: https://freessrnode.github.io/uploads/2024/08/2-20240822.txt,False
2026-09-19 11:03:49,https://raw.githubusercontent.com/Epodonios/bulk-xray-v2ray-vless-vmess-...-configs/main/sub/United%20Kingdom/config.txt,0,error,404 Client Error: Not Found for url: https://raw.githubusercontent.com/Epodonios/bulk-xray-v2ray-vless-vmess-...-configs/main/sub/United%20Kingdom/config.txt,False
2026-09-19 11:03:49,https://raw.githubusercontent.com/Epodonios/bulk-xray-v2ray-vless-vmess-...-configs/main/sub/Germany/config.txt,0,error,404 Client Error: Not Found for url: https://raw.githubusercontent.com/Epodonios/bulk-xray-v2ray-vless-vmess-...-configs/main/sub/Germany/config.txt,False
2026-09-19 11:03:49,https://v2rayshare.com/wp-content/uploads/2022/12/20221208.txt,0,error,"HTTPSConnectionPool(host='v2rayshare.githubrowcontent.com', port=443): Max retries exceeded with url: /2024/07/20240701.txt (Caused by NameResolutionError(""HTTPSConnection(host='v2rayshare.githubrowcontent.com', port=443): Failed to resolve 'v2rayshare.githubrowcontent.com' ([Errno -2] Name or service not known)""))",False
2026-09-19 11:03:49,https://raw.githubusercontent.com/Epodonios/bulk-xray-v2ray-vless-vmess-...-configs/main/sub/Sweden/config.txt,0,error,404 Client Error: Not Found for url: https://raw.githubusercontent.com/Epodonios/bulk-xray-v2ray-vless-vmess-...-configs/main/sub/Sweden/config.txt,False
2026-09-19 11:03:49,https://github.com/Epodonios/bulk-xray-v2ray-vless-vmess-...-configs/raw/main/sub/Finland/config.txt,0,error,404 Client Error: Not Found for url: https://github.com/Epodonios/bulk-xray-v2ray-vless-vmess-...-configs/raw/main/sub/Finland/config.txt,False
2026-09-19 11:03:49,https://github.com/Epodonios/bulk-xray-v2ray-vless-vmess-...-configs/raw/main/sub/Iran/config.txt,0,error,404 Client Error: Not Found for url: https://github.com/Epodonios/bulk-xray-v2ray-vless-vmess-...-configs/raw/main/sub/Iran/config.txt,False
2026-09-19 11:03:49,https://raw.githubusercontent.com/Epodonios/bulk-xray-v2ray-vless-vmess-...-configs/main/sub/France/config.txt,0,error,404 Client Error: Not Found for url: https://raw.githubusercontent.com/Epodonios/bulk-xray-v2ray-vless-vmess-...-configs/main/sub/France/config.txt,False
2026-09-19 11:03:49,https://raw.githubusercontent.com/Epodonios/bulk-xray-v2ray-vless-vmess-...-configs/main/sub/Ireland/config.txt,0,error,404 Client Error: Not Found for url: https://raw.githubusercontent.com/Epodonios/bulk-xray-v2ray-vless-vmess-...-configs/main/sub/Ireland/config.txt,False
2026-09-19 11:03:49,https://github.com/Epodonios/bulk-xray-v2ray-vless-vmess-...-configs/raw/main/sub/Norway/config.txt,0,error,404 Client Error: Not Found for url: https://github.com/Epodonios/bulk-xray-v2ray-vless-vmess-...-configs/raw/main/sub/Norway/config.txt,False
2026-09-19 11:03:49,https://raw.githubusercontent.com/Epodonios/bulk-xray-v2ray-vless-vmess-...-configs/main/sub/Canada/config.txt,0,error,404 Client Error: Not Found for url: https://raw.githubusercontent.com/Epodonios/bulk-xray-v2ray-vless-vmess-...-configs/main/sub/Canada/config.txt,False
2026-09-19 11:03:49,https://raw.githubusercontent.com/Epodonios/bulk-xray-v2ray-vless-vmess-...-configs/main/sub/Turkey/config.txt,0,error,404 Client Error: Not Found for url: https://raw.githubusercontent.com/Epodonios/bulk-xray-v2ray-vless-vmess-...-configs/main/sub/Turkey/config.txt,False
2026-09-19 11:03:49,https://raw.githubusercontent.com/Epodonios/bulk-xray-v2ray-vless-vmess-...-configs/main/sub/Costa%20Rica/config.txt,0,error,404 Client Error: Not Found for url: https://raw.githubusercontent.com/Epodonios/bulk-xray-v2ray-vless-vmess-...-configs/main/sub/Costa%20Rica/config.txt,False
2026-09-19 11:03:49,https://raw.githubusercontent.com/Epodonios/bulk-xray-v2ray-vless-vmess-...-configs/main/sub/Republic%20of%20Lithuania/config.txt,0,error,404 Client Error: Not Found for url: https://raw.githubusercontent.com/Epodonios/bulk-xray-v2ray-vless-vmess-...-configs/main/sub/Republic%20of%20Lithuania/config.txt,False
2026-09-19 11:03:49,https://raw.githubusercontent.com/Epodonios/bulk-xray-v2ray-vless-vmess-...-configs/main/sub/Indonesia/config.txt,0,error,404 Client Error: Not Found for url: https://raw.githubusercontent.com/Epodonios/bulk-xray-v2ray-vless-vmess-...-configs/main/sub/Indonesia/config.txt,False
2026-09-19 11:03:49,https://raw.githubusercontent.com/Epodonios/bulk-xray-v2ray-vless-vmess-...-configs/main/sub/Austria/config.txt,0,error,404 Client Error: Not Found for url: https://raw.githubusercontent.com/Epodonios/bulk-xray-v2ray-vless-vmess-...-configs/main/sub/Austria/config.txt,False
2026-09-19 11:03:49,https://github.com/Epodonios/bulk-xray-v2ray-vless-vmess-...-configs/raw/main/sub/Albania/config.txt,0,error,404 Client Error: Not Found for url: https://github.com/Epodonios/bulk-xray-v2ray-vless-vmess-...-configs/raw/main/sub/Albania/config.txt,False
2026-09-19 11:03:49,https://9527521.xyz/config/lxB7k130djsSomFT,0,error,404 Client Error: Not Found for url: https://shadowshare.v2cross.com/servers/temp/lxB7k130djsSomFT,False
2026-09-19 11:03:49,https://github.com/Epodonios/bulk-xray-v2ray-vless-vmess-...-configs/raw/main/sub/Netherlands/config.txt,0,error,404 Client Error: Not Found for url: https://github.com/Epodonios/bulk-xray-v2ray-vless-vmess-...-configs/raw/main/sub/Netherlands/config.txt,False
2026-09-19 11:03:49,https://raw.githubusercontent.com/Epodonios/bulk-xray-v2ray-vless-vmess-...-configs/main/sub/South%20Africa/config.txt,0,error,404 Client Error: Not Found for url: https://raw.githubusercontent.com/Epodonios/bulk-xray-v2ray-vless-vmess-...-configs/main/sub/South%20Africa/config.txt,False
2026-09-19 11:03:49,https://raw.githubusercontent.com/Epodonios/bulk-xray-v2ray-vless-vmess-...-configs/main/sub/United%20Arab%20Emirates/config.txt,0,error,404 Client Error: Not Found for url: https://raw.githubusercontent.com/Epodonios/bulk-xray-v2ray-vless-vmess-...-configs/main/sub/United%20Arab%20Emirates/config.txt,False
2026-09-19 11:03:49,https://raw.githubusercontent.com/soroushmirzaei/telegram-configs-collector/main/countries/jp/mixed,0,error,404 Client Error: Not Found for url: https://raw.githubusercontent.com/soroushmirzaei/telegram-configs-collector/main/countries/jp/mixed,False
2026-09-19 11:03:49,https://lncn.org,0,error,"HTTPSConnectionPool(host='lncn.org', port=443): Max retries exceeded with url: / (Caused by SSLError(SSLCertVerificationError(1, '[SSL: CERTIFICATE_VERIFY_FAILED] certificate verify failed: unable to get local issuer certificate (_ssl.c:1010)')))",False
2026-09-19 11:03:49,https://github.com/Epodonios/bulk-xray-v2ray-vless-vmess-...-configs/raw/main/sub/Cura%C3%A7ao/config.txt,0,error,404 Client Error: Not Found for url: https://github.com/Epodonios/bulk-xray-v2ray-vless-vmess-...-configs/raw/main/sub/Cura%C3%A7ao/config.txt,False
2026-09-19 11:03:49,https://github.com/Epodonios/bulk-xray-v2ray-vless-vmess-...-configs/raw/main/sub/Russia/config.txt,0,error,404 Client Error: Not Found for url: https://github.com/Epodonios/bulk-xray-v2ray-vless-vmess-...-configs/raw/main/sub/Russia/config.txt,False
2026-09-19 11:03:49,https://cdn.jsdelivr.net/gh/cry0ice/genode@main/public/trojan.txt,0,error,404 Client Error: Not Found for url: https://cdn.jsdelivr.net/gh/cry0ice/genode@main/public/trojan.txt,False
2026-09-19 11:03:49,https://ivuxy.tech/v.txt,0,error,"HTTPSConnectionPool(host='ivuxy.tech', port=443): Max retries exceeded with url: /v.txt (Caused by NameResolutionError(""HTTPSConnection(host='ivuxy.tech', port=443): Failed to resolve 'ivuxy.tech' ([Errno -2] Name or service not known)""))",False
2026-09-19 11:03:49,https://sub.pmsub.me/base64,0,error,"HTTPSConnectionPool(host='sub.pmsub.me', port=443): Max retries exceeded with url: /base64 (Caused by SSLError(SSLCertVerificationError(1, '[SSL: CERTIFICATE_VERIFY_FAILED] certificate verify failed: unable to get local issuer certificate (_ssl.c:1010)')))",False
2026-09-19 11:03:49,https://www.xrayvip.com/free.txt,0,skipped,,True
2026-09-19 11:03:49,https://free.datiya.com,0,ok,,False
2026-09-19 11:03:49,https://proxypool.link/clash/proxies,199,ok,,False
2026-09-19 11:03:49,https://cdn.jsdelivr.net/gh/cry0ice/genode@main/public/all.txt,0,error,404 Client Error: Not Found for url: https://cdn.jsdelivr.net/gh/cry0ice/genode@main/public/all.txt,False
2026-09-19 11:03:49,https://bitbucket.org/huwo1/proxy_nodes/src/main/,0,error,404 Client Error: Not Found for url: https://bitbucket.org/huwo1/proxy_nodes/src/main/,False
2026-09-19 11:03:49,https://raw.githubusercontent.com/TheSpeedX/PROXY-List/master/socks5.txt,0,ok,,False
2026-09-19 11:03:49,https://mirror.ghproxy.com/https://raw.githubusercontent.com/Barabama/FreeNodes/master/nodes/nodefree.txt,0,error,"HTTPSConnectionPool(host='mirror.ghproxy.com', port=443): Max retries exceeded with url: /https://raw.githubusercontent.com/Barabama/FreeNodes/master/nodes/nodefree.txt (Caused by NameResolutionError(""HTTPSConnection(host='mirror.ghproxy.com', port=443): Failed to resolve 'mirror.ghproxy.com' ([Errno -2] Name or service not known)""))",False
2026-09-19 11:03:49,https://mirror.ghproxy.com/https://raw.githubusercontent.com/Barabama/FreeNodes/master/nodes/merged.txt,0,error,"HTTPSConnectionPool(host='mirror.ghproxy.com', port=443): Max retries exceeded with url: /https://raw.githubusercontent.com/Barabama/FreeNodes/master/nodes/merged.txt (Caused by NameResolutionError(""HTTPSConnection(host='mirror.ghproxy.com', port=443): Failed to resolve 'mirror.ghproxy.com' ([Errno -2] Name or service not known)""))",False
2026-09-19 11:03:49,https://mirror.ghproxy.com/https://raw.githubusercontent.com/Barabama/FreeNodes/master/nodes/v2rayshare.txt,0,error,"HTTPSConnectionPool(host='mirror.ghproxy.com', port=443): Max retries exceeded with url: /https://raw.githubusercontent.com/Barabama/FreeNodes/master/nodes/v2rayshare.txt (Caused by NameResolutionError(""HTTPSConnection(host='mirror.ghproxy.com', port=443): Failed to resolve 'mirror.ghproxy.com' ([Errno -2] Name or service not known)""))",False
2026-09-19 11:03:49,https://mirror.ghproxy.com/https://raw.githubusercontent.com/Barabama/FreeNodes/master/nodes/wenode.txt,0,error,"HTTPSConnectionPool(host='mirror.ghproxy.com', port=443): Max retries exceeded with url: /https://raw.githubusercontent.com/Barabama/FreeNodes/master/nodes/wenode.txt (Caused by NameResolutionError(""HTTPSConnection(host='mirror.ghproxy.com', port=443): Failed to resolve 'mirror.ghproxy.com' ([Errno -2] Name or service not known)""))",False
2026-09-19 11:03:49,https://ircfspace.github.io/tconfig/,0,ok,,False
2026-09-19 11:03:49,https://free-ss.site,0,ok,,False
2026-09-19 11:03:49,https://mirror.ghproxy.com/https://raw.githubusercontent.com/Barabama/FreeNodes/master/nodes/openrunner.txt,0,error,"HTTPSConnectionPool(host='mirror.ghproxy.com', port=443): Max retries exceeded with url: /https://raw.githubusercontent.com/Barabama/FreeNodes/master/nodes/openrunner.txt (Caused by NameResolutionError(""HTTPSConnection(host='mirror.ghproxy.com', port=443): Failed to resolve 'mirror.ghproxy.com' ([Errno -2] Name or service not known)""))",False
2026-09-19 11:03:49,https://mirror.ghproxy.com/https://raw.githubusercontent.com/Barabama/FreeNodes/master/nodes/kkzui.txt,0,error,"HTTPSConnectionPool(host='mirror.ghproxy.com', port=443): Max retries exceeded with url: /https://raw.githubusercontent.com/Barabama/FreeNodes/master/nodes/kkzui.txt (Caused by NameResolutionError(""HTTPSConnection(host='mirror.ghproxy.com', port=443): Failed to resolve 'mirror.ghproxy.com' ([Errno -2] Name or service not known)""))",False
2026-09-19 11:03:49,https://mirror.ghproxy.com/https://raw.githubusercontent.com/Barabama/FreeNodes/master/nodes/halekj.txt,0,error,"HTTPSConnectionPool(host='mirror.ghproxy.com', port=443): Max retries exceeded with url: /https://raw.githubusercontent.com/Barabama/FreeNodes/master/nodes/halekj.txt (Caused by NameResolutionError(""HTTPSConnection(host='mirror.ghproxy.com', port=443): Failed to resolve 'mirror.ghproxy.com' ([Errno -2] Name or service not known)""))",False
2026-09-19 11:03:49,https://mirror.ghproxy.com/https://raw.githubusercontent.com/Barabama/FreeNodes/master/nodes/blues.txt,0,error,"HTTPSConnectionPool(host='mirror.ghproxy.com', port=443): Max retries exceeded with url: /https://raw.githubusercontent.com/Barabama/FreeNodes/master/nodes/blues.txt (Caused by NameResolutionError(""HTTPSConnection(host='mirror.ghproxy.com', port=443): Failed to resolve 'mirror.ghproxy.com' ([Errno -2] Name or service not known)""))",False
2026-09-19 11:03:49,https://mirror.ghproxy.com/https://raw.githubusercontent.com/Barabama/FreeNodes/master/nodes/yudou66.txt,0,error,"HTTPSConnectionPool(host='mirror.ghproxy.com', port=443): Max retries exceeded with url: /https://raw.githubusercontent.com/Barabama/FreeNodes/master/nodes/yudou66.txt (Caused by NameResolutionError(""HTTPSConnection(host='mirror.ghproxy.com', port=443): Failed to resolve 'mirror.ghproxy.com' ([Errno -2] Name or service not known)""))",False
2026-09-19 11:03:49,https://sub123.71345.xyz/api/v1/client/subscribe?token=7eb7f9c181fe90a98a53d28b1a905b5d,0,error,"HTTPSConnectionPool(host='sub123.71345.xyz', port=443): Max retries exceeded with url: /api/v1/client/subscribe?token=7eb7f9c181fe90a98a53d28b1a905b5d (Caused by NameResolutionError(""HTTPSConnection(host='sub123.71345.xyz', port=443): Failed to resolve 'sub123.71345.xyz' ([Errno -5] No address associated with hostname)""))",False
2026-09-19 11:03:49,https://sub123.71345.xyz/api/v1/client/subscribe?token=f0858ff0a06e3e5c377ab69522abc04d,0,error,"HTTPSConnectionPool(host='sub123.71345.xyz', port=443): Max retries exceeded with url: /api/v1/client/subscribe?token=f0858ff0a06e3e5c377ab69522abc04d (Caused by NameResolutionError(""HTTPSConnection(host='sub123.71345.xyz', port=443): Failed to resolve 'sub123.71345.xyz' ([Errno -5] No address associated with hostname)""))",False
2026-09-19 11:03:49,https://sub123.71345.xyz/api/v1/client/subscribe?token=67d0e817bbb631b2aa14bfe031334415,0,error,"HTTPSConnectionPool(host='sub123.71345.xyz', port=443): Max retries exceeded with url: /api/v1/client/subscribe?token=67d0e817bbb631b2aa14bfe031334415 (Caused by NameResolutionError(""HTTPSConnection(host='sub123.71345.xyz', port=443): Failed to resolve 'sub123.71345.xyz' ([Errno -5] No address associated with hostname)""))",False
2026-09-19 11:03:49,https://raw.githubusercontent.com/sevcator/5ubscrpt10n/main/mini/m1n1-5ub-28.txt,0,skipped,,True
2026-09-19 11:03:49,https://sub123.71345.xyz/api/v1/client/subscribe?token=b34b2e4e8eeec829e368fd631b20fbd1,0,error,"HTTPSConnectionPool(host='sub123.71345.xyz', port=443): Max retries exceeded with url: /api/v1/client/subscribe?token=b34b2e4e8eeec829e368fd631b20fbd1 (Caused by NameResolutionError(""HTTPSConnection(host='sub123.71345.xyz', port=443): Failed to resolve 'sub123.71345.xyz' ([Errno -5] No address associated with hostname)""))",False
2026-09-19 11:03:49,https://sub123.71345.xyz/api/v1/client/subscribe?token=95388132afab15570d496c96fe99474d,0,error,"HTTPSConnectionPool(host='sub123.71345.xyz', port=443): Max retries exceeded with url: /api/v1/client/subscribe?token=95388132afab15570d496c96fe99474d (Caused by NameResolutionError(""HTTPSConnection(host='sub123.71345.xyz', port=443): Failed to resolve 'sub123.71345.xyz' ([Errno -5] No address associated with hostname)""))",False
2026-09-19 11:03:49,https://sub123.71345.xyz/api/v1/client/subscribe?token=ba1d0c5044be749390ee0eb2e6af88e3,0,error,"HTTPSConnectionPool(host='sub123.71345.xyz', port=443): Max retries exceeded with url: /api/v1/client/subscribe?token=ba1d0c5044be749390ee0eb2e6af88e3 (Caused by NameResolutionError(""HTTPSConnection(host='sub123.71345.xyz', port=443): Failed to resolve 'sub123.71345.xyz' ([Errno -5] No address associated with hostname)""))",False
2026-09-19 11:03:49,https://dd.csjc.win/api/v1/client/subscribe?token=5791161d7d526f6155f4b3cc5a15a162,0,error,"HTTPSConnectionPool(host='dd.csjc.win', port=443): Max retries exceeded with url: /api/v1/client/subscribe?token=5791161d7d526f6155f4b3cc5a15a162 (Caused by NameResolutionError(""HTTPSConnection(host='dd.csjc.win', port=443): Failed to resolve 'dd.csjc.win' ([Errno -2] Name or service not known)""))",False
2026-09-19 11:03:49,https://www.yfjc.xyz/api/v1/client/subscribe?token=7cda8ee5472db4dcb6779955e4211996,0,error,403 Client Error: Forbidden for url: https://www.yfjc.xyz/api/v1/client/subscribe?token=7cda8ee5472db4dcb6779955e4211996,False
2026-09-19 11:03:49,https://www.yfjc.xyz/api/v1/client/subscribe?token=7d9cb26c107f04ecd6fdec6644f810c9,0,error,403 Client Error: Forbidden for url: https://www.yfjc.xyz/api/v1/client/subscribe?token=7d9cb26c107f04ecd6fdec6644f810c9,False
2026-09-19 11:03:49,https://b3b0549e-160e-495a-a528-cccf5148bc48.372372.xyz/api/v1/client/subscribe?token=9635d08e4dae217abd53733ab127183d,0,ok,,False
2026-09-19 11:03:49,https://1st.sub-airport.com/api/v1/client/subscribe?token=5ef4ec7751819025fcba66de831dd380,0,error,"HTTPSConnectionPool(host='1st.sub-airport.com', port=443): Max retries exceeded with url: /api/v1/client/subscribe?token=5ef4ec7751819025fcba66de831dd380 (Caused by NameResolutionError(""HTTPSConnection(host='1st.sub-airport.com', port=443): Failed to resolve '1st.sub-airport.com' ([Errno -2] Name or service not known)""))",False
2026-09-19 11:03:49,https://s1.byte16.com/api/v1/client/subscribe?token=feba159f3478ff8936f52a43d88aae8b,0,error,403 Client Error: Forbidden for url: https://s1.byte16.com/api/v1/client/subscribe?token=feba159f3478ff8936f52a43d88aae8b,False
2026-09-19 11:03:49,https://api.xqc.best/api/v1/client/subscribe?token=d2b3434d2072026c1f7553f5616f34c7,0,error,"HTTPSConnectionPool(host='api.xqc.best', port=443): Max retries exceeded with url: /api/v1/client/subscribe?token=d2b3434d2072026c1f7553f5616f34c7 (Caused by NameResolutionError(""HTTPSConnection(host='api.xqc.best', port=443): Failed to resolve 'api.xqc.best' ([Errno -2] Name or service not known)""))",False
2026-09-19 11:03:49,https://platform.djjc.cfd/api/v1/client/subscribe?token=8f2ada45a6cfe2f7e41b2a9fd6203e2c,0,error,403 Client Error: Forbidden for url: https://platform.djjc.cfd/api/v1/client/subscribe?token=8f2ada45a6cfe2f7e41b2a9fd6203e2c,False
2026-09-19 11:03:49,https://subscribe.suwas.xyz/api/v1/client/subscribe?,0,error,"HTTPSConnectionPool(host='subscribe.suwas.xyz', port=443): Max retries exceeded with url: /api/v1/client/subscribe (Caused by NameResolutionError(""HTTPSConnection(host='subscribe.suwas.xyz', port=443): Failed to resolve 'subscribe.suwas.xyz' ([Errno -2] Name or service not known)""))",False
2026-09-19 11:03:49,https://dy.smjc.top/api/v1/client/subscribe?token=c5b3cf0d6668c4a4f74c5a859ab41daa,0,error,"HTTPSConnectionPool(host='dy.smjc.top', port=443): Max retries exceeded with url: /api/v1/client/subscribe?token=c5b3cf0d6668c4a4f74c5a859ab41daa (Caused by NameResolutionError(""HTTPSConnection(host='dy.smjc.top', port=443): Failed to resolve 'dy.smjc.top' ([Errno -2] Name or service not known)""))",False
2026-09-19 11:03:49,https://v2ray.neocities.org/v2ray.txt,0,skipped,,True
2026-09-19 11:03:49,https://fforever.github.io/v2rayfree,0,skipped,,True
2026-09-19 11:03:49,https://github.com/wrfree/free/raw/main/ssr,0,skipped,,True
2026-09-19 11:03:49,https://clashgithub.com,0,ok,,False
2026-09-19 11:03:49,https://fanqiang.network/free-v2ray,0,error,404 Client Error: Not Found for url: https://fanqiang.network/free-v2ray,False
2026-09-19 11:03:49,https://freefq.com,0,ok,,False
2026-09-19 11:03:49,https://www.freefq.com/free-ss/](https://www.freefq.com/free-ss/,0,error,404 Client Error: Not Found for url: https://www.freefq.com/free-ss/%5D(https://www.freefq.com/free-ss/,False
2026-09-19 11:03:49,https://view.freev2ray.org/,0,ok,,False
2026-09-19 11:03:49,https://gfwglass.tk/ss/sub](https://gfwglass.tk/ss/sub,0,error,"HTTPSConnectionPool(host='gfwglass.tk', port=443): Max retries exceeded with url: /ss/sub%5D(https://gfwglass.tk/ss/sub (Caused by NameResolutionError(""HTTPSConnection(host='gfwglass.tk', port=443): Failed to resolve 'gfwglass.tk' ([Errno -2] Name or service not known)""))",False
2026-09-19 11:03:49,https://www.freess.best/v2ray.html,0,error,"HTTPSConnectionPool(host='www.freess.best', port=443): Max retries exceeded with url: /v2ray.html (Caused by NameResolutionError(""HTTPSConnection(host='www.freess.best', port=443): Failed to resolve 'www.freess.best' ([Errno -2] Name or service not known)""))",False
2026-09-19 11:03:49,https://www.freevpnnet.com,0,error,"HTTPSConnectionPool(host='www.freevpnnet.com', port=443): Max retries exceeded with url: / (Caused by NameResolutionError(""HTTPSConnection(host='www.freevpnnet.com', port=443): Failed to resolve 'www.freevpnnet.com' ([Errno -2] Name or service not known)""))",False
2026-09-19 11:03:49,https://shadow-socks-share.herokuapp.com,0,error,404 Client Error: Not Found for url: https://shadow-socks-share.herokuapp.com/,False
2026-09-19 11:03:49,https://my.ishadowx.biz,0,ok,,False
2026-09-19 11:03:49,https://clash.221207.xyz/pubclashyaml,0,error,404 Client Error: Not Found for url: https://clash.221207.xyz/pubclashyaml,False
2026-09-19 11:03:49,https://www.liesauer.net/yogurt/subscribe?ACCESS_TOKEN=DAYxR3mMaZAsaqUb,0,ok,,False
2026-09-19 11:03:49,https://cxsub.club/link/V3Th0AyWhutlptyH?clash=1,0,error,"HTTPSConnectionPool(host='cxsub.club', port=443): Max retries exceeded with url: /link/V3Th0AyWhutlptyH?clash=1 (Caused by NameResolutionError(""HTTPSConnection(host='cxsub.club', port=443): Failed to resolve 'cxsub.club' ([Errno -2] Name or service not known)""))",False
2026-09-19 11:03:49,https://sub.pmsub.me/clash.yaml,0,error,"HTTPSConnectionPool(host='sub.pmsub.me', port=443): Max retries exceeded with url: /clash.yaml (Caused by SSLError(SSLCertVerificationError(1, '[SSL: CERTIFICATE_VERIFY_FAILED] certificate verify failed: unable to get local issuer certificate (_ssl.c:1010)')))",False
2026-09-19 11:03:49,https://nodefree.org/dy/2023/08/20230806.yaml,0,error,"HTTPSConnectionPool(host='nodefree.githubrowcontent.com', port=443): Max retries exceeded with url: /2024/07/20240705.yaml (Caused by NameResolutionError(""HTTPSConnection(host='nodefree.githubrowcontent.com', port=443): Failed to resolve 'nodefree.githubrowcontent.com' ([Errno -2] Name or service not known)""))",False
2026-09-19 11:03:49,https://tgscan.onrender.com/sub5,0,error,404 Client Error: Not Found for url: https://tgscan.onrender.com/sub5,False
2026-09-19 11:03:49,https://tgscan.onrender.com/sub9/base64,0,error,404 Client Error: Not Found for url: https://tgscan.onrender.com/sub9/base64,False
2026-09-19 11:03:49,https://tgscan.onrender.com/sub3,0,error,404 Client Error: Not Found for url: https://tgscan.onrender.com/sub3,False
2026-09-19 11:03:49,https://sub.tgzdyz2.xyz/sub,0,error,"HTTPSConnectionPool(host='sub.tgzdyz2.xyz', port=443): Max retries exceeded with url: /sub (Caused by NameResolutionError(""HTTPSConnection(host='sub.tgzdyz2.xyz', port=443): Failed to resolve 'sub.tgzdyz2.xyz' ([Errno -2] Name or service not known)""))",False
2026-09-19 11:03:49,https://tgscan.onrender.com/sub10/base64,0,error,404 Client Error: Not Found for url: https://tgscan.onrender.com/sub10/base64,False
2026-09-19 11:03:49,https://toshare.tosslk.xyz/RCbVccf,0,error,403 Client Error: Forbidden for url: https://toshare.tosslk.xyz/RCbVccf,False
2026-09-19 11:03:49,https://ablnk.absslk.xyz/OcSPtpH,0,error,403 Client Error: Forbidden for url: https://ablnk.absslk.xyz/OcSPtpH,False
2026-09-19 11:03:49,https://freemc.mcsslk.xyz/lVyzvUQ,0,error,403 Client Error: Forbidden for url: https://freemc.mcsslk.xyz/lVyzvUQ,False
2026-09-19 11:03:49,https://youlianboshi.netlify.app,0,error,404 Client Error: Not Found for url: https://youlianboshi.netlify.app/,False
2026-09-19 11:03:49,https://raw.githubusercontent.com/denxv/TGV2RayScraper/main/channels/urls.txt,820,ok,,False
2026-09-19 11:03:49,https://www.freefq.com/v2ray/,0,ok,,False
2026-09-19 11:03:49,https://hyt-allen-xu.netlify.app,0,skipped,,True
2026-09-19 11:03:49,http://150.230.195.209:12580/clash/proxies,0,error,"HTTPConnectionPool(host='150.230.195.209', port=12580): Max retries exceeded with url: /clash/proxies (Caused by NewConnectionError(""HTTPConnection(host='150.230.195.209', port=12580): Failed to establish a new connection: [Errno 111] Connection refused""))",False
2026-09-19 11:03:49,http://155.248.172.106:12580/clash/proxies,0,error,"HTTPConnectionPool(host='155.248.172.106', port=12580): Max retries exceeded with url: /clash/proxies (Caused by NewConnectionError(""HTTPConnection(host='155.248.172.106', port=12580): Failed to establish a new connection: [Errno 111] Connection refused""))",False
2026-09-19 11:03:49,http://174.137.58.32:12580/clash/proxies,0,error,"HTTPConnectionPool(host='174.137.58.32', port=12580): Max retries exceeded with url: /clash/proxies (Caused by NewConnectionError(""HTTPConnection(host='174.137.58.32', port=12580): Failed to establish a new connection: [Errno 111] Connection refused""))",False
2026-09-19 11:03:49,https://proxypool1999.banyunxiaoxi.icu/clash/proxies,142,ok,,False
2026-09-19 11:03:49,http://104.168.244.47:12580/clash/proxies,0,error,"HTTPConnectionPool(host='104.168.244.47', port=12580): Max retries exceeded with url: /clash/proxies (Caused by NewConnectionError(""HTTPConnection(host='104.168.244.47', port=12580): Failed to establish a new connection: [Errno 111] Connection refused""))",False
2026-09-19 11:03:49,http://weoknow.com/data/dayupdate/1/z1.txt,0,skipped,,True
2026-09-19 11:03:49,https://www.freefq.com/free-ssr,0,ok,,False
2026-09-19 11:03:49,http://beetle.lander.work/clash/proxies,0,error,"HTTPConnectionPool(host='beetle.lander.work', port=80): Max retries exceeded with url: /clash/proxies (Caused by NameResolutionError(""HTTPConnection(host='beetle.lander.work', port=80): Failed to resolve 'beetle.lander.work' ([Errno -2] Name or service not known)""))",False
2026-09-19 11:03:49,https://proxy.crazygeeky.com/clash/proxies,0,error,"HTTPSConnectionPool(host='proxy.crazygeeky.com', port=443): Max retries exceeded with url: /clash/proxies (Caused by NameResolutionError(""HTTPSConnection(host='proxy.crazygeeky.com', port=443): Failed to resolve 'proxy.crazygeeky.com' ([Errno -5] No address associated with hostname)""))",False
2026-09-19 11:03:49,http://66.42.50.118:12580/clash/proxies,93,ok,,False
2026-09-19 11:03:49,https://iwxf.netlify.app,0,skipped,,True
2026-09-19 11:03:49,https://vpnyyds.link/free,0,error,"HTTPSConnectionPool(host='vpnyyds.link', port=443): Max retries exceeded with url: /free (Caused by NameResolutionError(""HTTPSConnection(host='vpnyyds.link', port=443): Failed to resolve 'vpnyyds.link' ([Errno -2] Name or service not known)""))",False
2026-09-19 11:03:49,https://proxy.fldhhhhhh.top/clash/proxies,0,error,403 Client Error: Forbidden for url: https://proxy.fldhhhhhh.top/clash/proxies,False
2026-09-19 11:03:49,https://jiang.netlify.app,0,skipped,,True
2026-09-19 11:03:49,https://itlao6.com/10962.html,0,error,403 Client Error: Forbidden for url: https://itlao6.com/10962.html,False
2026-09-19 11:03:49,https://muma16fx.netlify.app,0,skipped,,True
2026-09-19 11:03:49,https://sub.diba.workers.dev,0,skipped,,True
2026-09-19 11:03:49,https://0xerfan.github.io/v2ray/,0,error,404 Client Error: Not Found for url: https://0xerfan.github.io/v2ray/,False
2026-09-19 11:03:49,https://sub.sharecentre.online/sub&flag=clash,0,error,"HTTPSConnectionPool(host='sub.sharecentre.online', port=443): Max retries exceeded with url: /sub&flag=clash (Caused by SSLError(SSLCertVerificationError(1, '[SSL: CERTIFICATE_VERIFY_FAILED] certificate verify failed: unable to get local issuer certificate (_ssl.c:1010)')))",False
2026-09-19 11:03:49,https://qiaomenzhuanfx.netlify.app,0,skipped,,True
2026-09-19 11:03:49,https://proxypool.link,394,ok,,False
2026-09-19 11:03:49,https://nodefree.org/dy/2023/12/20231221.txt,0,error,"HTTPSConnectionPool(host='nodefree.githubrowcontent.com', port=443): Max retries exceeded with url: /2024/07/20240705.txt (Caused by NameResolutionError(""HTTPSConnection(host='nodefree.githubrowcontent.com', port=443): Failed to resolve 'nodefree.githubrowcontent.com' ([Errno -2] Name or service not known)""))",False
2026-09-19 11:03:49,https://raw.fastgit.org/freefq/free/master/v2,0,error,"HTTPSConnectionPool(host='raw.fastgit.org', port=443): Max retries exceeded with url: /freefq/free/master/v2 (Caused by NameResolutionError(""HTTPSConnection(host='raw.fastgit.org', port=443): Failed to resolve 'raw.fastgit.org' ([Errno -2] Name or service not known)""))",False
2026-09-19 11:03:49,https://proxy.yugogo.xyz/clash/proxie,0,error,"HTTPSConnectionPool(host='proxy.yugogo.xyz', port=443): Max retries exceeded with url: /clash/proxie (Caused by NameResolutionError(""HTTPSConnection(host='proxy.yugogo.xyz', port=443): Failed to resolve 'proxy.yugogo.xyz' ([Errno -2] Name or service not known)""))",False
2026-09-19 11:03:49,https://pxypool.131433.xyz/clash/proxies,0,error,"HTTPSConnectionPool(host='pxypool.131433.xyz', port=443): Max retries exceeded with url: /clash/proxies (Caused by NameResolutionError(""HTTPSConnection(host='pxypool.131433.xyz', port=443): Failed to resolve 'pxypool.131433.xyz' ([Errno -2] Name or service not known)""))",False
2026-09-19 11:03:49,https://proxy.yiun.xyz/clash/proxies,0,error,"HTTPSConnectionPool(host='proxy.yiun.xyz', port=443): Max retries exceeded with url: /clash/proxies (Caused by SSLError(SSLError(1, '[SSL: TLSV1_UNRECOGNIZED_NAME] tlsv1 unrecognized name (_ssl.c:1010)')))",False
2026-09-19 11:03:49,https://pool.sagithome.com/clash/proxies,0,error,"HTTPSConnectionPool(host='pool.sagithome.com', port=443): Max retries exceeded with url: /clash/proxies (Caused by NameResolutionError(""HTTPSConnection(host='pool.sagithome.com', port=443): Failed to resolve 'pool.sagithome.com' ([Errno -5] No address associated with hostname)""))",False
2026-09-19 11:03:49,https://rvorch.treze.cc/clash/proxies,0,error,"HTTPSConnectionPool(host='rvorch.treze.cc', port=443): Max retries exceeded with url: /clash/proxies (Caused by NameResolutionError(""HTTPSConnection(host='rvorch.treze.cc', port=443): Failed to resolve 'rvorch.treze.cc' ([Errno -2] Name or service not known)""))",False
2026-09-19 11:03:49,https://free.dsdog.tk/clash/proxies,0,error,"HTTPSConnectionPool(host='free.dsdog.tk', port=443): Max retries exceeded with url: /clash/proxies (Caused by NameResolutionError(""HTTPSConnection(host='free.dsdog.tk', port=443): Failed to resolve 'free.dsdog.tk' ([Errno -2] Name or service not known)""))",False
2026-09-19 11:03:49,https://zfjvpn.gitbook.io/123,0,ok,,False
2026-09-19 11:03:49,https://clashnode.com/wp-content/uploads/2023/03/20230310.txt,0,error,"HTTPSConnectionPool(host='clashnode.com', port=443): Max retries exceeded with url: /wp-content/uploads/2023/03/20230310.txt (Caused by NameResolutionError(""HTTPSConnection(host='clashnode.com', port=443): Failed to resolve 'clashnode.com' ([Errno -3] Temporary failure in name resolution)""))",False
2026-09-19 11:03:49,https://free.jingfu.cf/clash/proxies,0,error,"HTTPSConnectionPool(host='free.jingfu.cf', port=443): Max retries exceeded with url: /clash/proxies (Caused by NameResolutionError(""HTTPSConnection(host='free.jingfu.cf', port=443): Failed to resolve 'free.jingfu.cf' ([Errno -2] Name or service not known)""))",False
2026-09-19 11:03:49,https://free.iam7.tk/clash/proxies,0,error,"HTTPSConnectionPool(host='free.iam7.tk', port=443): Max retries exceeded with url: /clash/proxies (Caused by NameResolutionError(""HTTPSConnection(host='free.iam7.tk', port=443): Failed to resolve 'free.iam7.tk' ([Errno -2] Name or service not known)""))",False
2026-09-19 11:03:49,https://fetchjiedian.feisu360.xyz/clash/proxies,0,error,"HTTPSConnectionPool(host='fetchjiedian.feisu360.xyz', port=443): Max retries exceeded with url: /clash/proxies (Caused by NameResolutionError(""HTTPSConnection(host='fetchjiedian.feisu360.xyz', port=443): Failed to resolve 'fetchjiedian.feisu360.xyz' ([Errno -2] Name or service not known)""))",False
2026-09-19 11:03:49,https://timell.pages.dev/clash/proxies,0,error,404 Client Error: Not Found for url: https://timell.pages.dev/clash/proxies,False
2026-09-19 11:03:49,haohaoxiong.myqnapcloud.com:12580/clash/proxies,0,error,No connection adapters were found for 'haohaoxiong.myqnapcloud.com:12580/clash/proxies',False
2026-09-19 11:03:49,carterzheng.synology.me:8008/clash/proxies,0,error,No connection adapters were found for 'carterzheng.synology.me:8008/clash/proxies',False
2026-09-19 11:03:49,brovee.myds.me:12580/clash/proxies,0,error,No connection adapters were found for 'brovee.myds.me:12580/clash/proxies',False
2026-09-19 11:03:49,rot.9o9.top:880/clash/proxies,0,error,No connection adapters were found for 'rot.9o9.top:880/clash/proxies',False
2026-09-19 11:03:49,150.230.251.224:12580/clash/proxies,0,error,No connection adapters were found for '150.230.251.224:12580/clash/proxies',False
2026-09-19 11:03:49,104.168.244.47:12580/clash/proxies,0,error,No connection adapters were found for '104.168.244.47:12580/clash/proxies',False
2026-09-19 11:03:49,123.57.192.169:7777/clash/proxies,0,error,No connection adapters were found for '123.57.192.169:7777/clash/proxies',False
2026-09-19 11:03:49,146.56.97.77:12580/clash/proxies,0,error,No connection adapters were found for '146.56.97.77:12580/clash/proxies',False
2026-09-19 11:03:49,https://anaer.github.io/Sub/clash.yaml,0,skipped,,True
2026-09-19 11:03:49,https://mxlsub.me/newfull,0,error,"HTTPSConnectionPool(host='mxlsub.me', port=443): Max retries exceeded with url: /newfull (Caused by NameResolutionError(""HTTPSConnection(host='mxlsub.me', port=443): Failed to resolve 'mxlsub.me' ([Errno -2] Name or service not known)""))",False
2026-09-19 11:03:49,https://laxcity.pages.dev/clash/proxies,0,error,404 Client Error: Not Found for url: https://laxcity.pages.dev/clash/proxies,False
2026-09-19 11:03:49,https://igdux.top/5Hna,0,error,"HTTPSConnectionPool(host='igdux.top', port=443): Max retries exceeded with url: /5Hna (Caused by NameResolutionError(""HTTPSConnection(host='igdux.top', port=443): Failed to resolve 'igdux.top' ([Errno -2] Name or service not known)""))",False
2026-09-19 11:03:49,https://github.com/Au1rxx/free-vpn-subscriptions/raw/main/assets/hero.png,0,skipped,noise url,True
2026-09-19 11:03:49,https://img.shields.io/github/stars/Au1rxx/free-vpn-subscriptions?style=flat&color=gold&logo=github,0,skipped,noise url,True
2026-09-19 11:03:49,http://47.94.205.252:8080/V2Cloud/getVmess,0,ok,,False
2026-09-19 11:03:49,https://img.shields.io/badge/curated-2000-brightgreen,0,skipped,noise url,True
2026-09-19 11:03:49,https://img.shields.io/badge/verified-19720-blue,0,skipped,noise url,True
2026-09-19 11:03:49,https://img.shields.io/badge/median--rtt-438ms-orange,0,skipped,noise url,True
2026-09-19 11:03:49,https://img.shields.io/badge/php-3670A0?style=for-the-badge&logo=php&logoColor=ffdd54,0,skipped,noise url,True
2026-09-19 11:03:49,https://github.com/Au1rxx/free-vpn-subscriptions/stargazers,0,error,404 Client Error: Not Found for url: https://github.com/Au1rxx/free-vpn-subscriptions/stargazers,False
2026-09-19 11:03:49,https://img.shields.io/badge/License-MIT-green?style=for-the-badge,0,skipped,noise url,True
2026-09-19 11:03:49,https://gfwglass.tk,0,error,"HTTPSConnectionPool(host='gfwglass.tk', port=443): Max retries exceeded with url: / (Caused by NameResolutionError(""HTTPSConnection(host='gfwglass.tk', port=443): Failed to resolve 'gfwglass.tk' ([Errno -2] Name or service not known)""))",False
2026-09-19 11:03:49,https://img.shields.io/badge/php-%3E%3D7.0-blue?style=for-the-badge,0,skipped,noise url,True
2026-09-19 11:03:49,https://img.shields.io/github/stars/MhdiTaheri/V2rayCollector?style=for-the-badge,0,skipped,noise url,True
2026-09-19 11:03:49,https://github.com/MhdiTaheri/V2rayCollector/stargazers,0,error,404 Client Error: Not Found for url: https://github.com/MhdiTaheri/V2rayCollector/stargazers,False
2026-09-19 11:03:49,https://9527521.xyz/pubconfig/YCw0l6R3PoDbGFq5,0,error,404 Client Error: Not Found for url: https://shadowshare.v2cross.com/publicserver/servers/temp/YCw0l6R3PoDbGFq5,False
2026-09-19 11:03:49,https://raw.githubusercontent.com/sevcator/5ubscrpt10n/main/mini/m1n1-5ub-44.txt,0,skipped,,True
2026-09-19 11:03:49,https://raw.githubusercontent.com/RKPchannel/RKP_bypass_configs/refs/heads/main/whitelist.txt,0,skipped,,True
2026-09-19 11:03:49,https://raw.githubusercontent.com/sevcator/5ubscrpt10n/main/mini/m1n1-5ub-4.txt,0,error,"HTTPSConnectionPool(host='raw.githubusercontent.com', port=443): Read timed out. (read timeout=25)",False
2026-09-19 11:03:49,https://raw.githubusercontent.com/RKPchannel/RKP_bypass_configs/refs/heads/main/whitelist.yaml,0,skipped,,True
2026-09-19 11:03:49,https://raw.githubusercontent.com/RKPchannel/RKP_bypass_configs/refs/heads/main/blacklist.txt,0,skipped,,True
2026-09-19 11:03:49,https://apps.apple.com/tr/app/anywhere-proxy/id6758235178,0,skipped,noise url,True
2026-09-19 11:03:49,https://t.me/urlsources,0,ok,,False
2026-09-19 11:03:49,https://github.com/MhdiTaheri/V2rayCollector/blob/main/LICENSE,0,ok,,False
2026-09-19 11:03:49,https://raw.githubusercontent.com/RKPchannel/RKP_bypass_configs/refs/heads/main/blacklist.yaml,0,skipped,,True
2026-09-19 11:03:49,https://github.com/MhdiTaheri/V2rayCollector,1268,ok,,False
2026-09-19 11:03:49,https://t.me/RKP_channel,0,ok,,False
2026-09-19 11:03:49,https://clashmi.app/download,0,skipped,,True
2026-09-19 11:03:49,https://clashnode.com/wp-content/uploads/2023/12/20231221.txt,0,error,"HTTPSConnectionPool(host='clashnode.com', port=443): Max retries exceeded with url: /wp-content/uploads/2023/12/20231221.txt (Caused by NameResolutionError(""HTTPSConnection(host='clashnode.com', port=443): Failed to resolve 'clashnode.com' ([Errno -3] Temporary failure in name resolution)""))",False
2026-09-19 11:03:49,https://github.com/Asterisk4Magisk/AsteriskNG,0,ok,,False
2026-09-19 11:03:49,https://github.com/Leadaxe/LxBox,0,ok,,False
2026-09-19 11:03:49,https://github.com/Q7DF1/XrayFA,0,ok,,False
2026-09-19 11:03:49,https://github.com/chen08209/FlClash,0,ok,,False
2026-09-19 11:03:49,https://github.com/XeonDead/NetProxy-Magisk,0,ok,,False
2026-09-19 11:03:49,https://www.youneed.win/free-ss,0,ok,,False
2026-09-19 11:03:49,https://github.com/pluralplay/FlClashX,0,ok,,False
2026-09-19 11:03:49,https://github.com/Omegaplexx/Happwner,13,ok,,False
2026-09-19 11:03:49,https://github.com/yanisplugg/olcvpn-client,0,ok,,False
2026-09-19 11:03:49,https://4pda.to/forum/index.php?showtopic=1121122,0,error,403 Client Error: Forbidden for url: https://4pda.to/forum/index.php?showtopic=1121122,False
2026-09-19 11:03:49,https://hiddify.com,0,skipped,,True
2026-09-19 11:03:49,https://github.com/xchacha20-poly1305/husi,0,ok,,False
2026-09-19 11:03:49,https://karing.app,0,skipped,,True
2026-09-19 11:03:49,https://github.com/HatsuneMikuUwU/MikuBoxForAndroid,0,ok,,False
2026-09-19 11:03:49,https://github.com/Ohayo18/NekoBoxForAndroid/releases,0,error,404 Client Error: Not Found for url: https://github.com/Ohayo18/NekoBoxForAndroid/releases,False
2026-09-19 11:03:49,https://apps.apple.com/hr/app/v2box-v2ray-client/id6446814690,0,skipped,noise url,True
2026-09-19 11:03:49,https://play.google.com/store/apps/details?id=dev.hexasoftware.v2box,0,skipped,noise url,True
2026-09-19 11:03:49,https://github.com/WINGS-N/WINGSV,0,ok,,False
2026-09-19 11:03:49,https://apps.apple.com/tr/app/everywhere-proxy/id6766003090,0,skipped,noise url,True
2026-09-19 11:03:49,https://apps.apple.com/tr/app/nextin/id6754002454,0,skipped,noise url,True
2026-09-19 11:03:49,https://apps.apple.com/tr/app/shadowrocket/id932747118,0,skipped,noise url,True
2026-09-19 11:03:49,https://apps.apple.com/it/app/streisand/id6450534064,0,skipped,noise url,True
2026-09-19 11:03:49,https://github.com/appshubcc/Bettbox,0,ok,,False
2026-09-19 11:03:49,https://github.com/openlibrecommunity/olcng,0,ok,,False
2026-09-19 11:03:49,https://yaenot.xyz,0,skipped,,True
2026-09-19 11:03:49,https://github.com/artem4150/VeilBox,0,ok,,False
2026-09-19 11:03:49,https://github.com/snakem982/Pandora-Box,0,ok,,False
2026-09-19 11:03:49,https://github.com/INCY-DEV/incy-platforms,0,ok,,False
2026-09-19 11:03:49,https://github.com/2dust/v2rayNG/releases,0,ok,,False
2026-09-19 11:03:49,https://github.com/dyhkwong/Exclave/releases,0,ok,,False
2026-09-19 11:03:49,https://github.com/Happ-proxy,0,ok,,False
2026-09-19 11:03:49,https://ooooooo.vvvv.ee/O,748,ok,,False
2026-09-19 11:03:49,https://github.com/821869798/carton,0,ok,,False
2026-09-19 11:03:49,https://github.com/mihomo-party-org/clash-party,0,ok,,False
2026-09-19 11:03:49,https://github.com/Hayashi-xz/NeonV,0,ok,,False
2026-09-19 11:03:49,https://www.gstatic.com/generate_204,0,skipped,,True
2026-09-19 11:03:49,https://github.com/STBobcat/Bobcat-Proxy-xray,0,ok,,False
2026-09-19 11:03:49,https://img.shields.io/github/last-commit/MhdiTaheri/V2rayCollector?style=for-the-badge,0,skipped,noise url,True
2026-09-19 11:03:49,https://img.shields.io/github/issues/MhdiTaheri/V2rayCollector?style=for-the-badge,0,skipped,noise url,True
2026-09-19 11:03:49,https://raw.githubusercontent.com/MhdiTaheri/V2rayCollector/main/sub/trojan,0,skipped,,True
2026-09-19 11:03:49,https://github.com/2dust/v2rayN/releases,0,ok,,False
2026-09-19 11:03:49,https://raw.githubusercontent.com/MhdiTaheri/V2rayCollector/main/sub/tuic,0,skipped,,True
2026-09-19 11:03:49,https://raw.githubusercontent.com/MhdiTaheri/V2rayCollector/main/sub/vlessbase64,0,skipped,,True
2026-09-19 11:03:49,https://github.com/bepass-org/oblivion-desktop,0,ok,,False
2026-09-19 11:03:49,https://raw.githubusercontent.com/MhdiTaheri/V2rayCollector/main/sub/hysteria,0,skipped,,True
2026-09-19 11:03:49,https://raw.githubusercontent.com/MhdiTaheri/V2rayCollector/main/sub/vmessbase64,0,skipped,,True
2026-09-19 11:03:49,https://raw.githubusercontent.com/MhdiTaheri/V2rayCollector/main/sub/mixbase64,0,skipped,,True
2026-09-19 11:03:49,https://github.com/Leadaxe/singbox-launcher,0,ok,,False
2026-09-19 11:03:49,https://github.com/Tawreos228/Kitsune-Connect,0,ok,,False
2026-09-19 11:03:49,https://github.com/throneproj/Throne,0,ok,,False
2026-09-19 11:03:49,https://my.telegram.org,0,ok,,False
2026-09-19 11:03:49,https://github.com/clash-verge-rev/clash-verge-rev,0,ok,,False
2026-09-19 11:03:49,https://t.me/s/foxrayiran,0,ok,,False
2026-09-19 11:03:49,https://t.me/s/v2rayng_fa2,0,ok,,False
2026-09-19 11:03:49,https://t.me/s/yaney_01,204,ok,,False
2026-09-19 11:03:49,https://www.4spaces.org/free/,0,error,522 Server Error: <none> for url: https://www.4spaces.org/free/,False
2026-09-19 11:03:49,https://t.me/s/EliV2ray,33,ok,,False
2026-09-19 11:03:49,https://t.me/s/FreakConfig,80,ok,,False
2026-09-19 11:03:49,https://t.me/s/v2rayng_org,0,ok,,False
2026-09-19 11:03:49,https://t.me/s/proxystore11,13,ok,,False
2026-09-19 11:03:49,https://t.me/s/v2_vmess,0,ok,,False
2026-09-19 11:03:49,https://github.com/qr243vbi/nekobox,0,ok,,False
2026-09-19 11:03:49,https://t.me/s/V2rayNGvpni,0,ok,,False
2026-09-19 11:03:49,https://t.me/s/vmess_vless_v2rayng,0,ok,,False
2026-09-19 11:03:49,https://t.me/s/custom_14,25,ok,,False
2026-09-19 11:03:49,https://t.me/s/v2ray_outlineir,105,ok,,False
2026-09-19 11:03:49,https://t.me/s/vmessiran,0,ok,,False
2026-09-19 11:03:49,https://t.me/s/FreeVlessVpn,6,ok,,False
2026-09-19 11:03:49,https://t.me/s/MsV2ray,0,ok,,False
2026-09-19 11:03:49,https://t.me/s/v2rayNG_VPNN,0,ok,,False
2026-09-19 11:03:49,https://t.me/s/vmessq,0,ok,,False
2026-09-19 11:03:49,https://t.me/s/ServerNett,0,ok,,False
2026-09-19 11:03:49,https://t.me/s/PrivateVPNs,91,ok,,False
2026-09-19 11:03:49,https://t.me/s/freeland8,171,ok,,False
2026-09-19 11:03:49,https://t.me/s/DailyV2RY,958,ok,,False
2026-09-19 11:03:49,https://t.me/s/Outline_Vpn,536,ok,,False
2026-09-19 11:03:49,https://t.me/s/ShadowsocksM,129,ok,,False
2026-09-19 11:03:49,https://t.me/s/V2rayNG3,694,ok,,False
2026-09-19 11:03:49,https://t.me/s/shadowsocksshop,15,ok,,False
2026-09-19 11:03:49,https://t.me/s/V2Ray_FreedomIran,0,ok,,False
2026-09-19 11:03:49,http://175.178.182.178:12580/clash/proxies,0,error,"HTTPConnectionPool(host='175.178.182.178', port=12580): Max retries exceeded with url: /clash/proxies (Caused by ConnectTimeoutError(<HTTPConnection(host='175.178.182.178', port=12580) at 0x7efc60f07620>, 'Connection to 175.178.182.178 timed out. (connect timeout=25)'))",False
2026-09-19 11:03:49,https://t.me/s/v2rayan,38,ok,,False
2026-09-19 11:03:49,https://t.me/s/VmessProtocol,46,ok,,False
2026-09-19 11:03:49,https://clashe.eu.org/clash/proxies,0,error,"HTTPSConnectionPool(host='clashe.eu.org', port=443): Max retries exceeded with url: /clash/proxies (Caused by ConnectTimeoutError(<HTTPSConnection(host='clashe.eu.org', port=443) at 0x7efc78364ef0>, 'Connection to clashe.eu.org timed out. (connect timeout=25)'))",False
2026-09-19 11:03:49,https://t.me/s/v2ray_for_free,13,ok,,False
2026-09-19 11:03:49,https://t.me/s/napsternetv_config,0,ok,,False
2026-09-19 11:03:49,https://t.me/s/Easy_Free_VPN,19,ok,,False
2026-09-19 11:03:49,https://t.me/s/freev2rayssr,0,ok,,False
2026-09-19 11:03:49,https://t.me/s/free4allVPN,85,ok,,False
2026-09-19 11:03:49,https://t.me/s/WeePeeN,0,ok,,False
2026-09-19 11:03:49,https://t.me/s/vpn_ocean,11,ok,,False
2026-09-19 11:03:49,https://t.me/s/configV2rayForFree,38,ok,,False
2026-09-19 11:03:49,https://t.me/s/FreeV2rays,21,ok,,False
2026-09-19 11:03:49,https://t.me/s/Shadowlinkserverr,0,ok,,False
2026-09-19 11:03:49,https://t.me/s/v2RayChannel,0,ok,,False
2026-09-19 11:03:49,https://t.me/s/V2rayN_Free,0,ok,,False
2026-09-19 11:03:49,https://t.me/s/V2RAY_NEW,0,ok,,False
2026-09-19 11:03:49,https://t.me/s/ShadowSocks_s,0,ok,,False
2026-09-19 11:03:49,https://t.me/s/iranvpnet,6,ok,,False
2026-09-19 11:03:49,https://t.me/s/vmess_iran,13,ok,,False
2026-09-19 11:03:49,https://t.me/s/configV2rayNG,111,ok,,False
2026-09-19 11:03:49,https://t.me/s/config_v2ray,0,ok,,False
2026-09-19 11:03:49,https://t.me/s/HTTPCustomLand,0,ok,,False
2026-09-19 11:03:49,https://t.me/s/v2rayn_server,0,ok,,False
2026-09-19 11:03:49,https://t.me/s/V2RAY_VMESS_free,0,ok,,False
2026-09-19 11:03:49,https://t.me/s/vpn_proxy_custom,10,ok,,False
2026-09-19 11:03:49,https://t.me/s/v2rayNG_VPN,1,ok,,False
2026-09-19 11:03:49,https://t.me/s/FreeNet1500,0,ok,,False
2026-09-19 11:03:49,https://t.me/s/DigiV2ray,3,ok,,False
2026-09-19 11:03:49,https://t.me/s/v2ray_custom,0,ok,,False
2026-09-19 11:03:49,https://t.me/s/YtTe3la,0,ok,,False
2026-09-19 11:03:49,https://t.me/s/V2RayOxygen,0,ok,,False
2026-09-19 11:03:49,https://t.me/s/ViPVpn_v2ray,41,ok,,False
2026-09-19 11:03:49,https://t.me/s/beta_v2ray,0,ok,,False
2026-09-19 11:03:49,https://t.me/s/VorTexIRN,0,ok,,False
2026-09-19 11:03:49,https://t.me/s/VPN_443,0,ok,,False
2026-09-19 11:03:49,https://t.me/s/frev2rayng,0,ok,,False
2026-09-19 11:03:49,https://t.me/s/mahsaamoon1,0,ok,,False
2026-09-19 11:03:49,https://t.me/s/v2ray_ar,0,ok,,False
2026-09-19 11:03:49,https://t.me/s/v2rayng_v,0,ok,,False
2026-09-19 11:03:49,https://t.me/s/Network_442,7,ok,,False
2026-09-19 11:03:49,https://t.me/s/Awlix_ir,13,ok,,False
2026-09-19 11:03:49,https://t.me/s/VPNCUSTOMIZE,0,ok,,False
2026-09-19 11:03:49,https://t.me/s/forwardv2ray,0,ok,,False
2026-09-19 11:03:49,https://t.me/s/God_CONFIG,0,ok,,False
2026-09-19 11:03:49,https://starchart.cc/MhdiTaheri/V2rayCollector.svg?variant=adaptive,0,skipped,noise url,True
2026-09-19 11:03:49,https://starchart.cc/MhdiTaheri/V2rayCollector,0,skipped,,True
2026-09-19 11:03:49,https://img.shields.io/badge/updated-2026-09-18_07:09_UTC-informational,0,skipped,noise url,True
2026-09-19 11:03:49,https://img.shields.io/github/license/Au1rxx/free-vpn-subscriptions?color=blue,0,skipped,noise url,True
2026-09-19 11:03:49,https://t.me/s/vip_vpn_2022,2,ok,,False
2026-09-19 11:03:49,https://t.me/s/FOX_VPN66,1,ok,,False
2026-09-19 11:03:49,https://t.me/s/Configforvpn01,69,ok,,False
2026-09-19 11:03:49,https://t.me/s/vpnmasi,0,ok,,False
2026-09-19 11:03:49,https://raw.githubusercontent.com/Maskkost93/kizyak-vpn-4.0/refs/heads/main/kizyakbeta7.txt,159,ok,,False
2026-09-19 11:03:49,https://raw.githubusercontent.com/Maskkost93/kizyak-vpn-4.0/refs/heads/main/kizyakbeta6.txt,71,ok,,False
2026-09-19 11:03:49,https://raw.githubusercontent.com/Maskkost93/kizyak-vpn-4.0/refs/heads/main/kizyakbeta6BL.txt,154,ok,,False
2026-09-19 11:03:49,https://t.me/s/inikotesla,20,ok,,False
2026-09-19 11:03:49,https://github.com/Au1rxx/free-vpn-subscriptions/raw/main/output/by-country/clash-JP.yaml,187,ok,,False
2026-09-19 11:03:49,https://github.com/Au1rxx/free-vpn-subscriptions/raw/main/output/by-country/v2ray-base64-JP.txt,274,ok,,False
2026-09-19 11:03:49,https://github.com/Au1rxx/free-vpn-subscriptions/raw/main/output/by-country/singbox-JP.json,0,ok,,False
2026-09-19 11:03:49,https://github.com/Au1rxx/free-vpn-subscriptions/raw/main/output/by-country/clash-US.yaml,459,ok,,False
2026-09-19 11:03:49,https://github.com/Au1rxx/free-vpn-subscriptions/raw/main/output/by-country/singbox-US.json,0,ok,,False
2026-09-19 11:03:49,https://github.com/Au1rxx/free-vpn-subscriptions/raw/main/output/by-country/v2ray-base64-US.txt,710,ok,,False
2026-09-19 11:03:49,https://github.com/Au1rxx/free-vpn-subscriptions/raw/main/output/by-country/clash-NL.yaml,70,ok,,False
2026-09-19 11:03:49,https://github.com/Au1rxx/free-vpn-subscriptions/raw/main/output/by-country/singbox-NL.json,0,ok,,False
2026-09-19 11:03:49,https://github.com/Au1rxx/free-vpn-subscriptions/blob/main/LICENSE,0,ok,,False
2026-09-19 11:03:49,https://github.com/Au1rxx/free-vpn-subscriptions/tree/main/output,0,ok,,False
2026-09-19 11:03:49,https://github.com/Au1rxx/free-vpn-subscriptions/raw/main/output/by-country/v2ray-base64-NL.txt,96,ok,,False
2026-09-19 11:03:49,https://github.com/Au1rxx/free-vpn-subscriptions/raw/main/output/by-country/v2ray-base64-TW.txt,94,ok,,False
2026-09-19 11:03:49,https://github.com/Au1rxx/free-vpn-subscriptions/raw/main/output/by-country/clash-TW.yaml,35,ok,,False
2026-09-19 11:03:49,https://github.com/Au1rxx/free-vpn-subscriptions/raw/main/output/by-country/clash-HK.yaml,29,ok,,False
2026-09-19 11:03:49,https://t.me/s/iSeqaro,0,ok,,False
2026-09-19 11:03:49,https://t.me/s/frev2ray,0,ok,,False
2026-09-19 11:03:49,https://github.com/Au1rxx/free-vpn-subscriptions/raw/main/output/by-country/v2ray-base64-HK.txt,83,ok,,False
2026-09-19 11:03:49,https://github.com/Au1rxx/free-vpn-subscriptions/raw/main/output/by-country/clash-SG.yaml,79,ok,,False
2026-09-19 11:03:49,https://t.me/s/ParsRoute,5,ok,,False
2026-09-19 11:03:49,https://t.me/s/TUICity,0,ok,,False
2026-09-19 11:03:49,https://github.com/Au1rxx/free-vpn-subscriptions/raw/main/output/by-country/singbox-SG.json,0,ok,,False
2026-09-19 11:03:49,https://github.com/Au1rxx/free-vpn-subscriptions/raw/main/output/by-country/clash-KR.yaml,27,ok,,False
2026-09-19 11:03:49,https://github.com/Au1rxx/free-vpn-subscriptions/raw/main/output/by-country/clash-IN.yaml,17,ok,,False
2026-09-19 11:03:49,https://github.com/Au1rxx/free-vpn-subscriptions/raw/main/output/by-country/v2ray-base64-SG.txt,105,ok,,False
2026-09-19 11:03:49,https://github.com/Au1rxx/free-vpn-subscriptions/raw/main/output/by-country/v2ray-base64-KR.txt,55,ok,,False
2026-09-19 11:03:49,https://github.com/Au1rxx/free-vpn-subscriptions/raw/main/output/by-country/singbox-KR.json,0,ok,,False
2026-09-19 11:03:49,https://github.com/Au1rxx/free-vpn-subscriptions/raw/main/output/by-country/v2ray-base64-IN.txt,41,ok,,False
2026-09-19 11:03:49,https://github.com/Au1rxx/free-vpn-subscriptions/raw/main/output/by-country/clash-CA.yaml,28,ok,,False
2026-09-19 11:03:49,https://t.me/s/ultrasurf_12,0,ok,,False
2026-09-19 11:03:49,https://github.com/Au1rxx/free-vpn-subscriptions/raw/main/output/by-country/singbox-IN.json,0,ok,,False
2026-09-19 11:03:49,https://github.com/Au1rxx/free-vpn-subscriptions/raw/main/output/by-country/v2ray-base64-CA.txt,64,ok,,False
2026-09-19 11:03:49,https://github.com/Au1rxx/free-vpn-subscriptions/raw/main/output/by-country/clash-DE.yaml,34,ok,,False
2026-09-19 11:03:49,https://github.com/Au1rxx/free-vpn-subscriptions/raw/main/output/by-country/singbox-TW.json,0,ok,,False
2026-09-19 11:03:49,https://github.com/Au1rxx/free-vpn-subscriptions/raw/main/output/by-country/singbox-DE.json,0,ok,,False
2026-09-19 11:03:49,https://github.com/Au1rxx/free-vpn-subscriptions/raw/main/output/by-country/singbox-CA.json,0,ok,,False
2026-09-19 11:03:49,https://github.com/Au1rxx/free-vpn-subscriptions/raw/main/output/by-country/clash-FR.yaml,13,ok,,False
2026-09-19 11:03:49,https://github.com/Au1rxx/free-vpn-subscriptions/raw/main/output/by-country/v2ray-base64-GB.txt,21,ok,,False
2026-09-19 11:03:49,https://github.com/Au1rxx/free-vpn-subscriptions/raw/main/output/by-country/clash-GB.yaml,12,ok,,False
2026-09-19 11:03:49,https://t.me/s/v2rayngvpn,0,ok,,False
2026-09-19 11:03:49,https://github.com/Au1rxx/free-vpn-subscriptions/raw/main/output/by-country/v2ray-base64-DE.txt,37,ok,,False
2026-09-19 11:03:49,https://github.com/Au1rxx/free-vpn-subscriptions/raw/main/output/by-country/singbox-GB.json,0,ok,,False
2026-09-19 11:03:49,https://github.com/Au1rxx/free-vpn-subscriptions/raw/main/output/by-country/clash-PL.yaml,11,ok,,False
2026-09-19 11:03:49,https://github.com/Au1rxx/free-vpn-subscriptions/raw/main/output/by-country/v2ray-base64-FR.txt,26,ok,,False
2026-09-19 11:03:49,https://github.com/Au1rxx/free-vpn-subscriptions/raw/main/output/by-country/clash-RO.yaml,10,ok,,False
2026-09-19 11:03:49,https://github.com/Au1rxx/free-vpn-subscriptions/raw/main/output/by-country/v2ray-base64-PL.txt,18,ok,,False
2026-09-19 11:03:49,https://github.com/Au1rxx/free-vpn-subscriptions/raw/main/output/by-country/singbox-FR.json,0,ok,,False
2026-09-19 11:03:49,https://github.com/Au1rxx/free-vpn-subscriptions/raw/main/output/by-country/singbox-PL.json,0,ok,,False
2026-09-19 11:03:49,https://github.com/Au1rxx/free-vpn-subscriptions/raw/main/output/by-country/v2ray-base64-RO.txt,14,ok,,False
2026-09-19 11:03:49,https://github.com/Au1rxx/free-vpn-subscriptions/raw/main/output/by-country/singbox-RO.json,0,ok,,False
2026-09-19 11:03:49,https://github.com/Au1rxx/free-vpn-subscriptions/raw/main/output/by-country/clash-AU.yaml,4,ok,,False
2026-09-19 11:03:49,https://github.com/Au1rxx/free-vpn-subscriptions/raw/main/output/by-country/clash-ES.yaml,5,ok,,False
2026-09-19 11:03:49,https://github.com/Au1rxx/free-vpn-subscriptions/raw/main/output/by-country/v2ray-base64-AU.txt,9,ok,,False
2026-09-19 11:03:49,https://github.com/Au1rxx/free-vpn-subscriptions/raw/main/output/by-country/clash-EE.yaml,3,ok,,False
2026-09-19 11:03:49,https://github.com/Au1rxx/free-vpn-subscriptions/raw/main/output/by-country/singbox-AU.json,0,ok,,False
2026-09-19 11:03:49,https://github.com/Au1rxx/free-vpn-subscriptions/raw/main/output/by-country/singbox-ES.json,0,ok,,False
2026-09-19 11:03:49,https://github.com/Au1rxx/free-vpn-subscriptions/raw/main/output/by-country/v2ray-base64-ES.txt,9,ok,,False
2026-09-19 11:03:49,https://github.com/Au1rxx/free-vpn-subscriptions/raw/main/output/by-country/clash-RU.yaml,0,skipped,,True
2026-09-19 11:03:49,https://github.com/Au1rxx/free-vpn-subscriptions/raw/main/output/by-country/v2ray-base64-EE.txt,4,ok,,False
2026-09-19 11:03:49,https://github.com/Au1rxx/free-vpn-subscriptions/raw/main/output/by-country/singbox-RU.json,0,skipped,,True
2026-09-19 11:03:49,https://github.com/Au1rxx/free-vpn-subscriptions/raw/main/assets/star-history.svg,0,skipped,noise url,True
2026-09-19 11:03:49,https://github.com/Au1rxx/free-vpn-subscriptions/raw/main/output/by-country/singbox-EE.json,0,ok,,False
2026-09-19 11:03:49,https://github.com/Au1rxx/free-vpn-subscriptions/raw/main/output/by-country/clash-SE.yaml,0,error,404 Client Error: Not Found for url: https://github.com/Au1rxx/free-vpn-subscriptions/raw/main/output/by-country/clash-SE.yaml,False
2026-09-19 11:03:49,https://github.com/Au1rxx/free-vpn-subscriptions/raw/main/output/by-country/singbox-SE.json,0,error,404 Client Error: Not Found for url: https://github.com/Au1rxx/free-vpn-subscriptions/raw/main/output/by-country/singbox-SE.json,False
2026-09-19 11:03:49,https://github.com/Au1rxx/free-vpn-subscriptions/raw/main/output/by-country/v2ray-base64-SE.txt,0,error,404 Client Error: Not Found for url: https://github.com/Au1rxx/free-vpn-subscriptions/raw/main/output/by-country/v2ray-base64-SE.txt,False
2026-09-19 11:03:49,https://github.com/Au1rxx/free-vpn-subscriptions/raw/main/output/by-country/v2ray-base64-RU.txt,0,skipped,,True
2026-09-19 11:03:49,https://raw.githubusercontent.com/qjlxg/one/refs/heads/main/nodes_list.txt,0,skipped,,True
2026-09-19 11:03:49,https://raw.githubusercontent.com/v2rayNplus/v2rayNplus.github.io/main/configs.txt#v2rayNplus,0,skipped,,True
2026-09-19 11:03:49,https://au1rxx.github.io/free-vpn-subscriptions/guides/clash-verge.html,0,ok,,False
2026-09-19 11:03:49,https://raw.githubusercontent.com/liketolivefree/kobabi/main/sub_all.txt#like,0,skipped,,True
2026-09-19 11:03:49,https://au1rxx.github.io/free-vpn-subscriptions/guides/shadowrocket.html,0,ok,,False
2026-09-19 11:03:49,https://au1rxx.github.io/free-vpn-subscriptions/guides/v2rayng.html,0,ok,,False
2026-09-19 11:03:49,https://gist.githubusercontent.com/hermes659/9ac613aaad1337ba8a271c45126ecab8/raw/6823f72799f41d24b1e90fb3753b6ddc1fc40663/github_openclash_nodes.yaml,0,skipped,,True
2026-09-19 11:03:49,https://raw.githubusercontent.com/itsyebekhe/PSG/main/subscriptions/xray/cdn.b64,5220,ok,,False
2026-09-19 11:03:49,https://raw.githubusercontent.com/qjlxg/K8/refs/heads/main/all_nodes.txt,1081,ok,,False
2026-09-19 11:03:49,https://raw.githubusercontent.com/ByeWhiteLists/ByeWhiteLists2/refs/heads/main/ByeWhiteLists2.txt,0,skipped,,True
2026-09-19 11:03:49,https://raw.githubusercontent.com/AlienVPN402/Clash-Subscribe/main/index.html,0,skipped,,True
2026-09-19 11:03:49,https://alienvpn402.github.io/AlienVPN402-subscribe-servers-sing-box/,0,skipped,,True
2026-09-19 11:03:49,https://raw.githubusercontent.com/10ium/free-config/refs/heads/main/HighSpeed.txt,0,skipped,,True
2026-09-19 11:03:49,https://raw.githubusercontent.com/iampedii/whitedns-sub/refs/heads/main/base64.txt,0,skipped,,True
2026-09-19 11:03:49,https://raw.githubusercontent.com/qjlxg/an_e/refs/heads/main/all_collected.txt,0,skipped,,True
2026-09-19 11:03:49,https://raw.githubusercontent.com/v2rayNplus/v2rayNplus.github.io/main/v2rayNplus.txt#v2rayNplus,0,skipped,,True
2026-09-19 11:03:49,https://raw.githubusercontent.com/v2rayCrow/FreeConfig/main/359config%40v2rayCrow.txt,0,skipped,,True
2026-09-19 11:03:49,https://raw.githubusercontent.com/qjlxg/one/refs/heads/main/nodes.txt,2078,ok,,False
2026-09-19 11:03:49,https://raw.githubusercontent.com/iampedii/whitedns-sub/refs/heads/main/mihomo.yaml,0,skipped,,True
2026-09-19 11:03:49,https://raw.githubusercontent.com/arshiacomplus/v2rayExtractor/refs/heads/main/mix/sub.html,0,skipped,,True
2026-09-19 11:03:49,https://au1rxx.github.io/free-vpn-subscriptions/guides/sing-box.html,0,ok,,False
2026-09-19 11:03:49,https://raw.githubusercontent.com/v2rayCrow/FreeConfig/main/335config%40v2rayCrow.txt#v2rayCrow,0,skipped,,True
2026-09-19 11:03:49,https://raw.githubusercontent.com/hvwin8/autojiedian/master/clash.yaml,0,skipped,,True
2026-09-19 11:03:49,https://node.freeclashnode.com/uploads/2026/07/0-20260717.txt,0,skipped,,True
2026-09-19 11:03:49,https://raw.githubusercontent.com/itsyebekhe/PSG/main/subscriptions/xray/vless.b64,278,ok,,False
2026-09-19 11:03:49,https://subrostunnel.vercel.app/gen.txt,0,skipped,,True
2026-09-19 11:03:49,https://raw.githubusercontent.com/ermaozi/get_subscribe/main/subscribe/v2ray.txt,0,skipped,,True
2026-09-19 11:03:49,https://raw.githubusercontent.com/v2rayCrow/FreeConfig/refs/heads/main/215config%40v2rayCrow.txt#v2rayCrow,0,skipped,,True
2026-09-19 11:03:49,https://raw.githubusercontent.com/mraliasadi8831/Subscription-/main/profiles.txt,0,skipped,,True
2026-09-19 11:03:49,https://raw.githubusercontent.com/4n0nymou3/multi-proxy-config-fetcher/refs/heads/main/configs/proxy_configs.txt?s=09#Anonymous-Multi,248,ok,,False
2026-09-19 11:03:49,https://node.freeclashnode.com/uploads/2026/07/2-20260717.txt,0,skipped,,True
2026-09-19 11:03:49,https://raw.githubusercontent.com/mahdibland/ShadowsocksAggregator/master/Eternity.txt,0,skipped,,True
2026-09-19 11:03:49,https://raw.githubusercontent.com/therealaleph/Iran-configs/refs/heads/main/ir_configs.txt,0,skipped,,True
2026-09-19 11:03:49,https://raw.githubusercontent.com/itsyebekhe/PSG/main/subscriptions/xray/vless_ipv4.b64,196,ok,,False
2026-09-19 11:03:49,https://node.freeclashnode.com/uploads/2026/07/1-20260717.txt,0,skipped,,True
2026-09-19 11:03:49,https://raw.githubusercontent.com/itsyebekhe/PSG/main/subscriptions/xray/mix.b64,322,ok,,False
2026-09-19 11:03:49,https://raw.githubusercontent.com/itsyebekhe/PSG/main/lite/subscriptions/xray/mix.b64,163,ok,,False
2026-09-19 11:03:49,https://node.freeclashnode.com/uploads/2026/07/1-20260717.yaml,0,skipped,,True
2026-09-19 11:03:49,https://raw.githubusercontent.com/roosterkid/openproxylist/main/V2RAY_BASE64.txt?s=09#V2RAY_BASE64,150,ok,,False
2026-09-19 11:03:49,https://raw.githubusercontent.com/itsyebekhe/PSG/main/lite/subscriptions/xray/vless.b64,140,ok,,False
2026-09-19 11:03:49,https://raw.githubusercontent.com/igareck/vpn-configs-for-russia/refs/heads/main/BLACK_VLESS_RUS_mobile.txt,145,ok,,False
2026-09-19 11:03:49,https://raw.githubusercontent.com/Mosifree/-FREE2CONFIG/refs/heads/main/Reality,0,skipped,,True
2026-09-19 11:03:49,https://raw.githubusercontent.com/sakha1370/OpenRay/refs/heads/main/output_iran/iran_top100_checked.txt,0,skipped,,True
2026-09-19 11:03:49,https://gist.githubusercontent.com/anaer/f0ba4dda0c0e106c9497bad193d9d3d9/raw/194f94b9349b2fafa7e02289eb9194c02ae190dc/All.yaml,0,skipped,,True
2026-09-19 11:03:49,https://raw.githubusercontent.com/itsyebekhe/PSG/main/lite/subscriptions/xray/vless_ipv4.b64,96,ok,,False
2026-09-19 11:03:49,https://gist.githubusercontent.com/frederick1986/18134e1b4316a3257a9548bf678d6ac3/raw/72c4c85dd5aa07c091e5163598c83181cca99c59/mihomo.yaml,0,skipped,,True
2026-09-19 11:03:49,https://app.sublink.works/x/XUpeVWf,0,skipped,,True
2026-09-19 11:03:49,https://gist.githubusercontent.com/lzj05/c7a3615e1fd9ccdd4a9a5caf853d6d54/raw/60226ff285d09851a345307b10c96ac8b14dfd82/all.yaml,0,skipped,,True
2026-09-19 11:03:49,https://raw.githubusercontent.com/itsyebekhe/PSG/main/subscriptions/xray/vless_domain.b64,83,ok,,False
2026-09-19 11:03:49,https://raw.githubusercontent.com/v2rayCrow/Sub-Link-Output/main/all.txt#v2sourceALL,0,skipped,,True
2026-09-19 11:03:49,https://app.sublink.works/c/XUpeVWf,0,skipped,,True
2026-09-19 11:03:49,https://raw.githubusercontent.com/zieng2/wl/main/vless_universal.txt,131,ok,,False
2026-09-19 11:03:49,https://raw.githubusercontent.com/FNET00bot/FNET00/Config/Main,0,skipped,,True
2026-09-19 11:03:49,https://raw.githubusercontent.com/zieng2/wl/refs/heads/main/vless_universal.txt,131,ok,,False
2026-09-19 11:03:49,https://raw.githubusercontent.com/MrBihal/Channel-Hddify/refs/heads/main/KING-NEW,0,skipped,,True
2026-09-19 11:03:49,https://raw.githubusercontent.com/fitexgit/v2raysub/refs/heads/main/sub.txt,0,skipped,,True
2026-09-19 11:03:49,https://raw.githubusercontent.com/MrBihal/Channel-Hddify/refs/heads/main/PIZZA,0,skipped,,True
2026-09-19 11:03:49,https://raw.githubusercontent.com/Ashkan-m/v2ray/main/Sub.txt,0,skipped,,True
2026-09-19 11:03:49,https://raw.githubusercontent.com/igareck/vpn-configs-for-russia/refs/heads/main/Vless-Reality-White-Lists-Rus-Mobile.txt,93,ok,,False
2026-09-19 11:03:49,https://raw.githubusercontent.com/ssrsub/ssr/master/v2ray,0,skipped,,True
2026-09-19 11:03:49,https://raw.githubusercontent.com/MrBihal/Channel-Hddify/refs/heads/main/GAME,0,skipped,,True
2026-09-19 11:03:49,https://raw.githubusercontent.com/ssrsub/ssr/master/clash.yaml,0,skipped,,True
2026-09-19 11:03:49,https://raw.githubusercontent.com/Mosifree/-FREE2CONFIG/refs/heads/main/Clash_Reality,0,skipped,,True
2026-09-19 11:03:49,https://gist.githubusercontent.com/sucan2233/7c426c2d0494ce074d41852e509be155/raw/0ae6fa10d30d36e24eeb4f811f775c8ccac49c82/clash.yaml,0,skipped,,True
2026-09-19 11:03:49,https://gist.githubusercontent.com/Mathdeep258/007cc1adcae763f9388259f71fea0b40/raw/cdd719e5815bed23c9c6be87e06ec4f53d369f25/all.yaml,0,skipped,,True
2026-09-19 11:03:49,https://raw.githubusercontent.com/Mahdi0024/ProxyCollector/master/sub/proxies.txt#Proxy,0,skipped,,True
2026-09-19 11:03:49,https://raw.githubusercontent.com/itsyebekhe/PSG/main/lite/subscriptions/xray/vless_domain.b64,45,ok,,False
2026-09-19 11:03:49,https://raw.githubusercontent.com/v2rayCrow/Sub-Link-Output/main/sub.txt#v2sourceSUB,0,skipped,,True
2026-09-19 11:03:49,https://gh-proxy.com/raw.githubusercontent.com/ssrsub/ssr/master/v2ray,0,skipped,,True
2026-09-19 11:03:49,https://raw.githubusercontent.com/Rayan-Config/C-Sub/refs/heads/main/configs/proxy.txt,0,skipped,,True
2026-09-19 11:03:49,https://raw.githubusercontent.com/MrBihal/Channel-Hddify/refs/heads/main/PIN,0,skipped,,True
2026-09-19 11:03:49,https://app.sublink.works/x/Ulf04de,0,skipped,,True
2026-09-19 11:03:49,https://raw.githubusercontent.com/Mahdi0024/ProxyCollector/master/sub/proxies.txt,0,skipped,,True
2026-09-19 11:03:49,https://api.valconfig.com/sub/?access_key=2e7ecfe5bc1d8a0bbc4366b3d699829e,0,skipped,,True
2026-09-19 11:03:49,https://raw.githubusercontent.com/itsyebekhe/PSG/main/subscriptions/xray/reality.b64,29,ok,,False
2026-09-19 11:03:49,https://app.sublink.works/x/s0K7MCO,0,skipped,,True
2026-09-19 11:03:49,https://raw.githubusercontent.com/itsyebekhe/PSG/main/subscriptions/xray/reality_ipv4.b64,24,ok,,False
2026-09-19 11:03:49,https://raw.githubusercontent.com/Aricept094/hy2-subscription/main/sub.txt,0,skipped,,True
2026-09-19 11:03:49,https://gist.githubusercontent.com/1009476063/98ee639023acbec7a4b086cc87cd2de7/raw/ac852bd0426d91a502b60292b7dfb343db3c8aff/anyun_clash.txt,0,skipped,,True
2026-09-19 11:03:49,https://raw.githubusercontent.com/itsyebekhe/PSG/main/subscriptions/xray/ss.b64,20,ok,,False
2026-09-19 11:03:49,https://raw.githubusercontent.com/itsyebekhe/PSG/main/subscriptions/xray/vmess.b64,25,ok,,False
2026-09-19 11:03:49,https://raw.githubusercontent.com/mahsanet/MahsaFreeConfig/refs/heads/main/mtn/sub_1.txt,14,ok,,False
2026-09-19 11:03:49,https://gist.githubusercontent.com/xhy1640/e77966488f1923874267dfb26316bedb/raw/5b3a7266f79cea04606418113936efca15c9cb52/proxies.yaml,0,skipped,,True
2026-09-19 11:03:49,https://raw.githubusercontent.com/Pawdroid/Free-servers/main/README.md,20,ok,,False
2026-09-19 11:03:49,https://raw.githubusercontent.com/dalazhi/v2ray/main/v2ray璁㈤槄,0,error,404 Client Error: Not Found for url: https://raw.githubusercontent.com/dalazhi/v2ray/main/v2ray%E7%92%81%E3%88%A4%E6%A7%84,False
2026-09-19 11:03:49,https://gist.githubusercontent.com/December000/fd23d2530ffc29264297a5e687a79ecd/raw/5c8639badd0473da988b47249e0d9d923a4f39eb/all.yaml,0,skipped,,True
2026-09-19 11:03:49,https://raw.githubusercontent.com/itsyebekhe/PSG/main/subscriptions/xray/vmess_domain.b64,17,ok,,False
2026-09-19 11:03:49,https://node.freeclashnode.com/uploads/2026/07/3-20260717.txt,0,skipped,,True
2026-09-19 11:03:49,https://raw.githubusercontent.com/liangbin-foxmail/cc-edtunnel/main/瑗跨摐浜慱clash.txt,0,error,404 Client Error: Not Found for url: https://raw.githubusercontent.com/liangbin-foxmail/cc-edtunnel/main/%E7%91%97%E8%B7%A8%E6%91%90%E6%B5%9C%E6%85%B1clash.txt,False
2026-09-19 11:03:49,https://raw.githubusercontent.com/itsyebekhe/PSG/main/lite/subscriptions/xray/xhttp.b64,14,ok,,False
2026-09-19 11:03:49,https://raw.githubusercontent.com/mahsanet/MahsaFreeConfig/main/mtn/sub_1.txt,14,ok,,False
2026-09-19 11:03:49,https://raw.githubusercontent.com/itsyebekhe/PSG/main/subscriptions/xray/ss_ipv4.b64,19,ok,,False
2026-09-19 11:03:49,https://raw.githubusercontent.com/mahsanet/MahsaFreeConfig/main/mci/sub_1.txt,9,ok,,False
2026-09-19 11:03:49,https://raw.githubusercontent.com/itsyebekhe/PSG/main/lite/subscriptions/xray/ss.b64,10,ok,,False
2026-09-19 11:03:49,https://raw.githubusercontent.com/itsyebekhe/PSG/main/lite/subscriptions/xray/reality_ipv4.b64,11,ok,,False
2026-09-19 11:03:49,https://raw.githubusercontent.com/itsyebekhe/PSG/main/lite/subscriptions/xray/xhttp_ipv4.b64,0,skipped,,True
2026-09-19 11:03:49,https://raw.githubusercontent.com/mahsanet/MahsaFreeConfig/refs/heads/main/mci/sub_1.txt,9,ok,,False
2026-09-19 11:03:49,https://raw.githubusercontent.com/go4sharing/sub/main/sub.yaml,0,skipped,,True
2026-09-19 11:03:49,https://raw.githubusercontent.com/itsyebekhe/PSG/main/lite/subscriptions/xray/vmess.b64,15,ok,,False
2026-09-19 11:03:49,https://raw.githubusercontent.com/itsyebekhe/PSG/main/lite/subscriptions/xray/vmess_domain.b64,12,ok,,False
2026-09-19 11:03:49,https://raw.githubusercontent.com/itsyebekhe/PSG/main/subscriptions/xray/reality_domain.b64,6,ok,,False
2026-09-19 11:03:49,https://raw.githubusercontent.com/zhuhaiuk/free-nodes/main/nodes.txt,6,ok,,False
2026-09-19 11:03:49,https://raw.githubusercontent.com/itsyebekhe/PSG/main/subscriptions/xray/xhttp_domain.b64,4,ok,,False
2026-09-19 11:03:49,https://raw.githubusercontent.com/itsyebekhe/PSG/main/lite/subscriptions/xray/xhttp_domain.b64,4,ok,,False
2026-09-19 11:03:49,https://raw.githubusercontent.com/itsyebekhe/PSG/main/lite/subscriptions/xray/vmess_ipv4.b64,4,ok,,False
2026-09-19 11:03:49,https://raw.githubusercontent.com/xLyouLx/Filter-duplicates-key/main/README.md,0,skipped,,True
2026-09-19 11:03:49,https://raw.githubusercontent.com/huuthang799/vpn-hysteria2/main/sub.txt,0,skipped,,True
2026-09-19 11:03:49,https://gist.githubusercontent.com/Tdison/6b745663fd038e3c63e0880ecc652bcf/raw/b8815dcac62adf7ac0d286f9c675785975f84b29/all.yaml,0,skipped,,True
2026-09-19 11:03:49,https://raw.githubusercontent.com/belaytzev/hysteria-checker/main/README.md,0,skipped,,True
2026-09-19 11:03:49,https://raw.githubusercontent.com/itsyebekhe/PSG/main/subscriptions/xray/hy2.b64,0,skipped,,True
2026-09-19 11:03:49,https://raw.githubusercontent.com/itsyebekhe/PSG/main/subscriptions/xray/ss_domain.b64,2,ok,,False
2026-09-19 11:03:49,https://raw.githubusercontent.com/itsyebekhe/PSG/main/subscriptions/xray/hy2_ipv4.b64,0,skipped,,True
2026-09-19 11:03:49,https://raw.githubusercontent.com/itsyebekhe/PSG/main/lite/subscriptions/xray/reality_domain.b64,4,ok,,False
2026-09-19 11:03:49,https://gist.githubusercontent.com/donotletmedown-xz/1744bf224434d78ef7f47a2bf59e5860/raw/3ee2144572a2028eafd9ac636085fe8ddc0c60e8/clash_config.yaml,0,skipped,,True
2026-09-19 11:03:49,https://pqjc.site/api/v1/client/subscribe?token=1ad98450775e998f73531727e3bd52ab,0,error,403 Client Error: Forbidden for url: https://pqjc.site/api/v1/client/subscribe?token=1ad98450775e998f73531727e3bd52ab,False
2026-09-19 11:03:49,https://raw.githubusercontent.com/masir-sefid/Sub/main/@Masir_Sefid.txt,0,skipped,,True
2026-09-19 11:03:49,http://569cdn.1010520.click/api/v1/client/subscribe?token=bd2914d0aa290753c6d55db81752cfcd,0,error,"HTTPConnectionPool(host='569cdn.1010520.click', port=80): Max retries exceeded with url: /api/v1/client/subscribe?token=bd2914d0aa290753c6d55db81752cfcd (Caused by NameResolutionError(""HTTPConnection(host='569cdn.1010520.click', port=80): Failed to resolve '569cdn.1010520.click' ([Errno -2] Name or service not known)""))",False
2026-09-19 11:03:49,https://clashsub.org/fatcat-discount,0,error,403 Client Error: Forbidden for url: https://clashsub.org/fatcat-discount,False
2026-09-19 11:03:49,https://vip-03.fl-sub.site:2096/sub/djMsNDc3Mjc1LDE3ODI2NjQwNDU9de4a6237f,0,skipped,,True
2026-09-19 11:03:49,https://clashsub.org/what-is-subscription-converter,0,error,403 Client Error: Forbidden for url: https://clashsub.org/what-is-subscription-converter,False
2026-09-19 11:03:49,https://cdn.tlsa.top/link/Bj4oyKPSkS0JSADgEuEhUcwOzFwA5cV0y2AL?clash=1,0,skipped,,True
2026-09-19 11:03:49,https://clashsub.org/peiqian-jichang-qixi-comming/,0,error,403 Client Error: Forbidden for url: https://clashsub.org/peiqian-jichang-qixi-comming/,False
2026-09-19 11:03:49,https://www.kuaigou.life/api/v1/client/subscribe?token=a86d661a33ddfd886d8dbc7b246d50c6,0,error,"HTTPSConnectionPool(host='www.kuaigou.life', port=443): Max retries exceeded with url: /api/v1/client/subscribe?token=a86d661a33ddfd886d8dbc7b246d50c6 (Caused by NameResolutionError(""HTTPSConnection(host='www.kuaigou.life', port=443): Failed to resolve 'www.kuaigou.life' ([Errno -2] Name or service not known)""))",False
2026-09-19 11:03:49,https://bbb.flylink.cyou/api/v1/client/subscribe?token=eb035db57f48ac5c5d5c9bcf2786dfd0,0,error,"HTTPSConnectionPool(host='bbb.flylink.cyou', port=443): Max retries exceeded with url: /api/v1/client/subscribe?token=eb035db57f48ac5c5d5c9bcf2786dfd0 (Caused by NameResolutionError(""HTTPSConnection(host='bbb.flylink.cyou', port=443): Failed to resolve 'bbb.flylink.cyou' ([Errno -2] Name or service not known)""))",False
2026-09-19 11:03:49,https://ldgb.pages.dev/sub?token=5238141bc3daa773b225209767b9fb2c,33,ok,,False
2026-09-19 11:03:49,https://sub.xn--4gq62ffxz.net/s/5a2870a87bb5d017fc3d7d7208511b71,0,error,"HTTPSConnectionPool(host='sub.xn--4gq62ffxz.net', port=443): Max retries exceeded with url: /s/5a2870a87bb5d017fc3d7d7208511b71 (Caused by NameResolutionError(""HTTPSConnection(host='sub.xn--4gq62ffxz.net', port=443): Failed to resolve 'sub.xn--4gq62ffxz.net' ([Errno -2] Name or service not known)""))",False
2026-09-19 11:03:49,https://fasttool.org/api/v1/sub/0Z9ZJANxZrF9d38InX9i4ZtBYXe-4vyS,60,ok,,False
2026-09-19 11:03:49,https://fasttool.org/api/v1/sub/0Z9ZJANxZrF9d38InX9i4ZtBYXe-4vyS#TG,60,ok,,False
2026-09-19 11:03:49,https://freesocks.org/api/v1/sub/c7eaecf00635d4d6baa94f3c79b59449,1,ok,,False
2026-09-19 11:03:49,https://pass.bedoonemarz02.ir/sub/djMsMTk4NjUsMTc4ODg1NTM2OQad86a29c85,0,error,404 Client Error: Not Found for url: https://pass.bedoonemarz02.ir/sub/djMsMTk4NjUsMTc4ODg1NTM2OQad86a29c85,False
2026-09-19 11:03:49,https://github.com/Au1rxx/free-vpn-subscriptions/raw/main/output/singbox.json,0,ok,,False
2026-09-19 11:03:49,https://github.com/XTLS/Xray-core/releases/tag/v1.8.5,0,error,404 Client Error: Not Found for url: https://github.com/XTLS/Xray-core/releases/tag/v1.8.5,False
2026-09-19 11:03:49,https://raw.githubusercontent.com/Mosifree/-FREE2CONFIG/refs/heads/main/FRAGMENT,0,ok,,False
2026-09-19 11:03:49,https://youxiu8168.xiaofeixia.info/api/v1/client/subscribe?token=7bca42b442b158dbc47db249d25651b7,0,error,"HTTPSConnectionPool(host='youxiu8168.xiaofeixia.info', port=443): Max retries exceeded with url: /api/v1/client/subscribe?token=7bca42b442b158dbc47db249d25651b7 (Caused by NameResolutionError(""HTTPSConnection(host='youxiu8168.xiaofeixia.info', port=443): Failed to resolve 'youxiu8168.xiaofeixia.info' ([Errno -2] Name or service not known)""))",False
2026-09-19 11:03:49,https://github.com/2dust/v2rayN/releases/download/7.22.4/v2rayN-windows-64-desktop.zip,0,ok,,False
2026-09-19 11:03:49,https://clashsub.org/cyberguard-8-discount,0,error,403 Client Error: Forbidden for url: https://clashsub.org/cyberguard-8-discount,False
2026-09-19 11:03:49,https://ran.qhrgobull.fun/api/v1/client/subscribe?token=06be006111bda9b886bb4d57ac2cd9a1#AV%E7%84%A1%E7%A2%BCAVToday.io,0,error,403 Client Error: Forbidden for url: https://ran.qhrgobull.fun/api/v1/client/subscribe?token=06be006111bda9b886bb4d57ac2cd9a1#AV%E7%84%A1%E7%A2%BCAVToday.io,False
2026-09-19 11:03:49,https://github.com/2dust/v2rayNG/releases/download/1.8.10/v2rayNG_1.8.10.apk,0,ok,,False
2026-09-19 11:03:49,https://subscribe.hxlgaozhong.xyz/api/v1/client/subscribe?token=3e6d91cdccde5149755dddc909af7774,0,error,"HTTPSConnectionPool(host='subscribe.hxlgaozhong.xyz', port=443): Max retries exceeded with url: /api/v1/client/subscribe?token=3e6d91cdccde5149755dddc909af7774 (Caused by NameResolutionError(""HTTPSConnection(host='subscribe.hxlgaozhong.xyz', port=443): Failed to resolve 'subscribe.hxlgaozhong.xyz' ([Errno -2] Name or service not known)""))",False
2026-09-19 11:03:49,https://sub1.liangxinjichang.com/api/v1/client/subscribe?token=ba75bdef4a5037bb1241b060801048f8,0,error,"HTTPSConnectionPool(host='sub1.liangxinjichang.com', port=443): Max retries exceeded with url: /api/v1/client/subscribe?token=ba75bdef4a5037bb1241b060801048f8 (Caused by NameResolutionError(""HTTPSConnection(host='sub1.liangxinjichang.com', port=443): Failed to resolve 'sub1.liangxinjichang.com' ([Errno -2] Name or service not known)""))",False
2026-09-19 11:03:49,https://qq.xlm.plus/api/v1/client/subscribe?token=9e5db95336ab586ac6c4e2306c4d25a9,0,error,"HTTPSConnectionPool(host='qq.xlm.plus', port=443): Max retries exceeded with url: /api/v1/client/subscribe?token=9e5db95336ab586ac6c4e2306c4d25a9 (Caused by NameResolutionError(""HTTPSConnection(host='qq.xlm.plus', port=443): Failed to resolve 'qq.xlm.plus' ([Errno -2] Name or service not known)""))",False
2026-09-19 11:03:49,"https://proxypool.dmit.dpdns.org/clash/proxies?c=CN,HK,TW,SG,JP,KR,VN&amp;speed=1&amp;type=ss",0,error,"HTTPSConnectionPool(host='proxypool.dmit.dpdns.org', port=443): Max retries exceeded with url: /clash/proxies?c=CN,HK,TW,SG,JP,KR,VN&amp;speed=1&amp;type=ss (Caused by NameResolutionError(""HTTPSConnection(host='proxypool.dmit.dpdns.org', port=443): Failed to resolve 'proxypool.dmit.dpdns.org' ([Errno -2] Name or service not known)""))",False
2026-09-19 11:03:49,https://github.com/2dust/v2rayNG/releases/download/2.3.7/v2rayNG_2.3.7_armeabi-v7a.apk,0,ok,,False
2026-09-19 11:03:49,https://github.com/2dust/v2rayNG/releases/download/2.3.4/v2rayNG_2.3.4-fdroid_armeabi-v7a.apk,0,ok,,False
2026-09-19 11:03:49,https://github.com/Au1rxx/free-vpn-subscriptions/raw/main/output/by-country/singbox-HK.json,0,ok,,False
2026-09-19 11:03:49,https://github.com/2dust/v2rayN/releases/tag/7.24.9,0,ok,,False
2026-09-19 11:03:49,https://github.com/suversal/apple-store-inventory-monitor,0,ok,,False
2026-09-19 11:03:49,https://raw.githubusercontent.com/mahsanet/MahsaFreeConfig/main/mtn/sub_2.txt,0,ok,,False
2026-09-19 11:03:49,https://shz.al/t4xA,5,ok,,False
2026-09-19 11:03:49,https://proxy.bingtao.xyz/sub/clash.yaml,0,error,403 Client Error: Forbidden for url: https://proxy.bingtao.xyz/sub/clash.yaml,False
2026-09-19 11:03:49,https://clashgithub.com/clashnode-20250213.html?feed_id=468&amp;_unique_id=67ad004077067,0,error,404 Client Error: Not Found for url: https://clashgithub.com/clashnode-20250213.html?feed_id=468&amp;_unique_id=67ad004077067,False
2026-09-19 11:03:49,https://github.com/shirokhorshid/shirokhorshid-android/releases/tag/v2026.02.08-4931bb5,0,ok,,False
2026-09-19 11:03:49,https://c3.notesync.org/api/v1/client/subscribe?token=70Q8pahCchpkgN1rTSBS9aV3hScI6RoN,0,error,"HTTPSConnectionPool(host='c3.notesync.org', port=443): Max retries exceeded with url: /api/v1/client/subscribe?token=70Q8pahCchpkgN1rTSBS9aV3hScI6RoN (Caused by NameResolutionError(""HTTPSConnection(host='c3.notesync.org', port=443): Failed to resolve 'c3.notesync.org' ([Errno -2] Name or service not known)""))",False
2026-09-19 11:03:49,https://clashsub.org/naiyun-rename-guga-cloud/,0,error,403 Client Error: Forbidden for url: https://clashsub.org/naiyun-rename-guga-cloud/,False
2026-09-19 11:03:49,https://clashgithub.com/clashnode-20250224.html?feed_id=489&amp;_unique_id=67bb80e0cceed,0,error,404 Client Error: Not Found for url: https://clashgithub.com/clashnode-20250224.html?feed_id=489&amp;_unique_id=67bb80e0cceed,False
2026-09-19 11:03:49,https://raw.githubusercontent.com/Kamyar19/configMs/main/sub26.txt,88,ok,,False
2026-09-19 11:03:49,https://github.com/ling-drag0n/CloudPaste,0,ok,,False
2026-09-19 11:03:49,https://cdn4.telesco.pe/file/bBshutb6kKCTHHdnSxRF3uAQCsubeIY_Z0HDd1jIPc1Vr5TIJDdgLmVHQyT0X8km_SCwsUCL6Hw-W7BoTJxln7K4Y9EFditukO-gk6GxWEm3UVbxihPvkSFUaT09B0pZLBk4xB-Mu0v-IoEKVYZ0yqMDu8mUsT1ZjGHijNrmK6PeuBLEY_UZ5N96hXPXXGHxENNMh9P0-VcP9M60v8fqTTgYzlthtvzlSKOQt0JTMT9WQnI724xfIYdTFHycE3bt6hp8GuC7vTToXXj7vxw52X2wwao17AX6X92zAwSAOGCB_Be2A1DdDdhOlxOIIgaD6eR3FEvQQGUVFGs9kaqhBg.jpg,0,skipped,noise url,True
2026-09-19 11:03:49,http://372ae8252c9ce608c5f7066f2177dfb1.52pokemon.top/api/v1/client/subscribe?token=1ab3efabd1e55383dd419b5c98f1e3de,0,error,"HTTPConnectionPool(host='372ae8252c9ce608c5f7066f2177dfb1.52pokemon.top', port=80): Max retries exceeded with url: /api/v1/client/subscribe?token=1ab3efabd1e55383dd419b5c98f1e3de (Caused by NameResolutionError(""HTTPConnection(host='372ae8252c9ce608c5f7066f2177dfb1.52pokemon.top', port=80): Failed to resolve '372ae8252c9ce608c5f7066f2177dfb1.52pokemon.top' ([Errno -2] Name or service not known)""))",False
2026-09-19 11:03:49,https://github.com/WhiteDNS/WhiteAestherMobile/releases/tag/v1.8.1,0,ok,,False
2026-09-19 11:03:49,https://raw.githubusercontent.com/iProxyChannel/V2ray-Configs/refs/heads/main/sub_plain.txt,397,ok,,False
2026-09-19 11:03:49,https://chromego-sub.netlify.app/sub/merged_proxies_new.yaml,43,ok,,False
2026-09-19 11:03:49,https://raw.githubusercontent.com/itsyebekhe/PSG/main/lite/subscriptions/xray/cdn.b64,5220,ok,,False
2026-09-19 11:03:49,https://pastebin.pl/view/raw/9e906b55,0,error,403 Client Error: Forbidden for url: https://pastebin.pl/view/raw/9e906b55,False
2026-09-19 11:03:49,http://36.133.43.24:8081/sub/api/subscribe?token=5891d7bdc47a50951fdf0c5f5652048e,14,ok,,False
2026-09-19 11:03:49,https://clashsub.org/resolve-chrome-dangerous-warning/,0,error,403 Client Error: Forbidden for url: https://clashsub.org/resolve-chrome-dangerous-warning/,False
2026-09-19 11:03:49,https://raw.githubusercontent.com/Kamyar19/configMs/main/sub20.txt,116,ok,,False
2026-09-19 11:03:49,https://github.com/MortezaBashsiz/,0,ok,,False
2026-09-19 11:03:49,http://panda.xn--lbrx91akmhm30c.com/api/v1/client/subscribe?token=bdde3a1e8dd64ebe24f3e432130b900f,0,error,"HTTPConnectionPool(host='panda.xn--lbrx91akmhm30c.com', port=80): Max retries exceeded with url: /api/v1/client/subscribe?token=bdde3a1e8dd64ebe24f3e432130b900f (Caused by NameResolutionError(""HTTPConnection(host='panda.xn--lbrx91akmhm30c.com', port=80): Failed to resolve 'panda.xn--lbrx91akmhm30c.com' ([Errno -2] Name or service not known)""))",False
2026-09-19 11:03:49,https://shz.al/TmaN,0,error,404 Client Error: Not Found for url: https://shz.al/TmaN,False
2026-09-19 11:03:49,https://github.com/Happ-proxy/happ-android/releases/tag/3.21.1,0,ok,,False
2026-09-19 11:03:49,https://github.com/PersianEchoCode/sniSpoofingAdvanced,0,ok,,False
2026-09-19 11:03:49,https://mojie.app/api/v1/client/subscribe?token=c29fd54ea0ea81c44af5dc7db74be219,0,error,403 Client Error: Forbidden for url: https://mojie.app/api/v1/client/subscribe?token=c29fd54ea0ea81c44af5dc7db74be219,False
2026-09-19 11:03:49,https://github.com/zhong-zhi-yuan/zhong-zhi-yuan,0,error,404 Client Error: Not Found for url: https://github.com/zhong-zhi-yuan/zhong-zhi-yuan,False
2026-09-19 11:03:49,https://github.com/sartoopjj/thefeed/releases/latest,0,ok,,False
2026-09-19 11:03:49,https://sub.xn--4gq62ffxz.net/s/3ec476619bf59f3564a00b91ee236e70,0,error,"HTTPSConnectionPool(host='sub.xn--4gq62ffxz.net', port=443): Max retries exceeded with url: /s/3ec476619bf59f3564a00b91ee236e70 (Caused by NameResolutionError(""HTTPSConnection(host='sub.xn--4gq62ffxz.net', port=443): Failed to resolve 'sub.xn--4gq62ffxz.net' ([Errno -2] Name or service not known)""))",False
2026-09-19 11:03:49,https://sub.sanfen018.xyz/api/v1/client/subscribe?token=24eeefb01d3a27b15a34039db56be106,0,error,"HTTPSConnectionPool(host='sub.sanfen018.xyz', port=443): Max retries exceeded with url: /api/v1/client/subscribe?token=24eeefb01d3a27b15a34039db56be106 (Caused by NameResolutionError(""HTTPSConnection(host='sub.sanfen018.xyz', port=443): Failed to resolve 'sub.sanfen018.xyz' ([Errno -2] Name or service not known)""))",False
2026-09-19 11:03:49,https://shz.al/HfGF,5,ok,,False
2026-09-19 11:03:49,https://github.com/MatsuriDayo/NekoBoxForAndroid/releases/download/1.2.9/NB4A-1.2.9-arm64-v8a.apk,0,ok,,False
2026-09-19 11:03:49,https://pastes.io/bkf7TVAG,14,ok,,False
2026-09-19 11:03:49,https://github.com/certifiedtruecopy/Building-Nutrition-Calculator,0,ok,,False
2026-09-19 11:03:49,https://github.com/2dust/v2rayNG/releases/download/2.3.3/v2rayNG_2.3.3_arm64-v8a.apk,0,ok,,False
2026-09-19 11:03:49,https://github.com/2dust/v2rayN/releases/download/7.12.7/v2rayN-windows-64-desktop.zip,0,ok,,False
2026-09-19 11:03:49,https://github.com/2dust/v2rayNG/releases/download/1.10.32/v2rayNG_1.10.32_universal.apk,0,ok,,False
2026-09-19 11:03:49,https://github.com/2dust/v2rayNG/releases/download/1.8.38/v2rayNG_1.8.38_universal.apk,0,ok,,False
2026-09-19 11:03:49,https://2.juanwangjc.top/juanwang/dingyue1/sub1/babiq?token=1f8229ae3e898b61e0c2ad999baf0858,0,error,522 Server Error: <none> for url: https://2.juanwangjc.top/juanwang/dingyue1/sub1/babiq?token=1f8229ae3e898b61e0c2ad999baf0858,False
2026-09-19 11:03:49,https://sub2.91qaq.lol/api/v1/client/subscribe?token=d1ae9cbad27168710a96bd6bbd30b4e1,0,error,522 Server Error: <none> for url: https://sub2.91qaq.lol/api/v1/client/subscribe?token=d1ae9cbad27168710a96bd6bbd30b4e1,False
2026-09-19 11:03:49,https://github.com/hypit-ai/hypit,0,ok,,False
2026-09-19 11:03:49,https://paste.gg/p/anonymous/6e1b3f2aec804d80b4dd73a691fbd635/files/deb8313f637c44bd981786e3e4c75e95/raw,0,ok,,False
2026-09-19 11:03:49,https://sub.lyravault.ir:443/sub/djMsNjA5OTgsMTc4NjA1MjQyMwbbd184d554,0,ok,,False
2026-09-19 11:03:49,https://github.com/WhiteDNS/WhiteAestherMobile/releases/tag/v1.9.3,0,ok,,False
2026-09-19 11:03:49,https://flclash.de,0,ok,,False
2026-09-19 11:03:49,https://auth.connect-opengate.ru/sub/s_0QmEFfgFavyys7,0,error,503 Server Error: Service Unavailable for url: https://auth.connect-opengate.ru/sub/s_0QmEFfgFavyys7,False
2026-09-19 11:03:49,https://github.com/Fndroid/clash_for_windows_pkg/releases,0,error,404 Client Error: Not Found for url: https://github.com/Fndroid/clash_for_windows_pkg/releases,False
2026-09-19 11:03:49,http://47.243.59.73/api/v1/client/subscribe?token=f872370768e7e2d6a36c7c1bb5d7f370,0,error,"HTTPConnectionPool(host='47.243.59.73', port=80): Max retries exceeded with url: /api/v1/client/subscribe?token=f872370768e7e2d6a36c7c1bb5d7f370 (Caused by NewConnectionError(""HTTPConnection(host='47.243.59.73', port=80): Failed to establish a new connection: [Errno 111] Connection refused""))",False
2026-09-19 11:03:49,https://github.com/amnezia-vpn/amnezia-client/releases/download/4.8.15.4/AmneziaVPN_4.8.15.4_x64.exe,0,ok,,False
2026-09-19 11:03:49,https://sub.danhu.dpdns.org/,0,ok,,False
2026-09-19 11:03:49,https://svn.mobiletanaz.com:2053/sub/djMsMTg0NzU1LDE3ODgwMzQyODE.DuLK7hBDWu30N6godvRHO4cQLxEzvCpzF5WS_naQRwg,0,error,403 Client Error: Forbidden for url: https://svn.mobiletanaz.com:2053/sub/djMsMTg0NzU1LDE3ODgwMzQyODE.DuLK7hBDWu30N6godvRHO4cQLxEzvCpzF5WS_naQRwg,False
2026-09-19 11:03:49,https://github.com/2dust/v2rayNG/releases/download/1.8.12/v2rayNG_1.8.12_armeabi-v7a.apk,0,ok,,False
2026-09-19 11:03:49,https://sub.bitplatform.workers.dev/pub?s=09,0,error,500 Server Error: Internal Server Error for url: https://sub.bitplatform.workers.dev/pub?s=09,False
2026-09-19 11:03:49,https://raw.githubusercontent.com/m3hdio1/v2ray_sub/main/v2ray_sub.txt,0,error,404 Client Error: Not Found for url: https://raw.githubusercontent.com/m3hdio1/v2ray_sub/main/v2ray_sub.txt,False
2026-09-19 11:03:49,https://github.com/2dust/v2rayNG/releases/download/2.3.7/v2rayNG_2.3.7_universal.apk,0,ok,,False
2026-09-19 11:03:49,https://sub.shadowsokstes.workers.dev/sub,0,error,500 Server Error: Internal Server Error for url: https://sub.shadowsokstes.workers.dev/sub,False
2026-09-19 11:03:49,https://github.com/2dust/v2rayN/releases/tag/7.12.5,0,ok,,False
2026-09-19 11:03:49,https://36071.subnodejs-chai.com/ssp/xiaochai/link/IQizOAWXnxrtRHmN#,0,ok,,False
2026-09-19 11:03:49,https://paste.ee/d/zyTjp,0,error,404 Client Error: Not Found for url: https://paste.ee/d/zyTjp,False
2026-09-19 11:03:49,https://github.com/2dust/v2rayNG/releases/download/2.3.5/v2rayNG_2.3.5_universal.apk,0,ok,,False
2026-09-19 11:03:49,https://raw.githubusercontent.com/Kamyar19/configMs/main/sub27.txt,115,ok,,False
2026-09-19 11:03:49,https://raw.githubusercontent.com/v2FreeHub/v2hub-configs/refs/heads/main/Sub-AutoUpdate,541,ok,,False
2026-09-19 11:03:49,https://sub.xn--mes358awwugpa.com/sub?token=9afab9bfa02539fdaf51365a8a7806f3,0,error,"HTTPSConnectionPool(host='sub.xn--mes358awwugpa.com', port=443): Max retries exceeded with url: /sub?token=9afab9bfa02539fdaf51365a8a7806f3 (Caused by NameResolutionError(""HTTPSConnection(host='sub.xn--mes358awwugpa.com', port=443): Failed to resolve 'sub.xn--mes358awwugpa.com' ([Errno -2] Name or service not known)""))",False
2026-09-19 11:03:49,https://sub.speedest.sbs/sub/,0,error,404 Client Error: Not Found for url: https://sub.speedest.sbs/sub/,False
2026-09-19 11:03:49,https://github.com/patterniha/PattN/releases/tag/7.25.1-P25,0,error,404 Client Error: Not Found for url: https://github.com/patterniha/PattN/releases/tag/7.25.1-P25,False
2026-09-19 11:03:49,https://service-bmp1m9zg-1312645837.nj.apigw.tencentcs.com/api/v1/client/subscribe?token=5e4b06f23d62530a8f713ecd2f9ea2a5,0,error,"HTTPSConnectionPool(host='service-bmp1m9zg-1312645837.nj.apigw.tencentcs.com', port=443): Max retries exceeded with url: /api/v1/client/subscribe?token=5e4b06f23d62530a8f713ecd2f9ea2a5 (Caused by SSLError(SSLError(1, '[SSL: TLSV1_ALERT_INTERNAL_ERROR] tlsv1 alert internal error (_ssl.c:1010)')))",False
2026-09-19 11:03:49,https://api.kuke-sub.com/s/c869ee44d42f0ed6e3a2bb254be1067d,0,error,403 Client Error: Forbidden for url: https://api.kuke-sub.com/s/c869ee44d42f0ed6e3a2bb254be1067d,False
2026-09-19 11:03:49,https://clashgithub.com/clashnode-20250221.html?feed_id=486&amp;_unique_id=67b78c40bafb9,0,error,404 Client Error: Not Found for url: https://clashgithub.com/clashnode-20250221.html?feed_id=486&amp;_unique_id=67b78c40bafb9,False
2026-09-19 11:03:49,http://panda.xn--lbrx91akmhm30c.com/api/v1/client/subscribe?token=3a3a14f2d494670a29b9bc61bff9d58d,0,error,"HTTPConnectionPool(host='panda.xn--lbrx91akmhm30c.com', port=80): Max retries exceeded with url: /api/v1/client/subscribe?token=3a3a14f2d494670a29b9bc61bff9d58d (Caused by NameResolutionError(""HTTPConnection(host='panda.xn--lbrx91akmhm30c.com', port=80): Failed to resolve 'panda.xn--lbrx91akmhm30c.com' ([Errno -2] Name or service not known)""))",False
2026-09-19 11:03:49,https://github.com/hiddify/hiddify-app/releases,0,ok,,False
2026-09-19 11:03:49,http://github.com/VPNsafe/SafePortal/releases/latest,0,ok,,False
2026-09-19 11:03:49,https://mojie.app/api/v1/client/subscribe?token=6cf1268b5c9aed67291a85b7f169c3bb,0,error,403 Client Error: Forbidden for url: https://mojie.app/api/v1/client/subscribe?token=6cf1268b5c9aed67291a85b7f169c3bb,False
2026-09-19 11:03:49,https://rand-ed-sub-public.fesire6727.workers.dev/,0,error,404 Client Error: Not Found for url: https://rand-ed-sub-public.fesire6727.workers.dev/,False
2026-09-19 11:03:49,https://github.com/NamiraNet,0,ok,,False
2026-09-19 11:03:49,https://raw.githubusercontent.com/suiyuan8/clash/refs/heads/main/config2,0,ok,,False
2026-09-19 11:03:49,https://ip.ikez.dpdns.org/sub?host=google.whatsapp.snapp.torob.basalam.zula.uplaod-music.ir.&amp;uuid=f8975871-a7a0-4906-8835-a23c1258ca1e&amp;path=%2F&amp;sni=google.whatsapp.snapp.torob.basalam.zula.uplaod-music.ir.&amp;type=---&amp;alpn=&amp;alterid=0&amp;security=auto,0,ok,,False
2026-09-19 11:03:49,https://pqjc.site/api/v1/client/subscribe?token=23dfbe78c3f0b0d3673e29eb47e11b95,0,error,403 Client Error: Forbidden for url: https://pqjc.site/api/v1/client/subscribe?token=23dfbe78c3f0b0d3673e29eb47e11b95,False
2026-09-19 11:03:49,https://github.com/Happ-proxy/happ-desktop/releases/download/4.3.0/setup-Happ.x64.exe,0,ok,,False
2026-09-19 11:03:49,https://clashgithub.com/clashnode-20250212.html?feed_id=467&amp;_unique_id=67abaea40abb5,0,error,404 Client Error: Not Found for url: https://clashgithub.com/clashnode-20250212.html?feed_id=467&amp;_unique_id=67abaea40abb5,False
2026-09-19 11:03:49,https://github.com/0xRadikal/Free-v2ray-Configs,4468,ok,,False
2026-09-19 11:03:49,https://github.com/MatsuriDayo/NekoBoxForAndroid/releases,0,ok,,False
2026-09-19 11:03:49,https://svn.mobiletanaz.com:2053/sub/djMsMjAyODMyLDE3ODgzNDgzMzA.ux_2D_oy6vK6f6Fc5RAkbAH1ARPYV82Efrr8UM5kWpU,0,error,403 Client Error: Forbidden for url: https://svn.mobiletanaz.com:2053/sub/djMsMjAyODMyLDE3ODgzNDgzMzA.ux_2D_oy6vK6f6Fc5RAkbAH1ARPYV82Efrr8UM5kWpU,False
2026-09-19 11:03:49,https://ghproxy.com/raw.githubusercontent.com/Lewis-1217/FreeNodes/main/bpjzx1,0,ok,,False
2026-09-19 11:03:49,https://github.com/amnezia-vpn/amnezia-client/releases,0,ok,,False
2026-09-19 11:03:49,https://subsub.surge.sh/?url=https%3A%2F%2Fraw.githubusercontent.com%2Fgo4sharing%2Fsub%2Fmain%2Fworker.yaml,0,ok,,False
2026-09-19 11:03:49,https://github.com/Asterisk4Magisk/AsteriskMETA/releases/tag/v1.2.9,0,ok,,False
2026-09-19 11:03:49,https://github.com/2dust/v2rayNG/releases/download/2.3.4/v2rayNG_2.3.4-fdroid_arm64-v8a.apk,0,ok,,False
2026-09-19 11:03:49,https://github.com/QW-AI-Code/Aether,0,ok,,False
2026-09-19 11:03:49,https://raw.githubusercontent.com/AlienVPN402/Surfboard-Subscribe/main/index.html,0,ok,,False
2026-09-19 11:03:49,https://sub1.gsafevpn.com/957baaca8fc/cc689ef1d6e8f2bdce720df54353c89b#TG,4,ok,,False
2026-09-19 11:03:49,https://github.com/immaghzbad/AetherST/releases/latest,0,ok,,False
2026-09-19 11:03:49,https://api.e687699.top/api/v1/client/subscribe?token=8dddcaa2e9a12fe2d7caebd1a9487219,0,error,"HTTPSConnectionPool(host='api.e687699.top', port=443): Max retries exceeded with url: /api/v1/client/subscribe?token=8dddcaa2e9a12fe2d7caebd1a9487219 (Caused by NameResolutionError(""HTTPSConnection(host='api.e687699.top', port=443): Failed to resolve 'api.e687699.top' ([Errno -2] Name or service not known)""))",False
2026-09-19 11:03:49,https://xship.2fa.cat/v1/subscribe?starlink=kcrJFGG_1j8a0tWbVtUL2rIc#AV%E7%84%A1%E7%A2%BCAVToday.io,0,ok,,False
2026-09-19 11:03:49,https://github.com/2dust/v2rayNG/releases/download/1.8.12/v2rayNG_1.8.12.apk,0,ok,,False
2026-09-19 11:03:49,https://service-fy4hli0a-1312645837.nj.apigw.tencentcs.com/api/v1/client/subscribe?token=6f4ee12ffa3d2ea32e0a2361833025fe,0,error,"HTTPSConnectionPool(host='service-fy4hli0a-1312645837.nj.apigw.tencentcs.com', port=443): Max retries exceeded with url: /api/v1/client/subscribe?token=6f4ee12ffa3d2ea32e0a2361833025fe (Caused by SSLError(SSLError(1, '[SSL: TLSV1_ALERT_INTERNAL_ERROR] tlsv1 alert internal error (_ssl.c:1010)')))",False
2026-09-19 11:03:49,https://raw.githubusercontent.com/MrBihal/Hddify/refs/heads/main/TICKETS,47,ok,,False
2026-09-19 11:03:49,https://web-production-0738.up.railway.app/sub/260fff4d-58db-4208-97bc-0d3f624415c3,0,error,404 Client Error: Not Found for url: https://web-production-0738.up.railway.app/sub/260fff4d-58db-4208-97bc-0d3f624415c3,False
2026-09-19 11:03:49,https://raw.githubusercontent.com/GFW-knocker/gfw_resist_HTTPS_proxy/main/ServerLess_TLSFrag_Xray_Config.json,0,ok,,False
2026-09-19 11:03:49,https://v2y.xyz/api/v1/client/subscribe?token=2533ce3df935ebaf4143fcc3df068ebd,0,error,404 Client Error: Not Found for url: https://v2y.xyz/api/v1/client/subscribe?token=2533ce3df935ebaf4143fcc3df068ebd,False
2026-09-19 11:03:49,https://github.com/chen08209/FlClash/releases/tag/v0.8.97,0,ok,,False
2026-09-19 11:03:49,https://sub.danhu.ddns-ip.net/,0,error,"HTTPSConnectionPool(host='sub.danhu.ddns-ip.net', port=443): Max retries exceeded with url: / (Caused by NameResolutionError(""HTTPSConnection(host='sub.danhu.ddns-ip.net', port=443): Failed to resolve 'sub.danhu.ddns-ip.net' ([Errno -2] Name or service not known)""))",False
2026-09-19 11:03:49,https://sub-1.rsjc.xyz/rsjc/760e7cfd2f64d5d4fec86844ef20cb4b,0,error,"HTTPSConnectionPool(host='sub-1.rsjc.xyz', port=443): Max retries exceeded with url: /rsjc/760e7cfd2f64d5d4fec86844ef20cb4b (Caused by NameResolutionError(""HTTPSConnection(host='sub-1.rsjc.xyz', port=443): Failed to resolve 'sub-1.rsjc.xyz' ([Errno -2] Name or service not known)""))",False
2026-09-19 11:03:49,https://raw.githubusercontent.com/mahsanet/MahsaFreeConfig/main/mci/sub_2.txt,0,ok,,False
2026-09-19 11:03:49,https://s.meiall.xyz/sub/2744cce26e3aa0d8377dc335432b6f12,0,error,"HTTPSConnectionPool(host='s.meiall.xyz', port=443): Max retries exceeded with url: /sub/2744cce26e3aa0d8377dc335432b6f12 (Caused by NameResolutionError(""HTTPSConnection(host='s.meiall.xyz', port=443): Failed to resolve 's.meiall.xyz' ([Errno -2] Name or service not known)""))",False
2026-09-19 11:03:49,https://github.com/earthtojake/text-to-cad,0,ok,,False
2026-09-19 11:03:49,https://raw.githubusercontent.com/TaJirax/CottenRouter/main/README.fa.md,0,ok,,False
2026-09-19 11:03:49,https://ag.bnpm.dynu.net:30443/api/v1/client/subscribe?token=58783846cbee6647784c16bb08d58918,0,error,"HTTPSConnectionPool(host='ag.bnpm.dynu.net', port=30443): Max retries exceeded with url: /api/v1/client/subscribe?token=58783846cbee6647784c16bb08d58918 (Caused by SSLError(SSLError(1, '[SSL: TLSV1_UNRECOGNIZED_NAME] tlsv1 unrecognized name (_ssl.c:1010)')))",False
2026-09-19 11:03:49,https://github.com/nonbili/NouTube/releases,0,ok,,False
2026-09-19 11:03:49,https://dy.naisicloud.xyz/api/v1/client/subscribe?token=595fbffde599301c81e579547896c942,0,error,"HTTPSConnectionPool(host='dy.naisicloud.xyz', port=443): Max retries exceeded with url: /api/v1/client/subscribe?token=595fbffde599301c81e579547896c942 (Caused by NameResolutionError(""HTTPSConnection(host='dy.naisicloud.xyz', port=443): Failed to resolve 'dy.naisicloud.xyz' ([Errno -2] Name or service not known)""))",False
2026-09-19 11:03:49,https://clashsub.org/how-about-jinglingxueyuan-jichang/,0,error,403 Client Error: Forbidden for url: https://clashsub.org/how-about-jinglingxueyuan-jichang/,False
2026-09-19 11:03:49,https://36071.subnodejs-chai.com/ssp/xiaochai/link/IQizOAWXnxrtRHmN#%E4%B8%AD%E5%87%BAAVToday.io,0,ok,,False
2026-09-19 11:03:49,https://github.com/2dust/v2rayN/releases/download/7.22.4/v2rayN-windows-64.zip,0,ok,,False
2026-09-19 11:03:49,http://github.com/immaghzbad/AetherST/releases,0,ok,,False
2026-09-19 11:03:49,https://clashsub.org/naiyun-jichang-paolule-ma/,0,error,403 Client Error: Forbidden for url: https://clashsub.org/naiyun-jichang-paolule-ma/,False
2026-09-19 11:03:49,https://github.com/throneproj/Throne/releases/download/1.1.6/Throne-1.1.6-windows-universal-installer.exe,0,ok,,False
2026-09-19 11:03:49,https://www.dabai.in/link/jRSokf0z9AzhKk53?clash=1,0,ok,,False
2026-09-19 11:03:49,https://github.com/AvenCores/goida-vpn-configs/raw/refs/heads/main/githubmirror/26.txt,4820,ok,,False
2026-09-19 11:03:49,https://github.com/Asterisk4Magisk/AsteriskNG/releases/tag/v1.4.9,0,ok,,False
2026-09-19 11:03:49,https://link.clashroyale.com/invite/clan/en?platform=android&amp;tag=RLRQVQ8L&amp;token=3ygs2fpc,0,ok,,False
2026-09-19 11:03:49,https://github.com/Neet-Nestor/Telegram-Media-Downloader,0,ok,,False
2026-09-19 11:03:49,https://sub4.download-hiccup.xyz/api/v1/client/subscribe?token=dbf86bf81b88bd4c142cea39e1cec614,0,error,"HTTPSConnectionPool(host='sub4.download-hiccup.xyz', port=443): Max retries exceeded with url: /api/v1/client/subscribe?token=dbf86bf81b88bd4c142cea39e1cec614 (Caused by NameResolutionError(""HTTPSConnection(host='sub4.download-hiccup.xyz', port=443): Failed to resolve 'sub4.download-hiccup.xyz' ([Errno -2] Name or service not known)""))",False
2026-09-19 11:03:49,https://drfytjmjhggnrgergergergerg6555.saojc.xyz/api/v1/client/subscribe?token=c6a97f3cc9cce1e509edb11986063d8e,0,error,"HTTPSConnectionPool(host='drfytjmjhggnrgergergergerg6555.saojc.xyz', port=443): Max retries exceeded with url: /api/v1/client/subscribe?token=c6a97f3cc9cce1e509edb11986063d8e (Caused by NameResolutionError(""HTTPSConnection(host='drfytjmjhggnrgergergergerg6555.saojc.xyz', port=443): Failed to resolve 'drfytjmjhggnrgergergergerg6555.saojc.xyz' ([Errno -2] Name or service not known)""))",False
2026-09-19 11:03:49,https://app.sublink.works/x/KOG7W9o,64,ok,,False
2026-09-19 11:03:49,https://github.com/2dust/v2rayNG/releases/download/2.2.0/v2rayNG_2.2.0_universal.apk,0,ok,,False
2026-09-19 11:03:49,https://36071.subnodejs-chai.com/ssp/xiaochai/link/IQizOAWXnxrtRHmN?clash=3vpn.yuzhe.cc.cd,27,ok,,False
2026-09-19 11:03:49,https://github.com/Asterisk4Magisk/AsteriskNG/releases/tag/v1.4.5,0,ok,,False
2026-09-19 11:03:49,https://clashsub.org/what-is-subscription-converter/,0,error,403 Client Error: Forbidden for url: https://clashsub.org/what-is-subscription-converter/,False
2026-09-19 11:03:49,http://github.com/chenx-dust/FlClash-Patched,0,ok,,False
2026-09-19 11:03:49,https://github.com/PersianEchoCode,0,ok,,False
2026-09-19 11:03:49,https://sub.derrick.us.kg/,0,error,"HTTPSConnectionPool(host='sub.derrick.us.kg', port=443): Max retries exceeded with url: / (Caused by NameResolutionError(""HTTPSConnection(host='sub.derrick.us.kg', port=443): Failed to resolve 'sub.derrick.us.kg' ([Errno -2] Name or service not known)""))",False
2026-09-19 11:03:49,https://sub1.gsafevpn.com/957baaca8fc/4867ffd8c8d6bccd6b6f4d70b2d25d7c#TG,4,ok,,False
2026-09-19 11:03:49,https://pai.yt/clash,0,error,522 Server Error: <none> for url: https://sub.pai.yt/clash,False
2026-09-19 11:03:49,https://github.com/2dust/v2rayNG/releases/download/1.9.36/v2rayNG_1.9.36_universal.apk,0,ok,,False
2026-09-19 11:03:49,https://github.com/sunls24/temporary-mail,0,ok,,False
2026-09-19 11:03:49,https://subweb.datapipe.top/,0,ok,,False
2026-09-19 11:03:49,https://sub.bestbestbest.sbs/subbest/mi/60bd9a10ad6667f11d0cecf294049e69,0,error,"HTTPSConnectionPool(host='sub.bestbestbest.sbs', port=443): Max retries exceeded with url: /subbest/mi/60bd9a10ad6667f11d0cecf294049e69 (Caused by NameResolutionError(""HTTPSConnection(host='sub.bestbestbest.sbs', port=443): Failed to resolve 'sub.bestbestbest.sbs' ([Errno -2] Name or service not known)""))",False
2026-09-19 11:03:49,https://github.com/2dust/v2rayN/releases/tag/7.22.5,0,ok,,False
2026-09-19 11:03:49,https://ktmcloud.men/api/v1/client/subscribe?token=1aeb406902ce8bab79fa246df04e45c4&amp;insert=,0,ok,,False
2026-09-19 11:03:49,https://github.com/pingmike2/cline2api-workers,0,ok,,False
2026-09-19 11:03:49,https://github.com/2dust/v2rayNG/releases/download/2.3.3/v2rayNG_2.3.3_armeabi-v7a.apk,0,ok,,False
2026-09-19 11:03:49,https://app.sublink.works/x/K8OMqnA,99,ok,,False
2026-09-19 11:03:49,https://ly.ccwink.cc/api/v1/client/subscribe?token=c2bc3bc950ec1e5d22bc9f45716a28a2,0,error,"HTTPSConnectionPool(host='ly.ccwink.cc', port=443): Max retries exceeded with url: /api/v1/client/subscribe?token=c2bc3bc950ec1e5d22bc9f45716a28a2 (Caused by SSLError(SSLError(1, '[SSL: TLSV1_ALERT_INTERNAL_ERROR] tlsv1 alert internal error (_ssl.c:1010)')))",False
2026-09-19 11:03:49,https://github.com/2dust/v2rayNG/releases/download/2.3.8/v2rayNG_2.3.8_arm64-v8a.apk,0,ok,,False
2026-09-19 11:03:49,https://svn.mobiletanaz.com:2053/sub/djMsMTc5NzQzLDE3ODc5MTc4MjI.jU5Fuf3JU6VDNr6Y4kD9dPNFKCsSjTm2jzfvSdn9dUI,0,error,403 Client Error: Forbidden for url: https://svn.mobiletanaz.com:2053/sub/djMsMTc5NzQzLDE3ODc5MTc4MjI.jU5Fuf3JU6VDNr6Y4kD9dPNFKCsSjTm2jzfvSdn9dUI,False
2026-09-19 11:03:49,https://sub.mogufan.com/api/v1/client/subscribe?token=a777f6de3cd257d32d75a456c687afdf,0,error,"HTTPSConnectionPool(host='sub.mogufan.com', port=443): Max retries exceeded with url: /api/v1/client/subscribe?token=a777f6de3cd257d32d75a456c687afdf (Caused by NewConnectionError(""HTTPSConnection(host='sub.mogufan.com', port=443): Failed to establish a new connection: [Errno 101] Network is unreachable""))",False
2026-09-19 11:03:49,https://github.com/2dust/v2rayNG/releases/download/1.8.6/v2rayNG_1.8.6.apk,0,ok,,False
2026-09-19 11:03:49,https://github.com/2dust/v2rayNG/releases/tag/1.8.5,0,ok,,False
2026-09-19 11:03:49,https://auth.newlikebooks.xyz/api/v1/client/subscribe?token=8609a1945e395789541f5b10bb7e48b5,0,error,"HTTPSConnectionPool(host='auth.newlikebooks.xyz', port=443): Max retries exceeded with url: /api/v1/client/subscribe?token=8609a1945e395789541f5b10bb7e48b5 (Caused by NameResolutionError(""HTTPSConnection(host='auth.newlikebooks.xyz', port=443): Failed to resolve 'auth.newlikebooks.xyz' ([Errno -2] Name or service not known)""))",False
2026-09-19 11:03:49,https://di5.di5ji.lat/api/v1/client/subscribe?token=85f98cc02e66e4894b22cba2fb9971ed,0,error,"HTTPSConnectionPool(host='di5.di5ji.lat', port=443): Max retries exceeded with url: /api/v1/client/subscribe?token=85f98cc02e66e4894b22cba2fb9971ed (Caused by NameResolutionError(""HTTPSConnection(host='di5.di5ji.lat', port=443): Failed to resolve 'di5.di5ji.lat' ([Errno -2] Name or service not known)""))",False
2026-09-19 11:03:49,https://github.com/MiaoMagic/miaospeed,0,ok,,False
2026-09-19 11:03:49,http://subzone.ir/,0,ok,,False
2026-09-19 11:03:49,https://github.com/2dust/v2rayN/releases/download/6.26/zz_v2rayN-With-Core-SelfContained.7z,0,ok,,False
2026-09-19 11:03:49,https://clashsub.org/what-is-anytls,0,error,403 Client Error: Forbidden for url: https://clashsub.org/what-is-anytls,False
2026-09-19 11:03:49,https://github.com/yanue/V2rayU/releases,0,ok,,False
2026-09-19 11:03:49,https://github.com/Cenmrev/V2RayX/releases,1,ok,,False
2026-09-19 11:03:49,https://raw.githubusercontent.com/eliv2-hub/ELiV2-RAY/refs/heads/main/By_ELENAa.txt,24,ok,,False
2026-09-19 11:03:49,https://app.sublink.works/x/uBmd7kF,158,ok,,False
2026-09-19 11:03:49,https://gh-proxy.com/raw.githubusercontent.com/ssrsub/ssr/master/clash.yaml,50,ok,,False
2026-09-19 11:03:49,https://github.com/PersianEchoCode/sniSpoofingAdvanced/releases,0,ok,,False
2026-09-19 11:03:49,https://clashsub.org/how-to-choose-airports/,0,error,403 Client Error: Forbidden for url: https://clashsub.org/how-to-choose-airports/,False
2026-09-19 11:03:49,https://subsub.surge.sh/?url=https%3A%2F%2Fraw.githubusercontent.com%2Fgo4sharing%2Fsub%2Fmain%2Fclash.yaml,0,ok,,False
2026-09-19 11:03:49,https://github.com/amnezia-vpn/amnezia-client/releases/latest,0,ok,,False
2026-09-19 11:03:49,https://sub.yihaojichang.xyz/api/v1/client/subscribe?token=e18de3aec0d0b02188f8e7f95de59533,0,error,526 Server Error: <none> for url: https://sub.yihaojichang.xyz/api/v1/client/subscribe?token=e18de3aec0d0b02188f8e7f95de59533,False
2026-09-19 11:03:49,https://cola.xn--chqu2nzsxv3y.com/api/v1/client/subscribe?token=15d07865b121b74348d5e6c78eb721fb,0,error,"HTTPSConnectionPool(host='cola.xn--chqu2nzsxv3y.com', port=443): Max retries exceeded with url: /api/v1/client/subscribe?token=15d07865b121b74348d5e6c78eb721fb (Caused by NameResolutionError(""HTTPSConnection(host='cola.xn--chqu2nzsxv3y.com', port=443): Failed to resolve 'cola.xn--chqu2nzsxv3y.com' ([Errno -2] Name or service not known)""))",False
2026-09-19 11:03:49,https://dy.naisicloud.xyz/api/v1/client/subscribe?token=a91ba6f9a7523e5e30f6f642459b171b,0,error,"HTTPSConnectionPool(host='dy.naisicloud.xyz', port=443): Max retries exceeded with url: /api/v1/client/subscribe?token=a91ba6f9a7523e5e30f6f642459b171b (Caused by NameResolutionError(""HTTPSConnection(host='dy.naisicloud.xyz', port=443): Failed to resolve 'dy.naisicloud.xyz' ([Errno -2] Name or service not known)""))",False
2026-09-19 11:03:49,https://rss202407.mugua-sub.com/link/KJcTUT9qI39U4bMr?clash=1,0,error,502 Server Error: Bad Gateway for url: https://rss202407.mugua-sub.com/link/KJcTUT9qI39U4bMr?clash=1,False
2026-09-19 11:03:49,https://raw.githubusercontent.com/ByteMysticRogue/Hiddify-Warp/main/warp.json#Women%20Life%20Freedom%20%E2%9C%8C%EF%B8%8F,0,ok,,False
2026-09-19 11:03:49,https://github.com/0KABE/ConfConvertor#clash,0,ok,,False
2026-09-19 11:03:49,https://github.com/2dust/v2rayN/releases/download/7.16.9/v2rayN-windows-64-SelfContained.zip,0,ok,,False
2026-09-19 11:03:49,https://celglfkvoldml0lwenh1ek4ok.fodpap8o5gdxv216p5642d9.workers.dev/0AtP0KFaADuUZr/sub/normal?app=xray#%F0%9F%92%A6%20BPB%20Normal,0,ok,,False
2026-09-19 11:03:49,https://clashsub.org/cyberguard-jichang-sep-discount,0,error,403 Client Error: Forbidden for url: https://clashsub.org/cyberguard-jichang-sep-discount,False
2026-09-19 11:03:49,https://service-69kfaex1-1312645837.bj.apigw.tencentcs.com/api/v1/client/subscribe?token=13ca822b36b450686fa33b0d52656815,0,error,"HTTPSConnectionPool(host='service-69kfaex1-1312645837.bj.apigw.tencentcs.com', port=443): Max retries exceeded with url: /api/v1/client/subscribe?token=13ca822b36b450686fa33b0d52656815 (Caused by SSLError(SSLError(1, '[SSL: TLSV1_ALERT_INTERNAL_ERROR] tlsv1 alert internal error (_ssl.c:1010)')))",False
2026-09-19 11:03:49,http://submarinecablemap.com/,0,ok,,False
2026-09-19 11:03:49,https://github.com/patterniha/PattNG/releases/download/2.3.8-P46/PattNG_2.3.8-P46_universal.apk,0,error,404 Client Error: Not Found for url: https://github.com/patterniha/PattNG/releases/download/2.3.8-P46/PattNG_2.3.8-P46_universal.apk,False
2026-09-19 11:03:49,https://welink.233.tw/api/v1/client/subscribe?token=8b0a8edfa31a99d4bf36c08a4253f2a7,0,error,"HTTPSConnectionPool(host='welink.233.tw', port=443): Max retries exceeded with url: /api/v1/client/subscribe?token=8b0a8edfa31a99d4bf36c08a4253f2a7 (Caused by NameResolutionError(""HTTPSConnection(host='welink.233.tw', port=443): Failed to resolve 'welink.233.tw' ([Errno -5] No address associated with hostname)""))",False
2026-09-19 11:03:49,https://hz.dport.top/api/v1/client/subscribe?token=924b8f4297a47da441cd0f767c8d05c9,0,error,"HTTPSConnectionPool(host='hz.dport.top', port=443): Max retries exceeded with url: /api/v1/client/subscribe?token=924b8f4297a47da441cd0f767c8d05c9 (Caused by NameResolutionError(""HTTPSConnection(host='hz.dport.top', port=443): Failed to resolve 'hz.dport.top' ([Errno -2] Name or service not known)""))",False
2026-09-19 11:03:49,https://23.172.40.108:2096/sub/rcf7k3ub5glgis3a#,0,error,404 Client Error: Not Found for url: https://23.172.40.108:2096/sub/rcf7k3ub5glgis3a,False
2026-09-19 11:03:49,https://clashgithub.com/clashnode-20250214.html?feed_id=471&amp;_unique_id=67ae51bc37876,0,error,404 Client Error: Not Found for url: https://clashgithub.com/clashnode-20250214.html?feed_id=471&amp;_unique_id=67ae51bc37876,False
2026-09-19 11:03:49,https://github.com/2dust/v2rayNG/releases/tag/1.8.11,0,ok,,False
2026-09-19 11:03:49,https://ch.cukug.website/api/v1/client/subscribe?token=3e4ad9ef197db68d199e5d1a4e27eee3,0,error,"HTTPSConnectionPool(host='ch.cukug.website', port=443): Max retries exceeded with url: /api/v1/client/subscribe?token=3e4ad9ef197db68d199e5d1a4e27eee3 (Caused by NameResolutionError(""HTTPSConnection(host='ch.cukug.website', port=443): Failed to resolve 'ch.cukug.website' ([Errno -5] No address associated with hostname)""))",False
2026-09-19 11:03:49,https://github.com/CluvexStudio/Aether,0,ok,,False
2026-09-19 11:03:49,https://github.com/steipete/CodexBar,0,ok,,False
2026-09-19 11:03:49,https://440300.xyz/api/v1/client/subscribe?token=761f8d7cbb197d5ca1d0ff7692486318,0,error,"HTTPSConnectionPool(host='440300.xyz', port=443): Max retries exceeded with url: /api/v1/client/subscribe?token=761f8d7cbb197d5ca1d0ff7692486318 (Caused by NameResolutionError(""HTTPSConnection(host='440300.xyz', port=443): Failed to resolve '440300.xyz' ([Errno -5] No address associated with hostname)""))",False
2026-09-19 11:03:49,https://sub1.gsafevpn.com/957baaca8fc/4867ffd8c8d6bccd6b6f4d70b2d25d7c#TG%E5%85%8D%E8%B4%B9%E6%9C%BA%E5%9C%BA_proxyshareCN,4,ok,,False
2026-09-19 11:03:49,https://tc.qy1357.top/api/v1/client/subscribe?token=b10dbe4f88b2ee5d856de99991a95a39,0,error,"HTTPSConnectionPool(host='tc.qy1357.top', port=443): Max retries exceeded with url: /api/v1/client/subscribe?token=b10dbe4f88b2ee5d856de99991a95a39 (Caused by NameResolutionError(""HTTPSConnection(host='tc.qy1357.top', port=443): Failed to resolve 'tc.qy1357.top' ([Errno -2] Name or service not known)""))",False
2026-09-19 11:03:49,https://wzyun.oadvan.cn/api/v1/client/subscribe?token=6c0a065300d9e40c124b462d95340267,6,ok,,False
2026-09-19 11:03:49,https://github.com/MatsuriDayo/nekoray/releases,0,ok,,False
2026-09-19 11:03:49,https://sub.maxilion.ir:2096/sub/45016458a8c54e3f,42,ok,,False
2026-09-19 11:03:49,https://clashsub.org/how-to-choose-airports,0,error,403 Client Error: Forbidden for url: https://clashsub.org/how-to-choose-airports,False
2026-09-19 11:03:49,https://github.com/Asterisk4Magisk/AsteriskNG/releases/tag/v1.4.7,0,ok,,False
2026-09-19 11:03:49,https://github.com/KaringX/karing/releases/download/v1.2.26.2900/karing_1.2.26.2900_android_arm64-v8a.apk,0,ok,,False
2026-09-19 11:03:49,https://github.com/2dust/v2rayNG/releases/download/1.8.5/v2rayNG_1.8.5_armeabi-v7a.apk,0,ok,,False
2026-09-19 11:03:49,https://translate.google.com/?sl=en&amp;amp;tl=ru&amp;amp;text=%23Alert%20%E2%9A%A0%EF%B8%8F%0A%0ADear%20Users%2C%0AHello%0A%0AWe%20hope%20you%20are%20having%20a%20great%20day.%0A%0AUnfortunately%2C%20we%20encounter%20cases%20daily%20where%20users%20report%20that%20they%20have%20paid%20money%20to%20unknown%20and%20unrelated%20individuals%20for%20subscriptions%20or%20premium%20services.%0A%0AWe%20have%20repeatedly%20stated%20that%20we%20do%20not%20have%20any%20sales%20representatives%20in%20any%20country.%20Please%20be%20aware%20that%20none%20of%20our%20managers%20or%20experts%20will%20initiate%20a%20conversation%20with%20you%20or%20send%20you%20a%20message.%20If%20someone%20contacts%20you%20and%20claims%20to%20be%20a%20representative%20of%20Outline%20or%20v2Line%2C%20please%20be%20assured%20that%20they%20are%20scammers&amp;#33;%20Block%20and%20report%20them%20immediately.%0A%0AAs%20the%20first%20independent%20and%20volunteer-based%20Outline%20community%2C%20we%20offer%20all%20our%20paid%20and%20premium%20services%20exclusively%20through%20the%20bot%20%40OutlineVpnBot%2C%20and%20there%20are%20no%20other%20bots%20or%20accounts%20for%20buying%20and%20selling.%0A%0AThe%20only%20official%20support%20account%20is%20%40OutlineSupportTeam%2C%20and%20there%20are%20no%20other%20valid%20IDs.%0A%0APlease%20exercise%20caution%20and%20avoid%20making%20any%20payments%20to%20individuals%20who%20claim%20to%20be%20our%20representatives.%0A%0ARespectfully%2C%0AOutline%20Network%20Support%20Team%0Ahttps%3A%2F%2Ft.me%2FOutlineVpnBot&amp;amp;op=translate,0,ok,,False
2026-09-19 11:03:49,https://clashsub.org/naiyun-rename-guga-cloud,0,error,403 Client Error: Forbidden for url: https://clashsub.org/naiyun-rename-guga-cloud,False
2026-09-19 11:03:49,http://dy.changyouvpn.top/api/v1/client/subscribe?token=4e85554dae1c9858676693ae38d50c15,0,error,"HTTPConnectionPool(host='dy.changyouvpn.top', port=80): Max retries exceeded with url: /api/v1/client/subscribe?token=4e85554dae1c9858676693ae38d50c15 (Caused by NameResolutionError(""HTTPConnection(host='dy.changyouvpn.top', port=80): Failed to resolve 'dy.changyouvpn.top' ([Errno -2] Name or service not known)""))",False
2026-09-19 11:03:49,https://github.com/2dust/v2rayNG/releases/download/2.1.7/v2rayNG_2.1.7-fdroid_arm64-v8a.apk,0,ok,,False
2026-09-19 11:03:49,http://pastehub.ir,0,ok,,False
2026-09-19 11:03:49,https://dy11.baipiaoyes.com/api/v1/client/subscribe?token=2527e461351e960f99159753233e8c3f,0,error,403 Client Error: Forbidden for url: https://dy11.baipiaoyes.com/api/v1/client/subscribe?token=2527e461351e960f99159753233e8c3f,False
2026-09-19 11:03:49,https://raw.githubusercontent.com/eliv2-hub/ELiV2-RAY/refs/heads/main/ELiv2-Ray.txt,62,ok,,False
2026-09-19 11:03:49,https://clashsub.org/jifengyun-618-discount/,0,error,403 Client Error: Forbidden for url: https://clashsub.org/jifengyun-618-discount/,False
2026-09-19 11:03:49,https://github.com/2dust/v2rayN/releases/download/7.24.4/v2rayN-windows-64-desktop.zip,0,ok,,False
2026-09-19 11:03:49,https://ssrsub.de/,0,ok,,False
2026-09-19 11:03:49,https://raw.githubusercontent.com/CAA-Family/CAA_V2ray/main/All-Configs,0,ok,,False
2026-09-19 11:03:49,https://github.com/Amirinventor2010-organization/wireguard-go,0,ok,,False
2026-09-19 11:03:49,https://sub.nimservers.site/Servers.txt#Servers-@NimServers,0,error,"HTTPSConnectionPool(host='sub.nimservers.site', port=443): Max retries exceeded with url: /Servers.txt (Caused by NameResolutionError(""HTTPSConnection(host='sub.nimservers.site', port=443): Failed to resolve 'sub.nimservers.site' ([Errno -2] Name or service not known)""))",False
2026-09-19 11:03:49,https://36071.subnodejs-chai.com/ssp/xiaochai/link/IQizOAWXnxrtRHmN?clash=3#,27,ok,,False
2026-09-19 11:03:49,https://www8.bigairport-fourteenth-sub.top/api/v1/client/subscribe?token=20466dc7e46b448fb1464ed59282ebdf,0,error,"HTTPSConnectionPool(host='www8.bigairport-fourteenth-sub.top', port=443): Max retries exceeded with url: /api/v1/client/subscribe?token=20466dc7e46b448fb1464ed59282ebdf (Caused by NameResolutionError(""HTTPSConnection(host='www8.bigairport-fourteenth-sub.top', port=443): Failed to resolve 'www8.bigairport-fourteenth-sub.top' ([Errno -2] Name or service not known)""))",False
2026-09-19 11:03:49,https://sub.xn--ioru3fc2t1hb.com/s/a1338a23e248ee43ee4a2373667c91db,0,error,"HTTPSConnectionPool(host='sub.xn--ioru3fc2t1hb.com', port=443): Max retries exceeded with url: /s/a1338a23e248ee43ee4a2373667c91db (Caused by NameResolutionError(""HTTPSConnection(host='sub.xn--ioru3fc2t1hb.com', port=443): Failed to resolve 'sub.xn--ioru3fc2t1hb.com' ([Errno -2] Name or service not known)""))",False
2026-09-19 11:03:49,https://github.com/patterniha/PattNG/releases/download/2.3.8-P48/PattNG_2.3.8-P48_arm64-v8a.apk,0,error,404 Client Error: Not Found for url: https://github.com/patterniha/PattNG/releases/download/2.3.8-P48/PattNG_2.3.8-P48_arm64-v8a.apk,False
2026-09-19 11:03:49,https://github.com/GFW-knocker/MahsaNG/releases/download/v8.0-,0,error,404 Client Error: Not Found for url: https://github.com/GFW-knocker/MahsaNG/releases/download/v8.0-,False
2026-09-19 11:03:49,https://paste.ee/d/JQU8t,0,error,404 Client Error: Not Found for url: https://paste.ee/d/JQU8t,False
2026-09-19 11:03:49,https://cola.xn--chqu2nzsxv3y.com/api/v1/client/subscribe?token=dc651326e2ce650def8fc3772d7187c5,0,error,"HTTPSConnectionPool(host='cola.xn--chqu2nzsxv3y.com', port=443): Max retries exceeded with url: /api/v1/client/subscribe?token=dc651326e2ce650def8fc3772d7187c5 (Caused by NameResolutionError(""HTTPSConnection(host='cola.xn--chqu2nzsxv3y.com', port=443): Failed to resolve 'cola.xn--chqu2nzsxv3y.com' ([Errno -2] Name or service not known)""))",False
2026-09-19 11:03:49,https://sub.yihaojichang.xyz/api/v1/client/subscribe?token=264c014bcdac238314550862e0e70e40,0,error,526 Server Error: <none> for url: https://sub.yihaojichang.xyz/api/v1/client/subscribe?token=264c014bcdac238314550862e0e70e40,False
2026-09-19 11:03:49,https://github.com/2dust/v2rayNG/releases/download/2.3.8/v2rayNG_2.3.8_universal.apk,0,ok,,False
2026-09-19 11:03:49,http://github.com/WhiteDNS/WhiteAesther/releases/latest,0,ok,,False
2026-09-19 11:03:49,https://qiu000000.ccwu.cc/sub?token=d487d8e086336d4b7144210bf7a2a6b0#,0,error,"HTTPSConnectionPool(host='qiu000000.ccwu.cc', port=443): Max retries exceeded with url: /sub?token=d487d8e086336d4b7144210bf7a2a6b0 (Caused by NameResolutionError(""HTTPSConnection(host='qiu000000.ccwu.cc', port=443): Failed to resolve 'qiu000000.ccwu.cc' ([Errno -5] No address associated with hostname)""))",False
2026-09-19 11:03:49,https://raw.githubusercontent.com/TaJirax/CottenRouter/main/scripts/install.sh,0,ok,,False
2026-09-19 11:03:49,https://github.com/0KABE/ConfConvertor/wiki/%E5%85%B3%E4%BA%8EURL-Encode,0,ok,,False
2026-09-19 11:03:49,https://zhuhai.uk/subs/TG-%40dns68-695ad1370c62.txt,349,ok,,False
2026-09-19 11:03:49,https://github.com/0KABE/TST-Back,0,error,404 Client Error: Not Found for url: https://github.com/0KABE/TST-Back,False
2026-09-19 11:03:49,https://sub.xn--4gq62ffxz.net/s/6f9218ad172fae5465729eaa36f5394c,0,error,"HTTPSConnectionPool(host='sub.xn--4gq62ffxz.net', port=443): Max retries exceeded with url: /s/6f9218ad172fae5465729eaa36f5394c (Caused by NameResolutionError(""HTTPSConnection(host='sub.xn--4gq62ffxz.net', port=443): Failed to resolve 'sub.xn--4gq62ffxz.net' ([Errno -2] Name or service not known)""))",False
2026-09-19 11:03:49,https://clashgithub.com/netflix-cookies-2025-02-15-161221.html?feed_id=474&amp;_unique_id=67b04ca37ead3,0,error,404 Client Error: Not Found for url: https://clashgithub.com/netflix-cookies-2025-02-15-161221.html?feed_id=474&amp;_unique_id=67b04ca37ead3,False
2026-09-19 11:03:49,https://47.242.186.70/api/v1/client/subscribe?token=df57a404bcbd43c807d55f95377bb32a,0,error,"HTTPSConnectionPool(host='47.242.186.70', port=443): Max retries exceeded with url: /api/v1/client/subscribe?token=df57a404bcbd43c807d55f95377bb32a (Caused by NewConnectionError(""HTTPSConnection(host='47.242.186.70', port=443): Failed to establish a new connection: [Errno 111] Connection refused""))",False
2026-09-19 11:03:49,https://github.com/hiddify/hiddify-next/releases/download/v2.5.7/Hiddify-Windows-Setup-x64.exe,0,ok,,False
2026-09-19 11:03:49,https://github.com/amnezia-vpn/amnezia-client/releases/download/4.7.0.0/AmneziaVPN_4.7.0.0.dmg,0,ok,,False
2026-09-19 11:03:49,https://github.com/KaringX/karing/releases/download/v1.2.26.2900/karing_1.2.26.2900_android_armeabi-v7a.apk,0,ok,,False
2026-09-19 11:03:49,https://sub1.gsafevpn.com/957baaca8fc/12e09c2487e71cc3c27daf22ebeec919,4,ok,,False
2026-09-19 11:03:49,https://github.com/2dust/v2rayNG/releases/tag/2.3.8,0,ok,,False
2026-09-19 11:03:49,https://github.com/mahsanet/NikaNG/releases/download/v1.8.38/NikaNG_1.8.38_universal-signed.apk,0,ok,,False
2026-09-19 11:03:49,http://github.com/IR-NETLIFY/IR_NETLIFY-RELAY,0,error,404 Client Error: Not Found for url: https://github.com/IR-NETLIFY/IR_NETLIFY-RELAY,False
2026-09-19 11:03:49,https://clashsub.org/naiyun-618,0,error,403 Client Error: Forbidden for url: https://clashsub.org/naiyun-618,False
2026-09-19 11:03:49,https://shz.al/B44Y,0,error,404 Client Error: Not Found for url: https://shz.al/B44Y,False
2026-09-19 11:03:49,https://clashsub.org/two-factor-authentication,0,error,403 Client Error: Forbidden for url: https://clashsub.org/two-factor-authentication,False
2026-09-19 11:03:49,"https://proxypool.dmit.dpdns.org/clash/proxies?nstream=netflix,disney&amp;nc=CA&amp;type=ss,vmess,vless",0,error,"HTTPSConnectionPool(host='proxypool.dmit.dpdns.org', port=443): Max retries exceeded with url: /clash/proxies?nstream=netflix,disney&amp;nc=CA&amp;type=ss,vmess,vless (Caused by NameResolutionError(""HTTPSConnection(host='proxypool.dmit.dpdns.org', port=443): Failed to resolve 'proxypool.dmit.dpdns.org' ([Errno -2] Name or service not known)""))",False
2026-09-19 11:03:49,https://github.com/code3-dev/ProxyCloud,0,ok,,False
2026-09-19 11:03:49,https://github.com/patterniha/Free-Configs,83,ok,,False
2026-09-19 11:03:49,https://23.172.40.108:2096/sub/rcf7k3ub5glgis3a#%E9%9C%80%E8%A6%81spx%E4%BD%BF%E7%94%A8xray-core%E5%86%85%E6%A0%B8%E7%9A%84%E6%AF%94%E5%A6%82v2ray%E6%88%96%E8%80%85shadowrocket,0,error,404 Client Error: Not Found for url: https://23.172.40.108:2096/sub/rcf7k3ub5glgis3a#%E9%9C%80%E8%A6%81spx%E4%BD%BF%E7%94%A8xray-core%E5%86%85%E6%A0%B8%E7%9A%84%E6%AF%94%E5%A6%82v2ray%E6%88%96%E8%80%85shadowrocket,False
2026-09-19 11:03:49,https://sub.pai.yt/clash,0,error,522 Server Error: <none> for url: https://sub.pai.yt/clash,False
2026-09-19 11:03:49,https://service-6l9168iy-1312645837.gz.apigw.tencentcs.com/api/v1/client/subscribe?token=50cce61874b985c0c99e50c6f659f20e,0,error,"HTTPSConnectionPool(host='service-6l9168iy-1312645837.gz.apigw.tencentcs.com', port=443): Max retries exceeded with url: /api/v1/client/subscribe?token=50cce61874b985c0c99e50c6f659f20e (Caused by SSLError(SSLError(1, '[SSL: TLSV1_ALERT_INTERNAL_ERROR] tlsv1 alert internal error (_ssl.c:1010)')))",False
2026-09-19 11:03:49,https://github.com/2dust/v2rayNG/releases/download/1.10.8/v2rayNG_1.10.8_universal.apk,0,ok,,False
2026-09-19 11:03:49,https://shz.al/aJH5,0,error,404 Client Error: Not Found for url: https://shz.al/aJH5,False
2026-09-19 11:03:49,https://v2.pikachu.cyou/api/v1/client/subscribe?token=d83de9fb1ffef52c58dcd3dbb672fb31,0,error,"HTTPSConnectionPool(host='v2.pikachu.cyou', port=443): Max retries exceeded with url: /api/v1/client/subscribe?token=d83de9fb1ffef52c58dcd3dbb672fb31 (Caused by NameResolutionError(""HTTPSConnection(host='v2.pikachu.cyou', port=443): Failed to resolve 'v2.pikachu.cyou' ([Errno -2] Name or service not known)""))",False
2026-09-19 11:03:49,https://yfjc.xyz/api/v1/client/subscribe?token=2ac90b3e8b7e5f9838eaab831adba36f,0,error,403 Client Error: Forbidden for url: https://yfjc.xyz/api/v1/client/subscribe?token=2ac90b3e8b7e5f9838eaab831adba36f,False
2026-09-19 11:03:49,https://cdn4.telesco.pe/file/uGpECAsf-MoyaTr1km_UnBoJJ85HIge_OVhU0OkvkfUT-lCy-HaupuFq1AqXDn2bbEYYUHW8ye0ZmPM_dgAT2D0qviwwA6bZI1aL46FdG7Wa1mjbMKDubr4xJ-1EDoi1ka_jTvPIBjsxMxs28Pxa4WEGKonw6T3NPdg7L_CfnLbM0abQwcYUbtPSFy3r8-19tjhrlXAQ3DbbHu_C8huW9QLbAPMYztIyNYh4xwB7vmgXHeQZYv0VykavspYxvn8E57r8WgXrm5cpz1subTnDxEwFmWW8kK5MhL6mqbR4_pAYaFZ0EiAAd6mg-CriJu8F0BRm60CHiaqHe1tDKGzwKQ.jpg,0,skipped,noise url,True
2026-09-19 11:03:49,https://raw.githubusercontent.com/v2rayNplus/v2rayNplus.github.io/main/v2rayNplus.txt#,431,ok,,False
2026-09-19 11:03:49,https://abr.mohammadreza.top:2096/sub/zsgahpz3i81c636p,0,error,404 Client Error: Not Found for url: https://abr.mohammadreza.top:2096/sub/zsgahpz3i81c636p,False
2026-09-19 11:03:49,https://github.com/AirportR/miaospeed/,0,ok,,False
2026-09-19 11:03:49,https://github.com/patterniha/PattNG/releases/download/2.3.5-P30/PattNG_2.3.5-P30_universal.apk,0,error,404 Client Error: Not Found for url: https://github.com/patterniha/PattNG/releases/download/2.3.5-P30/PattNG_2.3.5-P30_universal.apk,False
2026-09-19 11:03:49,https://github.com/UnboundTechCo/defyxVPN/releases/latest,0,ok,,False
2026-09-19 11:03:49,https://github.com/hiddify/hiddify-next/releases/tag/v1.4.0,0,ok,,False
2026-09-19 11:03:49,https://clashsub.org/enet-discount-comming/,0,error,403 Client Error: Forbidden for url: https://clashsub.org/enet-discount-comming/,False
2026-09-19 11:03:49,https://raw.githubusercontent.com/IR-NETLIFY/NETLIFY/refs/heads/main/sub/new-sub.txt,0,error,404 Client Error: Not Found for url: https://raw.githubusercontent.com/IR-NETLIFY/NETLIFY/refs/heads/main/sub/new-sub.txt,False
2026-09-19 11:03:49,https://raw.githubusercontent.com/mahsanet/MahsaFreeConfig/main/mci/sub_4.txt,0,ok,,False
2026-09-19 11:03:49,https://raw.githubusercontent.com/mahsanet/MahsaFreeConfig/main/mtn/sub_4.txt,0,ok,,False
2026-09-19 11:03:49,https://ip.ikez.dpdns.org/sub?host=q.ikez.dpdns.org&amp;uuid=8e34e170-13ae-4892-9d20-05962acc9f84&amp;path=%2F&amp;sni=q.ikez.dpdns.org&amp;type=---&amp;alpn=&amp;alterid=0&amp;security=auto,0,ok,,False
2026-09-19 11:03:49,https://flclash.de/,0,ok,,False
2026-09-19 11:03:49,https://911tg3rs.com/api/v1/client/subscribe?token=1b2bbf02dcccacf428d3ad41573ad16e,0,error,"HTTPSConnectionPool(host='911tg3rs.com', port=443): Max retries exceeded with url: /api/v1/client/subscribe?token=1b2bbf02dcccacf428d3ad41573ad16e (Caused by NameResolutionError(""HTTPSConnection(host='911tg3rs.com', port=443): Failed to resolve '911tg3rs.com' ([Errno -2] Name or service not known)""))",False
2026-09-19 11:03:49,https://github.com/yichengchen/clashX/releases,0,error,404 Client Error: Not Found for url: https://github.com/yichengchen/clashX/releases,False
2026-09-19 11:03:49,https://github.com/2dust/v2rayN/releases/download/7.7.1/v2rayN-windows-64-SelfContained.zip,0,ok,,False
2026-09-19 11:03:49,https://clashsub.org/peiqian-jichang-qixi-comming,0,error,403 Client Error: Forbidden for url: https://clashsub.org/peiqian-jichang-qixi-comming,False
2026-09-19 11:03:49,https://raw.githubusercontent.com/xc0000e9/deatnote/main/Hiddify-next.fragment,0,error,404 Client Error: Not Found for url: https://raw.githubusercontent.com/xc0000e9/deatnote/main/Hiddify-next.fragment,False
2026-09-19 11:03:49,https://github.com/openpaily/paicatch2,0,ok,,False
2026-09-19 11:03:49,https://sub-ify.site/,0,ok,,False
2026-09-19 11:03:49,https://clashgithub.com/clashnode-20250222.html?feed_id=487&amp;_unique_id=67b8ddce40e20,0,error,404 Client Error: Not Found for url: https://clashgithub.com/clashnode-20250222.html?feed_id=487&amp;_unique_id=67b8ddce40e20,False
2026-09-19 11:03:49,https://github.com/0KABE/BeQX/tree/dev,0,ok,,False
2026-09-19 11:03:49,https://gh-proxy.com/raw.githubusercontent.com/ssrsub/ssr/master/singbox.json,0,ok,,False
2026-09-19 11:03:49,https://vpn.583181.xyz/api/v1/client/subscribe?token=ec1def24617295888b3d3de8c259fbd5,0,error,403 Client Error: Forbidden for url: https://vpn.583181.xyz/api/v1/client/subscribe?token=ec1def24617295888b3d3de8c259fbd5,False
2026-09-19 11:03:49,https://www.louwangzhiyu.xyz/api/v1/client/subscribe?token=8d4b6141011de1d68e5aad95d6a61329,0,ok,,False
2026-09-19 11:03:49,https://github.com/2dust/v2rayNG/releases/download/1.8.12/v2rayNG_1.8.12_arm64-v8a.apk,0,ok,,False
2026-09-19 11:03:49,https://raw.githubusercontent.com/bugfloyd/dnstt-deploy/main/README-fa.md,0,ok,,False
2026-09-19 11:03:49,http://github.com/Iman/caspian/releases,0,ok,,False
2026-09-19 11:03:49,https://mojie.app/api/v1/client/subscribe?token=6dbf0b92279e3ca9448b883496d8870f,0,ok,,False
2026-09-19 11:03:49,https://raw.githubusercontent.com/Paimonhub/Nodpai/main/docs/unlock-stream.md,0,ok,,False
2026-09-19 11:03:49,https://sni.111000.dynv6.net/sub?clash,0,error,"HTTPSConnectionPool(host='sni.111000.dynv6.net', port=443): Max retries exceeded with url: /sub?clash (Caused by NameResolutionError(""HTTPSConnection(host='sni.111000.dynv6.net', port=443): Failed to resolve 'sni.111000.dynv6.net' ([Errno -2] Name or service not known)""))",False
2026-09-19 11:03:49,http://github.com/GFW-knocker/MahsaNG/releases/latest,0,ok,,False
2026-09-19 11:03:49,https://javidnamaniran-at-telegram.github.io/sing-box_sub/,0,ok,,False
2026-09-19 11:03:49,https://github.com/2dust/v2rayN/releases/tag/7.4.0,0,ok,,False
2026-09-19 11:03:49,https://app.sublink.works/x/TvOspwt,42,ok,,False
2026-09-19 11:03:49,https://raw.githubusercontent.com/ProblemTheCode/SylphNet-public/refs/heads/main/sub/sub.txt,532,ok,,False
2026-09-19 11:03:49,https://github.com/2dust/v2rayN,0,ok,,False
2026-09-19 11:03:49,https://github.com/hiddify/hiddify-next/releases/download/v1.4.0/Hiddify-iOS.ipa,0,error,404 Client Error: Not Found for url: https://github.com/hiddify/hiddify-app/releases/download/v1.4.0/Hiddify-iOS.ipa,False
2026-09-19 11:03:49,https://weekly.pythoncat.top/zh/#subscribe-xiaobot,0,error,403 Client Error: Forbidden for url: https://weekly.pythoncat.top/zh/#subscribe-xiaobot,False
2026-09-19 11:03:49,https://shz.al/zeKF,0,error,404 Client Error: Not Found for url: https://shz.al/zeKF,False
2026-09-19 11:03:49,https://www.820010.xyz/sub/ccdfb11eccea8eccdf536a8bbff45d7e#%E5%85%8D%E8%B4%B9%E6%9C%BA%E5%9C%BATG@proxyshareCN,9,ok,,False
2026-09-19 11:03:49,https://github.com/Happ-proxy/happ-desktop/releases/latest/download/setup-Happ.x64.exe,0,ok,,False
2026-09-19 11:03:49,https://github.com/Asterisk4Magisk/AsteriskMETA/releases/tag/v1.2.5,0,ok,,False
2026-09-19 11:03:49,https://github.com/2dust/v2rayNG/releases/download/1.8.17/v2rayNG_1.8.17.apk,0,ok,,False
2026-09-19 11:03:49,https://github.com/ronaldo-avalos/Maya,0,ok,,False
2026-09-19 11:03:49,https://raw.githubusercontent.com/masterking32/MasterDnsVPN/main/server_linux_install.sh,0,ok,,False
2026-09-19 11:03:49,https://github.com/2dust/v2rayNG/releases/download/2.2.4/v2rayNG_2.2.4-fdroid_universal.apk,0,ok,,False
2026-09-19 11:03:49,https://raw.githubusercontent.com/hello-world-1989/cn-news/main/end-gfw-together,2,ok,,False
2026-09-19 11:03:49,https://raw.githubusercontent.com/eliv2-hub/ELiV2-RAY/refs/heads/main/ELENAAAAAAAAAA.txt,38,ok,,False
2026-09-19 11:03:49,https://sub.xn--4gq62ffxz.net/api/v1/client/subscribe?token=3acf3eb92210f48ac3921fa482910b49,0,error,"HTTPSConnectionPool(host='sub.xn--4gq62ffxz.net', port=443): Max retries exceeded with url: /api/v1/client/subscribe?token=3acf3eb92210f48ac3921fa482910b49 (Caused by NameResolutionError(""HTTPSConnection(host='sub.xn--4gq62ffxz.net', port=443): Failed to resolve 'sub.xn--4gq62ffxz.net' ([Errno -2] Name or service not known)""))",False
2026-09-19 11:03:49,https://link.clashroyale.com/invite/clan/en?tag=RLRQVQ8L&amp;token=3ygs2fpc&amp;platform=android,0,ok,,False
2026-09-19 11:03:49,https://fastly.jsdelivr.net/gh/freenodes/freenodes@main/clash.yaml,0,ok,,False
2026-09-19 11:03:49,https://github.com/2dust/v2rayNG/releases/download/1.10.7/v2rayNG_1.10.7_universal.apk,0,ok,,False
2026-09-19 11:03:49,https://github.com/Gedsh/InviZible/releases,0,ok,,False
2026-09-19 11:03:49,https://clashsub.org/cyberguard-jichang-sep-discount/,0,error,403 Client Error: Forbidden for url: https://clashsub.org/cyberguard-jichang-sep-discount/,False
2026-09-19 11:03:49,https://clashsub.org/how-about-ikuuu-vpn/,0,error,403 Client Error: Forbidden for url: https://clashsub.org/how-about-ikuuu-vpn/,False
2026-09-19 11:03:49,https://by.xbygood.xyz/api/v1/client/subscribe?token=84ea7fec072a4afe38129745ec85c40c,0,error,"HTTPSConnectionPool(host='by.xbygood.xyz', port=443): Max retries exceeded with url: /api/v1/client/subscribe?token=84ea7fec072a4afe38129745ec85c40c (Caused by SSLError(SSLCertVerificationError(1, '[SSL: CERTIFICATE_VERIFY_FAILED] certificate verify failed: unable to get local issuer certificate (_ssl.c:1010)')))",False
2026-09-19 11:03:49,https://raw.githubusercontent.com/azadiazinjamigzare/Hiddify/main/Sub,0,error,404 Client Error: Not Found for url: https://raw.githubusercontent.com/azadiazinjamigzare/Hiddify/main/Sub,False
2026-09-19 11:03:49,https://github.com/Amirinventor2010/warp,1,ok,,False
2026-09-19 11:03:49,https://clashgithub.com/clashnode-20250217.html?feed_id=480&amp;_unique_id=67b2463fc2e07,0,error,404 Client Error: Not Found for url: https://clashgithub.com/clashnode-20250217.html?feed_id=480&amp;_unique_id=67b2463fc2e07,False
2026-09-19 11:03:49,https://jkun.waimaosass.icu/api/v1/client/subscribe?token=c980af3a840aedbbd4d0262221e481ae,0,error,403 Client Error: Forbidden for url: https://jkun.waimaosass.icu/api/v1/client/subscribe?token=c980af3a840aedbbd4d0262221e481ae,False
2026-09-19 11:03:49,https://github.com/2dust/v2rayNG/releases/download/2.2.4/v2rayNG_2.2.4_universal.apk,0,ok,,False
2026-09-19 11:03:49,https://clashsub.org/fatcat-discount/,0,error,403 Client Error: Forbidden for url: https://clashsub.org/fatcat-discount/,False
2026-09-19 11:03:49,https://sub.speedest,0,error,"HTTPSConnectionPool(host='sub.speedest', port=443): Max retries exceeded with url: / (Caused by NameResolutionError(""HTTPSConnection(host='sub.speedest', port=443): Failed to resolve 'sub.speedest' ([Errno -2] Name or service not known)""))",False
2026-09-19 11:03:49,https://www.google.com/url?sa=t&amp;amp;source=web&amp;amp;rct=j&amp;amp;opi=89978449&amp;amp;url=https://github.com/2dust/v2rayNG/releases/download/1.8.5/v2rayNG_1.8.5.apk&amp;amp;ved=2ahUKEwik3ovrq7-DAxVPHRAIHf-DCBUQFnoECAwQAQ&amp;amp;usg=AOvVaw261Wrtve0DkUC50wG2D8NL,0,ok,,False
2026-09-19 11:03:49,https://raw.githubusercontent.com/mahsanet/MahsaFreeConfig/main/mtn/sub_3.txt,0,ok,,False
2026-09-19 11:03:49,http://36.133.43.24:8081/sub/api/subscribe?token=27d032a522be7f13b084de12080cc4a0,14,ok,,False
2026-09-19 11:03:49,https://github.com/2dust/v2rayNG/releases/download/1.8.15/v2rayNG_1.8.15_armeabi-v7a.apk,0,ok,,False
2026-09-19 11:03:49,https://github.com/MatsuriDayo/nekoray/releases/download/3.26/nekoray-3.26-2023-12-09-linux64.zip,0,ok,,False
2026-09-19 11:03:49,https://shz.al/W5e4,0,error,404 Client Error: Not Found for url: https://shz.al/W5e4,False
2026-09-19 11:03:49,http://sub2.127665.xyz/s/37442697d1092ed5ececa7609f851afe,0,error,"HTTPConnectionPool(host='sub2.127665.xyz', port=80): Max retries exceeded with url: /s/37442697d1092ed5ececa7609f851afe (Caused by NameResolutionError(""HTTPConnection(host='sub2.127665.xyz', port=80): Failed to resolve 'sub2.127665.xyz' ([Errno -2] Name or service not known)""))",False
2026-09-19 11:03:49,https://cdn4.telesco.pe/file/sQG1wAWU9F1eub2kE0EH8qIt_giUI4_5kvRqEIOyBeuVC98bxZD_HUyPic369vdsVo8IAolX12gtDrVoIsAxOvXKnuCxPfRE9-Xb68FEIK_ncSHaJbEUyeeNyIhdtCuuflcwMufz8KHWkO2SIs4KBLN0ja4csubkKMZIY-FJssSPrA58o6kuMxF-A3rKV9-Xw_DuxaidVV7AZ-IgfjLovNUPnjwGhBGGQ538J_srJzP5MiAglE1ivSLwYFlXs51-BlR_hwSQQ-faP4HyhFUHFVZW30AvfRFaFz32hShDPN71s18lQegOHvvAmaK0iVUM2_aAJqrElLBVMoEDKdwOPg.jpg,0,skipped,noise url,True
2026-09-19 11:03:49,https://github.com/hiddify/hiddify-next/releases/latest/download/Hiddify-Android-universal.apk,0,ok,,False
2026-09-19 11:03:49,https://subs.younger.eu.org/,0,error,"HTTPSConnectionPool(host='subs.younger.eu.org', port=443): Max retries exceeded with url: / (Caused by NameResolutionError(""HTTPSConnection(host='subs.younger.eu.org', port=443): Failed to resolve 'subs.younger.eu.org' ([Errno -2] Name or service not known)""))",False
2026-09-19 11:03:49,https://punkpaste.ir/f/MahsaNG-16-28lq59,0,error,"HTTPSConnectionPool(host='punkpaste.ir', port=443): Max retries exceeded with url: /f/MahsaNG-16-28lq59 (Caused by NameResolutionError(""HTTPSConnection(host='punkpaste.ir', port=443): Failed to resolve 'punkpaste.ir' ([Errno -2] Name or service not known)""))",False
2026-09-19 11:03:49,https://clashgithub.com/clashnode-20250226.html?feed_id=491&amp;_unique_id=67be23ce0e859,0,error,404 Client Error: Not Found for url: https://clashgithub.com/clashnode-20250226.html?feed_id=491&amp;_unique_id=67be23ce0e859,False
2026-09-19 11:03:49,https://github.com/0KABE/ConfConvertor/tree/master,0,ok,,False
2026-09-19 11:03:49,https://www.pkqcloud.com/link/RHowYHWRWsmHJA2P?clash=1,0,ok,,False
2026-09-19 11:03:49,https://github.com/MatsuriDayo/nekoray/releases/download/3.23/nekoray-3.23-2023-10-14-windows64.zip,0,ok,,False
2026-09-19 11:03:49,https://github.com/kingwrcy/moments,0,ok,,False
2026-09-19 11:03:49,https://clashsub.org/why-airport-ip-is-dirty,0,error,403 Client Error: Forbidden for url: https://clashsub.org/why-airport-ip-is-dirty,False
2026-09-19 11:03:49,https://xship.2fa.cat/v1/subscribe?starlink=kcrJFGG_1j8a0tWbVtUL2rIc#AV,0,ok,,False
2026-09-19 11:03:49,https://raw.githubusercontent.com/Paimonhub/Nodpai/main/docs/multi-isp.md,0,ok,,False
2026-09-19 11:03:49,https://github.com/2dust/v2rayNG/releases/download/1.8.5/v2rayNG_1.8.5.apk,0,ok,,False
2026-09-19 11:03:49,https://github.com/SagerNet/sing-box/releases/tag/v1.12.18,0,ok,,False
2026-09-19 11:03:49,https://github.com/WhiteDNS/WhiteAesther/releases/latest,0,ok,,False
2026-09-19 11:03:49,https://ktmcloud.pro/api/v1/client/subscribe?token=dbc7212a88e41556dbf7b0b9ce7ee5fc,0,error,403 Client Error: Forbidden for url: https://ktmcloud.pro/api/v1/client/subscribe?token=dbc7212a88e41556dbf7b0b9ce7ee5fc,False
2026-09-19 11:03:49,https://github.com/2dust/v2rayN/releases/tag/6.28,0,ok,,False
2026-09-19 11:03:49,https://sub.xn--mesv7f5toqlp.com/api/v1/client/subscribe?token=bfbfdc03d690d4f5b90d0a0f9827631c,0,error,404 Client Error: Not Found for url: https://sub.xn--mesv7f5toqlp.com/api/v1/client/subscribe?token=bfbfdc03d690d4f5b90d0a0f9827631c,False
2026-09-19 11:03:49,https://app.sublink.works/x/nSI5G6i,23,ok,,False
2026-09-19 11:03:49,https://sub.xn--4gqp1u.com/api/v1/client/subscribe?token=0ef2b15705e5fb6133987be061fbafdb,0,error,"HTTPSConnectionPool(host='sub.xn--4gqp1u.com', port=443): Max retries exceeded with url: /api/v1/client/subscribe?token=0ef2b15705e5fb6133987be061fbafdb (Caused by NameResolutionError(""HTTPSConnection(host='sub.xn--4gqp1u.com', port=443): Failed to resolve 'sub.xn--4gqp1u.com' ([Errno -2] Name or service not known)""))",False
2026-09-19 11:03:49,https://github.com/MatsuriDayo/nekoray/releases/download/2.20/nekoray-2.20-2023-03-25-windows64.zip,0,ok,,False
2026-09-19 11:03:49,https://clashgithub.com/netflix-cookies-2025-02-13-221131.html?feed_id=469&amp;_unique_id=67adfda82fe3a,0,error,404 Client Error: Not Found for url: https://clashgithub.com/netflix-cookies-2025-02-13-221131.html?feed_id=469&amp;_unique_id=67adfda82fe3a,False
2026-09-19 11:03:49,https://vmess.fxxk.dedyn.io/sub?cc=BBs7&amp;host=serv00s07.wangdaju.pp.ua&amp;uuid=d36c4d9f-31c4-45f1-8c64-102a6142001e&amp;path=/vmess?ed&amp;alterid=0&amp;security=auto,0,error,400 Client Error: Bad Request for url: https://vmess.fxxk.dedyn.io/sub?cc=BBs7&amp;host=serv00s07.wangdaju.pp.ua&amp;uuid=d36c4d9f-31c4-45f1-8c64-102a6142001e&amp;path=/vmess?ed&amp;alterid=0&amp;security=auto,False
2026-09-19 11:03:49,https://am250719.xyjzz02.dpdns.org/b39a6053-f2a1-4361-8428-2a29e8ff9c6c?sub,0,error,429 Client Error: Too Many Requests for url: https://am250719.xyjzz02.dpdns.org/b39a6053-f2a1-4361-8428-2a29e8ff9c6c?sub,False
2026-09-19 11:03:49,https://github.com/0xRadikal/IRon-Gate,0,ok,,False
2026-09-19 11:03:49,https://cdn4.telesco.pe/file/oPmTxUJk4xyJWhkPO9As5xIjSz4uD4-8v9WtVDOHhY1Ch8F1lN50kELb5CnC_398_5ncVOJXrCBsubEnHwIgkmrXFo5-uRrJwtLBiaX5XrXFR_il0O-2IJ-HIlUhfSYhcUCakvx7DTznwWJ3-TFzH8a06SJfDBXRGvVwCNVoj0_zsR4aAEhFl8wfp8TNDKktoVXuoY7il_NBdY_RiiprAEPyMCS_uij8GIDuHk935AZzXO7D1LehiH0vmylqFSWni0fczbNjA5KMpDgfNm6U3Rg56n8jusnJSiXcUQsPC21chdPYnSbqIy1swTNVOsTpwlXKjqs1bdXbtL6NDOeR0w.jpg,0,skipped,noise url,True
2026-09-19 11:03:49,https://ran.qhrgobull.fun/api/v1/client/subscribe?token=06be006111bda9b886bb4d57ac2cd9a1#AV,0,ok,,False
2026-09-19 11:03:49,https://github.com/hiddify/hiddify-next/releases/download/v0.16.16.dev/Hiddify-Android-universal.apk,0,ok,,False
2026-09-19 11:03:49,https://github.com/nonbili/NouTube,0,ok,,False
2026-09-19 11:03:49,https://raw.githubusercontent.com/TaJirax/CottenRouter/main/docs/releases/v1.2.13.md,0,ok,,False
2026-09-19 11:03:49,http://github.com/zn0wii/satelite-proxy/releases,0,ok,,False
2026-09-19 11:03:49,https://s3.vipshopnew.shop:3234/sub/djMsMzgwMjIsMTc4NjY1OTEzNA.9e-DoeNlHGDXobV_3cHwXAegU9FnQpB-orfExTVbVeo,1,ok,,False
2026-09-19 11:03:49,https://raw.githubusercontent.com/Kamyar19/configMs/main/sub22.txt,97,ok,,False
2026-09-19 11:03:49,https://raw.githubusercontent.com/eliv2-hub/ELiV2-RAY/refs/heads/main/Channel_ELiV2_Ray.txt,13,ok,,False
2026-09-19 11:03:49,https://dy.588511.xyz/api/v1/client/subscribe?token=8c9b3b55a8a5f010f7c943405e984aaa,0,error,"HTTPSConnectionPool(host='dy.588511.xyz', port=443): Max retries exceeded with url: /api/v1/client/subscribe?token=8c9b3b55a8a5f010f7c943405e984aaa (Caused by ConnectTimeoutError(<HTTPSConnection(host='dy.588511.xyz', port=443) at 0x7efc607cee70>, 'Connection to dy.588511.xyz timed out. (connect timeout=25)'))",False
2026-09-19 11:03:49,https://www.360vpn.org/api/v1/client/subscribe?token=911dd116273f0e76db9ea247bba5138c,0,error,"HTTPSConnectionPool(host='www.360vpn.org', port=443): Max retries exceeded with url: /api/v1/client/subscribe?token=911dd116273f0e76db9ea247bba5138c (Caused by NameResolutionError(""HTTPSConnection(host='www.360vpn.org', port=443): Failed to resolve 'www.360vpn.org' ([Errno -2] Name or service not known)""))",False
2026-09-19 11:03:49,https://github.com/UnboundTechCo/defyxVPN/releases/download/v5.9.0/DefyxVPN-Windows-Portable-x64.zip,0,ok,,False
2026-09-19 11:03:49,https://clashsub.org/how-about-ikuuu-vpn,0,error,403 Client Error: Forbidden for url: https://clashsub.org/how-about-ikuuu-vpn,False
2026-09-19 11:03:49,https://weekly.pythoncat.top/zh/#subscribe-afdian,0,error,403 Client Error: Forbidden for url: https://weekly.pythoncat.top/zh/#subscribe-afdian,False
2026-09-19 11:03:49,https://clashsub.org/what-is-anytls/,0,error,403 Client Error: Forbidden for url: https://clashsub.org/what-is-anytls/,False
2026-09-19 11:03:49,https://app.sublink.works/x/VzAPOUe,11,ok,,False
2026-09-19 11:03:49,https://shz.al/SMn2,0,error,404 Client Error: Not Found for url: https://shz.al/SMn2,False
2026-09-19 11:03:49,https://jsjc.cfd/api/v1/client/subscribe?token=06a911477d3b0db499f510c7e72d4840,1,ok,,False
2026-09-19 11:03:49,https://sub.free.n125.xyz/sub,0,error,"HTTPSConnectionPool(host='sub.free.n125.xyz', port=443): Max retries exceeded with url: /sub (Caused by NameResolutionError(""HTTPSConnection(host='sub.free.n125.xyz', port=443): Failed to resolve 'sub.free.n125.xyz' ([Errno -2] Name or service not known)""))",False
2026-09-19 11:03:49,https://hsy.zcamaf.com/api/v1/client/subscribe?token=e74fc421853933a2071020b196a80176#6T,0,error,"HTTPSConnectionPool(host='hsy.zcamaf.com', port=443): Max retries exceeded with url: /api/v1/client/subscribe?token=e74fc421853933a2071020b196a80176 (Caused by SSLError(SSLError(1, '[SSL: SSLV3_ALERT_HANDSHAKE_FAILURE] sslv3 alert handshake failure (_ssl.c:1010)')))",False
2026-09-19 11:03:49,https://github.com/2dust/v2rayNG/releases/download/2.3.8/v2rayNG_2.3.8_armeabi-v7a.apk,0,ok,,False
2026-09-19 11:03:49,https://net-azad1.ali2far.workers.dev/sync?sub=ViP,0,error,500 Server Error: Internal Server Error for url: https://net-azad1.ali2far.workers.dev/sync?sub=ViP,False
2026-09-19 11:03:49,https://github.com/xtgm/TGUnbanBot-Plus,0,ok,,False
2026-09-19 11:03:49,https://www.flyintpro05.com/api/v1/client/subscribe?token=62be89e4bc828cdfd0c62bfb44746312,0,error,403 Client Error: Forbidden for url: https://www.flyintpro05.com/api/v1/client/subscribe?token=62be89e4bc828cdfd0c62bfb44746312,False
2026-09-19 11:03:49,https://github.com/MatsuriDayo/nekoray/releases/download/3.7/nekoray-3.7-2023-06-05-windows64.zip,0,ok,,False
2026-09-19 11:03:49,https://github.com/adm1nSQL/ddns_push,0,error,404 Client Error: Not Found for url: https://github.com/adm1nSQL/ddns_push,False
2026-09-19 11:03:49,https://github.com/Asterisk4Magisk/AsteriskBOX/releases/tag/v1.1.9,0,ok,,False
2026-09-19 11:03:49,https://sub3.smallstrawberry.com/api/v1/client/subscribe?token=7229d85aecbb29642e3b00c395efd561,0,error,403 Client Error: Forbidden for url: https://sub3.smallstrawberry.com/api/v1/client/subscribe?token=7229d85aecbb29642e3b00c395efd561,False
2026-09-19 11:03:49,https://raw.githubusercontent.com/adm1nSQL/NodeHealth/main/README.md,0,ok,,False
2026-09-19 11:03:49,https://onlysub.mjurl.com/api/v1/client/subscribe?token=6dbf0b92279e3ca9448b883496d8870f,0,ok,,False
2026-09-19 11:03:49,http://github.com/Begzar/BegzarApp/releases/latest,0,ok,,False
2026-09-19 11:03:49,https://clashsub.org/peiqianjichang-duanwujie-discount/,0,error,403 Client Error: Forbidden for url: https://clashsub.org/peiqianjichang-duanwujie-discount/,False
2026-09-19 11:03:49,https://github.com/suversal/apple-store-inventory-monitor/releases,0,ok,,False
2026-09-19 11:03:49,http://pastehub.ir/,0,ok,,False
2026-09-19 11:03:49,https://knjc.cfd/api/v1/client/subscribe?token=136a9b549bc24d8f2a68fb9bd3b893e4,0,skipped,,True
2026-09-19 11:03:49,https://raw.githubusercontent.com/free-nodes/v2rayfree/main/sub,1610,ok,,False
2026-09-19 11:03:49,https://service-avmn443l-1312645837.sh.apigw.tencentcs.com/api/v1/client/subscribe?token=d1d3c683c469abfe5a0d7d4ec92903d0,0,error,"HTTPSConnectionPool(host='service-avmn443l-1312645837.sh.apigw.tencentcs.com', port=443): Max retries exceeded with url: /api/v1/client/subscribe?token=d1d3c683c469abfe5a0d7d4ec92903d0 (Caused by SSLError(SSLError(1, '[SSL: TLSV1_ALERT_INTERNAL_ERROR] tlsv1 alert internal error (_ssl.c:1010)')))",False
2026-09-19 11:03:49,https://sub.xn--4gq62ffxz.net/api/v1/client/subscribe?token=795d342b0713836ef95e430ed524d3b7,0,error,"HTTPSConnectionPool(host='sub.xn--4gq62ffxz.net', port=443): Max retries exceeded with url: /api/v1/client/subscribe?token=795d342b0713836ef95e430ed524d3b7 (Caused by NameResolutionError(""HTTPSConnection(host='sub.xn--4gq62ffxz.net', port=443): Failed to resolve 'sub.xn--4gq62ffxz.net' ([Errno -2] Name or service not known)""))",False
2026-09-19 11:03:49,https://cdn4.telesco.pe/file/dH_UkJN6PzZQli0cfyAqciSAR4a220dmzW3N_kCvVwduDlybhO48B6yLRzSkKxm3vio6M2wGkMMMs37rVRxLvtkXOF5oA53Ml85ipKJ0b4o1uQ2x1z3AqQTD66wMFSvY4FxVuMbBR22R8ZUXsA8yNfGx9qzOHOAV6GHrP9S5-jewVB_Hhhi5A1kVVbU07-5NKFLT1dKgUUsgWnyQNTAxcNG89iDM0gEMWwH-n0t7P-gCWpYT-LQLsWP0bitW11JfGBs_KdkIMfRC8SjJIhIJx0MvMEiRgrsub_UZO672jR7yoUxO__5zWX7t92NtpezHyV1ERiErwZXeX2WuENCs7Q.jpg,0,skipped,noise url,True
2026-09-19 11:03:49,https://raw.githubusercontent.com/AlienVPN402/SFA-Config-Servers/main/index.html,0,ok,,False
2026-09-19 11:03:49,https://github.com/wgtunnel/android/releases/tag/5.7.2,0,ok,,False
2026-09-19 11:03:49,https://github.com/hiddify/hiddify-app/releases/latest/download/Hiddify-Windows-Setup-x64.Msix,0,error,404 Client Error: Not Found for url: https://github.com/hiddify/hiddify-app/releases/download/v4.1.1/Hiddify-Windows-Setup-x64.Msix,False
2026-09-19 11:03:49,https://github.com/mifi/lossless-cut/releases,0,ok,,False
2026-09-19 11:03:49,https://shz.al/EYB5,0,error,404 Client Error: Not Found for url: https://shz.al/EYB5,False
2026-09-19 11:03:49,https://mojie.app/api/v1/client/subscribe?token=d7ab24ce4eec70b4ea969c488bd9491e,0,error,403 Client Error: Forbidden for url: https://mojie.app/api/v1/client/subscribe?token=d7ab24ce4eec70b4ea969c488bd9491e,False
2026-09-19 11:03:49,https://neolink.nkkc.one/api/v1/client/subscribe?token=0ec8fa1dce2d03072a8ec2a36b79ec1c,0,error,"HTTPSConnectionPool(host='neolink.nkkc.one', port=443): Max retries exceeded with url: /api/v1/client/subscribe?token=0ec8fa1dce2d03072a8ec2a36b79ec1c (Caused by NameResolutionError(""HTTPSConnection(host='neolink.nkkc.one', port=443): Failed to resolve 'neolink.nkkc.one' ([Errno -2] Name or service not known)""))",False
2026-09-19 11:03:49,https://test.test1390.workers.dev/sync?sub=%40Free_config99,0,error,403 Client Error: Forbidden for url: https://test.test1390.workers.dev/sync?sub=%40Free_config99,False
2026-09-19 11:03:49,https://clashsub.org/resolve-chrome-dangerous-warning,0,error,403 Client Error: Forbidden for url: https://clashsub.org/resolve-chrome-dangerous-warning,False
2026-09-19 11:03:49,https://github.com/0KABE/ConfConvertor,0,ok,,False
2026-09-19 11:03:49,https://clashsub.org/naiyun-618/,0,error,403 Client Error: Forbidden for url: https://clashsub.org/naiyun-618/,False
2026-09-19 11:03:49,https://github.com/WhiteDNS/WhiteAestherMobile/releases/latest,0,ok,,False
2026-09-19 11:03:49,https://github.com/2dust/v2rayN/releases/download/6.31/zz_v2rayN-With-Core-SelfContained.7z,0,ok,,False
2026-09-19 11:03:49,https://github.com/2dust/v2rayNG/releases/download/2.2.5/v2rayNG_2.2.5_universal.apk,0,ok,,False
2026-09-19 11:03:49,https://github.com/Asterisk4Magisk/AsteriskMETA/releases/tag/v1.2.7,0,ok,,False
2026-09-19 11:03:49,https://fanhua.qeayr.cn/api/v1/client/subscribe?token=488af28f90b9222ce5c66620dab9fc42,0,error,"HTTPSConnectionPool(host='fanhua.qeayr.cn', port=443): Max retries exceeded with url: /api/v1/client/subscribe?token=488af28f90b9222ce5c66620dab9fc42 (Caused by ConnectTimeoutError(<HTTPSConnection(host='fanhua.qeayr.cn', port=443) at 0x7efc785198e0>, 'Connection to fanhua.qeayr.cn timed out. (connect timeout=25)'))",False
2026-09-19 11:03:49,https://ktm001.top/api/v1/client/subscribe?token=bbe0986ab831f1e21c3f02d79476c6de,0,error,403 Client Error: Forbidden for url: https://ktm001.top/api/v1/client/subscribe?token=bbe0986ab831f1e21c3f02d79476c6de,False
2026-09-19 11:03:49,https://clashsub.org/how-about-jinglingxueyuan-jichang,0,error,403 Client Error: Forbidden for url: https://clashsub.org/how-about-jinglingxueyuan-jichang,False
2026-09-19 11:03:49,https://github.com/hiddify/hiddify-next/releases/download/v0.16.16.dev/Hiddify-Windows-Setup-x64.exe,0,ok,,False
2026-09-19 11:03:49,https://github.com/KaringX/karing/releases/download/v1.2.26.2900/karing_1.2.26.2900_android_arm.apk,0,ok,,False
2026-09-19 11:03:49,https://github.com/GFW-knocker/MahsaNG/releases/latest,0,ok,,False
2026-09-19 11:03:49,https://paste.ee/d/2rrTx,0,error,404 Client Error: Not Found for url: https://paste.ee/d/2rrTx,False
2026-09-19 11:03:49,https://github.com/patterniha/PattNG/releases/download/2.3.5-P30/PattNG_2.3.5-P30_armeabi-v7a.apk,0,error,404 Client Error: Not Found for url: https://github.com/patterniha/PattNG/releases/download/2.3.5-P30/PattNG_2.3.5-P30_armeabi-v7a.apk,False
2026-09-19 11:03:49,https://h.bbydy.org/api/v1/client/subscribe?token=a826101e3f9392d2dd7607ab8fe65456,0,error,404 Client Error: Not Found for url: https://h.bbydy.org/api/v1/client/subscribe?token=a826101e3f9392d2dd7607ab8fe65456,False
2026-09-19 11:03:49,https://github.com/2dust/v2rayN/releases/download/6.23/v2rayN-With-Core.zip,0,ok,,False
2026-09-19 11:03:49,https://github.com/ente/ente/releases/download/locker-v1.0.8/ente-locker-v1.0.8.apk,0,ok,,False
2026-09-19 11:03:49,https://clashsub.org/enet-discount-comming,0,error,403 Client Error: Forbidden for url: https://clashsub.org/enet-discount-comming,False
2026-09-19 11:03:49,https://github.com/jonocodes/savr/releases/download/v0.2.0/app-release.apk,0,ok,,False
2026-09-19 11:03:49,https://github.com/hiddify/hiddify-app/releases/latest/download/Hiddify-Android-universal.apk,0,ok,,False
2026-09-19 11:03:49,https://sub.speedest.org/sub/,0,error,404 Client Error: Not Found for url: https://sub.speedest.org/sub/,False
2026-09-19 11:03:49,https://clashsub.org/why-airport-ip-is-dirty/,0,error,403 Client Error: Forbidden for url: https://clashsub.org/why-airport-ip-is-dirty/,False
2026-09-19 11:03:49,https://sub1.gsafevpn.com/957baaca8fc/ce036c959eb30960f15a51d979511d44,4,ok,,False
2026-09-19 11:03:49,https://github.com/2dust/v2rayNG/releases/download/1.10.32/v2rayNG_1.10.32_arm64-v8a.apk,0,ok,,False
2026-09-19 11:03:49,https://github.com/DanMcInerney/dnsspoof,0,ok,,False
2026-09-19 11:03:49,https://github.com/AlienVPN402,0,ok,,False
2026-09-19 11:03:49,https://github.com/WhiteDNS/WhiteDNS-Desktop/releases,0,ok,,False
2026-09-19 11:03:49,https://connliberty.com/connection/subs/0a31a7ea-568f-453a-9a00-f6b929b7b9c0,0,ok,,False
2026-09-19 11:03:49,https://sub.bestbestbest.sbs/subbest/mi/6543e415278dd2379868ab6c99737362,0,error,"HTTPSConnectionPool(host='sub.bestbestbest.sbs', port=443): Max retries exceeded with url: /subbest/mi/6543e415278dd2379868ab6c99737362 (Caused by NameResolutionError(""HTTPSConnection(host='sub.bestbestbest.sbs', port=443): Failed to resolve 'sub.bestbestbest.sbs' ([Errno -2] Name or service not known)""))",False
2026-09-19 11:03:49,https://github.com/ryanstephen/lil-agents,0,ok,,False
2026-09-19 11:03:49,https://clashsub.org/what-is-emby,0,error,403 Client Error: Forbidden for url: https://clashsub.org/what-is-emby,False
2026-09-19 11:03:49,https://translate.google.com/?sl=en&amp;amp;tl=fa&amp;amp;text=%23Alert%20%E2%9A%A0%EF%B8%8F%0A%0ADear%20Users%2C%0AHello%0A%0AWe%20hope%20you%20are%20having%20a%20great%20day.%0A%0AUnfortunately%2C%20we%20encounter%20cases%20daily%20where%20users%20report%20that%20they%20have%20paid%20money%20to%20unknown%20and%20unrelated%20individuals%20for%20subscriptions%20or%20premium%20services.%0A%0AWe%20have%20repeatedly%20stated%20that%20we%20do%20not%20have%20any%20sales%20representatives%20in%20any%20country.%20Please%20be%20aware%20that%20none%20of%20our%20managers%20or%20experts%20will%20initiate%20a%20conversation%20with%20you%20or%20send%20you%20a%20message.%20If%20someone%20contacts%20you%20and%20claims%20to%20be%20a%20representative%20of%20Outline%20or%20v2Line%2C%20please%20be%20assured%20that%20they%20are%20scammers&amp;#33;%20Block%20and%20report%20them%20immediately.%0A%0AAs%20the%20first%20independent%20and%20volunteer-based%20Outline%20community%2C%20we%20offer%20all%20our%20paid%20and%20premium%20services%20exclusively%20through%20the%20bot%20%40OutlineVpnBot%2C%20and%20there%20are%20no%20other%20bots%20or%20accounts%20for%20buying%20and%20selling.%0A%0AThe%20only%20official%20support%20account%20is%20%40OutlineSupportTeam%2C%20and%20there%20are%20no%20other%20valid%20IDs.%0A%0APlease%20exercise%20caution%20and%20avoid%20making%20any%20payments%20to%20individuals%20who%20claim%20to%20be%20our%20representatives.%0A%0ARespectfully%2C%0AOutline%20Network%20Support%20Team%0Ahttps%3A%2F%2Ft.me%2FOutlineVpnBot&amp;amp;op=translate,0,ok,,False
2026-09-19 11:03:49,https://raw.githubusercontent.com/iProxyChannel/v2ray-server/refs/heads/main/fast_servers.txt#iProxyChannel,908,ok,,False
2026-09-19 11:03:49,https://cf-workers-sub-9s8.pages.dev/CSDN,0,error,"HTTPSConnectionPool(host='cf-workers-sub-9s8.pages.dev', port=443): Max retries exceeded with url: /CSDN (Caused by NameResolutionError(""HTTPSConnection(host='cf-workers-sub-9s8.pages.dev', port=443): Failed to resolve 'cf-workers-sub-9s8.pages.dev' ([Errno -2] Name or service not known)""))",False
2026-09-19 11:03:49,https://github.com/Delta-Kronecker/TorJet/releases,0,ok,,False
2026-09-19 11:03:49,https://github.com/chen08209/FlClash/actions/runs/33993335092,0,ok,,False
2026-09-19 11:03:49,https://github.com/2dust/v2rayN/releases/download/7.2.3/v2rayN-windows-64-SelfContained.zip,0,ok,,False
2026-09-19 11:03:49,https://paste.ee/d/mdjo5,0,error,404 Client Error: Not Found for url: https://paste.ee/d/mdjo5,False
2026-09-19 11:03:49,https://clashsub.org/jifengyun-618-discount,0,error,403 Client Error: Forbidden for url: https://clashsub.org/jifengyun-618-discount,False
2026-09-19 11:03:49,https://sub.xn--4gq62ffxz.net/s/088830606099f4e4e7977b0a231d9b5f,0,error,"HTTPSConnectionPool(host='sub.xn--4gq62ffxz.net', port=443): Max retries exceeded with url: /s/088830606099f4e4e7977b0a231d9b5f (Caused by NameResolutionError(""HTTPSConnection(host='sub.xn--4gq62ffxz.net', port=443): Failed to resolve 'sub.xn--4gq62ffxz.net' ([Errno -2] Name or service not known)""))",False
2026-09-19 11:03:49,http://dy.changyouVPN.top/api/v1/client/subscribe?token=2d4a161571330be113d2710100caa913,0,error,"HTTPConnectionPool(host='dy.changyouvpn.top', port=80): Max retries exceeded with url: /api/v1/client/subscribe?token=2d4a161571330be113d2710100caa913 (Caused by NameResolutionError(""HTTPConnection(host='dy.changyouvpn.top', port=80): Failed to resolve 'dy.changyouvpn.top' ([Errno -2] Name or service not known)""))",False
2026-09-19 11:03:49,https://github.com/wgtunnel/android/releases/download/5.7.2/wgtunnel-standalone-v5.7.2-arm64.apk,0,ok,,False
2026-09-19 11:03:49,https://github.com/hiddify/Hiddify-Manager/wiki/%D8%A2%D9%85%D9%88%D8%B2%D8%B4-%DA%A9%D8%A7%D8%B1-%D8%A8%D8%A7-%D9%86%D8%B1%D9%85%E2%80%8C%D8%A7%D9%81%D8%B2%D8%A7%D8%B1-Streisand,0,ok,,False
2026-09-19 11:03:49,https://raw.githubusercontent.com/mahsanet/MahsaFreeConfig/main/mci/sub_3.txt,0,ok,,False
2026-09-19 11:03:49,https://app.sublink.works/x/ZAm1j7B,99,ok,,False
2026-09-19 11:03:49,https://sub1.gsafevpn.com/957baaca8fc/ce036c959eb30960f15a51d979511d44?flag=clash#TG,1,ok,,False
2026-09-19 11:03:49,https://ktmcloud.win/api/v1/client/subscribe?token=6cfe554688535072493d258ec2346c31,0,ok,,False
2026-09-19 11:03:49,https://www.xjpcanfly.shop/sub/2aea304000150b6b2e7cd7ed2a6b3a4a,0,error,"HTTPSConnectionPool(host='www.xjpcanfly.shop', port=443): Max retries exceeded with url: /sub/2aea304000150b6b2e7cd7ed2a6b3a4a (Caused by SSLError(SSLCertVerificationError(1, '[SSL: CERTIFICATE_VERIFY_FAILED] certificate verify failed: unable to get local issuer certificate (_ssl.c:1010)')))",False
2026-09-19 11:03:49,https://raw.githubusercontent.com/patterniha/Free-Configs/main/configs.txt,83,ok,,False
2026-09-19 11:03:49,https://github.com/chen08209/FlClash/releases/,0,ok,,False
2026-09-19 11:03:49,https://github.com/Happ-proxy/happ-android/releases/download/4.4.1/Happ.apk,0,ok,,False
2026-09-19 11:03:49,https://github.com/jcpsimmons/jev-model-router-demo,0,ok,,False
2026-09-19 11:03:49,https://freesocks.org/api/v1/sub/7f344f418a3739db8170d3a1daab0e35#https://www.xjpcanfly.shop/sub/2aea304000150b6b2e7cd7ed2a6b3a4a,1,ok,,False
2026-09-19 11:03:49,https://github.com/KaringX/karing/releases/download/v1.2.26.2900/karing_1.2.26.2900_windows_x64.exe,0,ok,,False
2026-09-19 11:03:49,https://www.youtube.com/channel/UCi8Xr-ohNcOboiuTCk_Kx1g?sub_confirmation=1,0,ok,,False
2026-09-19 11:03:49,https://github.com/throneproj/Throne/releases/tag/1.3.0,0,ok,,False
2026-09-19 11:03:49,https://github.com/amnezia-vpn/amnezia-client/releases/tag/5.0.3.0,0,ok,,False
2026-09-19 11:03:49,https://23.172.40.108:2096/sub/5sr6dq9pugosj8g2,1,ok,,False
2026-09-19 11:03:49,https://onlysub.mjurl.com/api/v1/client/subscribe?token=e2fcc87633358515fbace9aab9f1cdad,0,error,403 Client Error: Forbidden for url: https://onlysub.mjurl.com/api/v1/client/subscribe?token=e2fcc87633358515fbace9aab9f1cdad,False
2026-09-19 11:03:49,https://github.com/hiddify/hiddify-next,0,ok,,False
2026-09-19 11:03:49,https://rgergergergerg6555.saojc.xyz/api/v1/client/subscribe?token=750810736ea0883ffd61f1b1c416b885,0,error,"HTTPSConnectionPool(host='rgergergergerg6555.saojc.xyz', port=443): Max retries exceeded with url: /api/v1/client/subscribe?token=750810736ea0883ffd61f1b1c416b885 (Caused by NameResolutionError(""HTTPSConnection(host='rgergergergerg6555.saojc.xyz', port=443): Failed to resolve 'rgergergergerg6555.saojc.xyz' ([Errno -2] Name or service not known)""))",False
2026-09-19 11:03:49,https://sub.mdmionline.ir,0,ok,,False
2026-09-19 11:03:49,https://github.com/2dust/v2rayN/releases/download/6.33/v2rayN.zip,0,ok,,False
2026-09-19 11:03:49,https://github.com/2dust/v2rayNG/releases/tag/2.3.7,0,ok,,False
2026-09-19 11:03:49,https://github.com/bepass-org/oblivion/releases/tag/v8,0,ok,,False
2026-09-19 11:03:49,https://sub.sanfen018.xyz/api/v1/client/subscribe?token=345e0fd313f9ef93b0ff8476fe54b4cd&amp;flag=clash,0,error,"HTTPSConnectionPool(host='sub.sanfen018.xyz', port=443): Max retries exceeded with url: /api/v1/client/subscribe?token=345e0fd313f9ef93b0ff8476fe54b4cd&amp;flag=clash (Caused by NameResolutionError(""HTTPSConnection(host='sub.sanfen018.xyz', port=443): Failed to resolve 'sub.sanfen018.xyz' ([Errno -2] Name or service not known)""))",False
2026-09-19 11:03:49,https://wws.s2fjeyeeyafe.bond/api/v1/client/subscribe?token=a4bb2d2a253a62b0a105b92ee4aa8e18&amp;amp;flag=meta,0,error,"HTTPSConnectionPool(host='wws.s2fjeyeeyafe.bond', port=443): Max retries exceeded with url: /api/v1/client/subscribe?token=a4bb2d2a253a62b0a105b92ee4aa8e18&amp;amp;flag=meta (Caused by NameResolutionError(""HTTPSConnection(host='wws.s2fjeyeeyafe.bond', port=443): Failed to resolve 'wws.s2fjeyeeyafe.bond' ([Errno -2] Name or service not known)""))",False
2026-09-19 11:03:49,https://github.com/2dust/v2rayN/releases/tag/7.25.0,0,ok,,False
2026-09-19 11:03:49,https://ktmcloud.win/api/v1/client/subscribe?token=78f08be24102cbd8d15569ac96949813,0,error,403 Client Error: Forbidden for url: https://ktmcloud.win/api/v1/client/subscribe?token=78f08be24102cbd8d15569ac96949813,False
2026-09-19 11:03:49,https://github.com/hotseo123/jichangtizi-youhuima,0,ok,,False
2026-09-19 11:03:49,https://proxypool.dmit.dpdns.org/clash/proxies,0,error,"HTTPSConnectionPool(host='proxypool.dmit.dpdns.org', port=443): Max retries exceeded with url: /clash/proxies (Caused by NameResolutionError(""HTTPSConnection(host='proxypool.dmit.dpdns.org', port=443): Failed to resolve 'proxypool.dmit.dpdns.org' ([Errno -2] Name or service not known)""))",False
2026-09-19 11:03:49,https://shz.al/xQ22,8,ok,,False
2026-09-19 11:03:49,https://yz.yingzisub123123.com:30000/api/v1/client/subscribe?token=5d83d7587c69a9522b6003fa5934583c,0,error,403 Client Error: Forbidden for url: https://yz.yingzisub123123.com:30000/api/v1/client/subscribe?token=5d83d7587c69a9522b6003fa5934583c,False
2026-09-19 11:03:49,https://mcp.dpenly.org/api/v1/client/subscribe?token=568cd289d2e89cb763c021a193d30869,0,error,404 Client Error: Not Found for url: https://mcp.dpenly.org/api/v1/client/subscribe?token=568cd289d2e89cb763c021a193d30869,False
2026-09-19 11:03:49,https://github.com/2dust/v2rayNG/releases/download/2.2.3/v2rayNG_2.2.3_universal.apk,0,ok,,False
2026-09-19 11:03:49,https://s1.bnpublicsub.net/api/v1/client/subscribe?token=0317c12481de4a8e4d14a61c3a1d339d,0,error,403 Client Error: Forbidden for url: https://s1.bnpublicsub.net/api/v1/client/subscribe?token=0317c12481de4a8e4d14a61c3a1d339d,False
2026-09-19 11:03:49,http://github.com/WhiteDNS/WhiteAestherMobile/releases/latest,0,ok,,False
2026-09-19 11:03:49,https://github.com/2dust/v2rayNG/releases/tag/2.3.2,0,ok,,False
2026-09-19 11:03:49,https://shz.al/fzAy,0,error,404 Client Error: Not Found for url: https://shz.al/fzAy,False
2026-09-19 11:03:49,https://clashgithub.com/,0,ok,,False
2026-09-19 11:03:49,http://github.com/dnstt-xyz/dnstt_xyz_app/releases,0,ok,,False
2026-09-19 11:03:49,https://github.com/patterniha/PattNG/releases/latest,0,ok,,False
2026-09-19 11:03:49,https://clashgithub.com/clashnode-20250215.html?feed_id=472&amp;_unique_id=67afa34b8abe4,0,error,404 Client Error: Not Found for url: https://clashgithub.com/clashnode-20250215.html?feed_id=472&amp;_unique_id=67afa34b8abe4,False
2026-09-19 11:03:49,https://ktmcloud.vip/api/v1/client/subscribe?token=af5f7c10dc21ed308cae342566a63ed8,0,error,403 Client Error: Forbidden for url: https://ktmcloud.vip/api/v1/client/subscribe?token=af5f7c10dc21ed308cae342566a63ed8,False
2026-09-19 11:03:49,https://sub.pai.yt/singbox,0,error,522 Server Error: <none> for url: https://sub.pai.yt/singbox,False
2026-09-19 11:03:49,https://github.com/2dust/v2rayNG/releases/download/1.9.22/v2rayNG_1.9.22_universal.apk,0,ok,,False
2026-09-19 11:03:49,https://github.com/2dust/v2rayNG/releases/download/1.9.32/v2rayNG_1.9.32_arm64-v8a.apk,0,ok,,False
2026-09-19 11:03:49,https://clashgithub.com/clashnode-20250225.html?feed_id=490&amp;_unique_id=67bcd22ec6b22,0,error,404 Client Error: Not Found for url: https://clashgithub.com/clashnode-20250225.html?feed_id=490&amp;_unique_id=67bcd22ec6b22,False
2026-09-19 11:03:49,https://clashsub.org/naiyun-jichang-paolule-ma,0,error,403 Client Error: Forbidden for url: https://clashsub.org/naiyun-jichang-paolule-ma,False
2026-09-19 11:03:49,https://cola.xn--chqu2nzsxv3y.com/api/v1/client/subscribe?token=84addb61c3a2639f5a2fa219771e6e9d,0,error,"HTTPSConnectionPool(host='cola.xn--chqu2nzsxv3y.com', port=443): Max retries exceeded with url: /api/v1/client/subscribe?token=84addb61c3a2639f5a2fa219771e6e9d (Caused by NameResolutionError(""HTTPSConnection(host='cola.xn--chqu2nzsxv3y.com', port=443): Failed to resolve 'cola.xn--chqu2nzsxv3y.com' ([Errno -2] Name or service not known)""))",False
2026-09-19 11:03:49,https://clashgithub.com/clashnode-20250218.html?feed_id=483&amp;_unique_id=67b397c999544,0,error,404 Client Error: Not Found for url: https://clashgithub.com/clashnode-20250218.html?feed_id=483&amp;_unique_id=67b397c999544,False
2026-09-19 11:03:49,http://net-azad1.ali2far.workers.dev/sync?sub=ViP,0,error,500 Server Error: Internal Server Error for url: http://net-azad1.ali2far.workers.dev/sync?sub=ViP,False
2026-09-19 11:03:49,https://github.com/2dust/v2rayN/releases/download/7.17.3/v2rayN-windows-64-desktop.zip,0,ok,,False
2026-09-19 11:03:49,https://clashsub.org/jichang-recommend-own-app,0,error,403 Client Error: Forbidden for url: https://clashsub.org/jichang-recommend-own-app,False
2026-09-19 11:03:49,https://shz.al/rjKm,0,error,404 Client Error: Not Found for url: https://shz.al/rjKm,False
2026-09-19 11:03:49,https://github.com/jonocodes/savr/,0,ok,,False
2026-09-19 11:03:49,http://sub1.127665.xyz/s/d31a1cdacc3559d3feb6f5f10f431d28,0,error,"HTTPConnectionPool(host='sub1.127665.xyz', port=80): Max retries exceeded with url: /s/d31a1cdacc3559d3feb6f5f10f431d28 (Caused by NameResolutionError(""HTTPConnection(host='sub1.127665.xyz', port=80): Failed to resolve 'sub1.127665.xyz' ([Errno -2] Name or service not known)""))",False
2026-09-19 11:03:49,https://clashsub.org/cyberguard-8-discount/,0,error,403 Client Error: Forbidden for url: https://clashsub.org/cyberguard-8-discount/,False
2026-09-19 11:03:49,https://github.com/bepass-org/oblivion/releases/latest,0,ok,,False
2026-09-19 11:03:49,https://github.com/openlibrecommunity/olcng/releases/tag/v4.2.1,0,ok,,False
2026-09-19 11:03:49,https://github.com/amnezia-vpn/amnezia-client/releases/download/5.0.0.5/AmneziaVPN_5.0.0.5_linux_x64.run,0,ok,,False
2026-09-19 11:03:49,https://github.com/unitreerobotics/unifolm-wla,0,ok,,False
2026-09-19 11:03:49,https://github.com/hiddify/hiddify-next/releases/latest,0,ok,,False
2026-09-19 11:03:49,https://svn.mobiletanaz.com:2053/sub/djMsMjA1MzczLDE3ODg0NTU1MDQ.1DJrXRtFvQGN36C3W4mEm1OkqOxT3oVRTswrMXFb9xc,0,error,403 Client Error: Forbidden for url: https://svn.mobiletanaz.com:2053/sub/djMsMjA1MzczLDE3ODg0NTU1MDQ.1DJrXRtFvQGN36C3W4mEm1OkqOxT3oVRTswrMXFb9xc,False
2026-09-19 11:03:49,https://github.com/2dust/v2rayNG/releases/download/2.3.3/v2rayNG_2.3.3_universal.apk,0,ok,,False
2026-09-19 11:03:49,https://github.com/xqy2006/ModelTrace,0,ok,,False
2026-09-19 11:03:49,https://subweb.datapipe.top,0,ok,,False
2026-09-19 11:03:49,http://dy.changyouVPN.top/api/v1/client/subscribe?token=92bb524fed594758d91477746169e3b2,0,error,"HTTPConnectionPool(host='dy.changyouvpn.top', port=80): Max retries exceeded with url: /api/v1/client/subscribe?token=92bb524fed594758d91477746169e3b2 (Caused by NameResolutionError(""HTTPConnection(host='dy.changyouvpn.top', port=80): Failed to resolve 'dy.changyouvpn.top' ([Errno -2] Name or service not known)""))",False
2026-09-19 11:03:49,https://sni.111000.dynv6.net/sub,0,error,"HTTPSConnectionPool(host='sni.111000.dynv6.net', port=443): Max retries exceeded with url: /sub (Caused by NameResolutionError(""HTTPSConnection(host='sni.111000.dynv6.net', port=443): Failed to resolve 'sni.111000.dynv6.net' ([Errno -2] Name or service not known)""))",False
2026-09-19 11:03:49,https://github.com/2dust/v2rayNG/releases/download/2.2.6/v2rayNG_2.2.6_arm64-v8a.apk,0,ok,,False
2026-09-19 11:03:49,https://www.820010.xyz/sub/ccdfb11eccea8eccdf536a8bbff45d7e#,9,ok,,False
2026-09-19 11:03:49,https://3x-ui-production-ca81.up.railway.app/sub/k1hik8tf2fg0zgng,0,error,404 Client Error: Not Found for url: https://3x-ui-production-ca81.up.railway.app/sub/k1hik8tf2fg0zgng,False
2026-09-19 11:03:49,http://github.com/WhiteDNS/WhiteVPN/releases/latest,0,ok,,False
2026-09-19 11:03:49,https://github.com/hiddify/hiddify-next/releases/download/v1.4.0/Hiddify-Windows-Setup-x64.exe,0,ok,,False
2026-09-19 11:03:49,https://clashgithub.com/clashnode-20250219.html?feed_id=484&amp;_unique_id=67b4e936301c3,0,error,404 Client Error: Not Found for url: https://clashgithub.com/clashnode-20250219.html?feed_id=484&amp;_unique_id=67b4e936301c3,False
2026-09-19 11:03:49,https://github.com/2dust/v2rayNg/releases,0,ok,,False
2026-09-19 11:03:49,https://github.com/0KABE/ConfConvertor/tree/master#filter,0,ok,,False
2026-09-19 11:03:49,https://clashsub.org/what-is-emby/,0,error,403 Client Error: Forbidden for url: https://clashsub.org/what-is-emby/,False
2026-09-19 11:03:49,https://raw.githubusercontent.com/soroushmirzaei/telegram-configs-collector/main/splitted/mixed,0,error,404 Client Error: Not Found for url: https://raw.githubusercontent.com/soroushmirzaei/telegram-configs-collector/main/splitted/mixed,False
2026-09-19 11:03:49,https://raw.githubusercontent.com/Kamyar19/configMs/main/sub21.txt,86,ok,,False
2026-09-19 11:03:49,https://github.com/adm1nSQL/NodeHealth,0,ok,,False
2026-09-19 11:03:49,https://clashgithub.com/netflix-cookies-2025-02-15-181827.html?feed_id=476&amp;_unique_id=67b06a2755906,0,error,404 Client Error: Not Found for url: https://clashgithub.com/netflix-cookies-2025-02-15-181827.html?feed_id=476&amp;_unique_id=67b06a2755906,False
2026-09-19 11:03:49,https://sub.cucloud.top/api/v1/client/subscribe?token=bca574c6eb51db98e9dc213a04911a19,0,error,"HTTPSConnectionPool(host='sub.cucloud.top', port=443): Max retries exceeded with url: /api/v1/client/subscribe?token=bca574c6eb51db98e9dc213a04911a19 (Caused by SSLError(SSLEOFError(8, '[SSL: UNEXPECTED_EOF_WHILE_READING] EOF occurred in violation of protocol (_ssl.c:1010)')))",False
2026-09-19 11:03:49,https://github.com/2dust/v2rayN/releases/download/7.24.9/v2rayN-windows-64.zip,0,ok,,False
2026-09-19 11:03:49,https://raw.githubusercontent.com/eliv2-hub/ELiV2-RAY/refs/heads/main/By_ELiV2.txt,0,ok,,False
2026-09-19 11:03:49,https://github.com/WhiteDNS/WhiteDNS-Android/releases/tag/1.6.0,0,ok,,False
2026-09-19 11:03:49,https://github.com/kharmanskyi/open-steps,0,ok,,False
2026-09-19 11:03:49,https://sub.xn--4gqp1u.com/api/v1/client/subscribe?token=292d67dab3b28cef1f9e680d3f1a00e6,0,error,"HTTPSConnectionPool(host='sub.xn--4gqp1u.com', port=443): Max retries exceeded with url: /api/v1/client/subscribe?token=292d67dab3b28cef1f9e680d3f1a00e6 (Caused by NameResolutionError(""HTTPSConnection(host='sub.xn--4gqp1u.com', port=443): Failed to resolve 'sub.xn--4gqp1u.com' ([Errno -2] Name or service not known)""))",False
2026-09-19 11:03:49,https://ogy.de/oneclickvpnkeys-free-sub,355,ok,,False
2026-09-19 11:03:49,https://youtube.com/channel/UCi8Xr-ohNcOboiuTCk_Kx1g?sub_confirmation=1,0,ok,,False
2026-09-19 11:03:49,https://mfvpn.fuchen.indevs.in/sub/3e96ef7d-8637-42c2-ac73-75182196e755,0,error,"HTTPSConnectionPool(host='mfvpn.fuchen.indevs.in', port=443): Max retries exceeded with url: /sub/3e96ef7d-8637-42c2-ac73-75182196e755 (Caused by NameResolutionError(""HTTPSConnection(host='mfvpn.fuchen.indevs.in', port=443): Failed to resolve 'mfvpn.fuchen.indevs.in' ([Errno -2] Name or service not known)""))",False
2026-09-19 11:03:49,http://github.com/,0,ok,,False
2026-09-19 11:03:49,https://shz.al/zZKZ,55,ok,,False
2026-09-19 11:03:49,https://github.com/hiddify/hiddify-next/releases/download/v2.0.5/Hiddify-Android-universal.apk,0,ok,,False
2026-09-19 11:03:49,https://github.com/amnezia-vpn/amnezia-client/releases/download/5.0.0.5/AmneziaVPN_5.0.0.5_macos_x64.pkg,0,ok,,False
2026-09-19 11:03:49,https://pro.xn--l9qyaz082a.cn/api/v1/client/subscribe?token=8b0b7baf2e4fea6d23144f110b993519,0,error,"HTTPSConnectionPool(host='pro.xn--l9qyaz082a.cn', port=443): Max retries exceeded with url: /api/v1/client/subscribe?token=8b0b7baf2e4fea6d23144f110b993519 (Caused by NameResolutionError(""HTTPSConnection(host='pro.xn--l9qyaz082a.cn', port=443): Failed to resolve 'pro.xn--l9qyaz082a.cn' ([Errno -2] Name or service not known)""))",False
2026-09-19 11:03:49,https://api.qihangj.shop/api/v1/client/subscribe?token=47233f752188012ca70fd0b446754570#,0,ok,,False
2026-09-19 11:03:49,https://github.com/2dust/v2rayNG/releases/tag/2.2.3,0,ok,,False
2026-09-19 11:03:49,https://github.com/hiddify/hiddify-next/releases/download/v1.4.0/Hiddify-Android-universal.apk,0,ok,,False
2026-09-19 11:03:49,https://github.com/pass-with-high-score/universal-installer/releases,0,ok,,False
2026-09-19 11:03:49,https://github.com/TaJirax/CottenRouter,0,ok,,False
2026-09-19 11:03:49,https://clashsub.org/jichang-recommend-own-app/,0,error,403 Client Error: Forbidden for url: https://clashsub.org/jichang-recommend-own-app/,False
2026-09-19 11:03:49,https://www.freeclash.top/v1/sub/vmess/1789689600/kf2VMv8pw-tCY1M5xZK2-7Ov8RQmbTNrrY3MdOpUdLo,0,error,404 Client Error: Not Found for url: https://www.freeclash.top/v1/sub/vmess/1789689600/kf2VMv8pw-tCY1M5xZK2-7Ov8RQmbTNrrY3MdOpUdLo,False
2026-09-19 11:03:49,https://app.sublink.works/x/JQsFOWY,44,ok,,False
2026-09-19 11:03:49,https://web.snappfood.com.tr:2096/sub/VjJyYXlfQWxwaGEsMTc1MjA4NjQ5MQX1OpdXd82g,0,error,"HTTPSConnectionPool(host='web.snappfood.com.tr', port=2096): Max retries exceeded with url: /sub/VjJyYXlfQWxwaGEsMTc1MjA4NjQ5MQX1OpdXd82g (Caused by NameResolutionError(""HTTPSConnection(host='web.snappfood.com.tr', port=2096): Failed to resolve 'web.snappfood.com.tr' ([Errno -2] Name or service not known)""))",False
2026-09-19 11:03:49,https://github.com/XTLS/Xray-core/releases/tag/v1.8.6,0,ok,,False
2026-09-19 11:03:49,https://github.com/ValdikSS/GoodbyeDPI,0,ok,,False
2026-09-19 11:03:49,https://github.com/WhiteDNS/WhiteVPN/releases/tag/v1.6.8,0,ok,,False
2026-09-19 11:03:49,http://dy.changyouVPN.top/api/v1/client/subscribe?token=ae2d46b360f66cfb6c3e7e0d651c2a86,0,error,"HTTPConnectionPool(host='dy.changyouvpn.top', port=80): Max retries exceeded with url: /api/v1/client/subscribe?token=ae2d46b360f66cfb6c3e7e0d651c2a86 (Caused by NameResolutionError(""HTTPConnection(host='dy.changyouvpn.top', port=80): Failed to resolve 'dy.changyouvpn.top' ([Errno -2] Name or service not known)""))",False
2026-09-19 11:03:49,https://www.freeclash.top/v1/sub/hysteria/1789689600/a2aWH4JV1VQa66If4cco95lUW2MJ9miALmoCk0ifWoo,0,error,404 Client Error: Not Found for url: https://www.freeclash.top/v1/sub/hysteria/1789689600/a2aWH4JV1VQa66If4cco95lUW2MJ9miALmoCk0ifWoo,False
2026-09-19 11:03:49,https://www.820010.xyz/sub/ccdfb11eccea8eccdf536a8bbff45d7e#%E9%AB%98%E6%B8%85%E7%84%A1%E7%A2%BCAVToday.io,9,ok,,False
2026-09-19 11:03:49,https://github.com/Moein36911/CAA_V2ray,128,ok,,False
2026-09-19 11:03:49,https://github.com/mifi/lossless-cut,0,ok,,False
2026-09-19 11:03:49,https://cdn4.telesco.pe/file/V17qtWZlBbJlfS9ms7tVCh6ysgXXYIfwd4c9K4W9EBaUj1qnlVxqJRf0sFYH4cyG1rsub-tl08uRsUDPQyRv3drVye5JzsSTAMEzlTaprsvl2AkVz_mr5UqACFMkT5pTiBaLtBLRVOfj_1aD0bVhiPAzK78VRXm9ONZ-57iZ33BANvvxdA8hB4PiSAofw4RTT4yl4ZicMCaQLi1VOXhO4DuG5DwUG8-IJbpnyz28r6NUGyMO3dlyOzeems1jRMNu0vn8JnAT7aDBJNKyE0IYpzdu0f_H2XGCkKvRApVncSEJUJv-k7GTGwgARASIXvoGchsZ6RV-61bkYxlhxEykJA.jpg,0,skipped,noise url,True
2026-09-19 11:03:49,https://shz.al/aNpJ,0,error,404 Client Error: Not Found for url: https://shz.al/aNpJ,False
2026-09-19 11:03:49,https://sub.mdmionline.ir/,0,ok,,False
2026-09-19 11:03:49,https://clashgithub.com/clashnode-20250220.html?feed_id=485&amp;_unique_id=67b63ae6c00e6,0,error,404 Client Error: Not Found for url: https://clashgithub.com/clashnode-20250220.html?feed_id=485&amp;_unique_id=67b63ae6c00e6,False
2026-09-19 11:03:49,https://clashsub.org/two-factor-authentication/,0,error,403 Client Error: Forbidden for url: https://clashsub.org/two-factor-authentication/,False
2026-09-19 11:03:49,https://github.com/MatsuriDayo/NekoBoxForAndroid/releases/download/1.2.4/NB4A-1.2.4-arm64-v8a.apk,0,ok,,False
2026-09-19 11:03:49,https://github.com/Asterisk4Magisk/AsteriskBOX/releases/tag/v1.1.7,0,ok,,False
2026-09-19 11:03:49,https://raw.githubusercontent.com/elder-plinius/CL4R1T4S/main/OPENAI/Codex_Desktop/GPT-6_Astra_Prompts.md,0,ok,,False
2026-09-19 11:03:49,https://github.com/Asterisk4Magisk/AsteriskNG/releases/tag/v1.4.8,0,ok,,False
2026-09-19 11:03:49,https://ktmcloud.me/api/v1/client/subscribe?token=3a9ff76baff1e6b22b5f42c384357b4b,0,error,403 Client Error: Forbidden for url: https://ktmcloud.me/api/v1/client/subscribe?token=3a9ff76baff1e6b22b5f42c384357b4b,False
2026-09-19 11:03:49,https://clashgithub.com/netflix-cookies-2025-02-16-162248.html?feed_id=479&amp;_unique_id=67b1a0843bcf1,0,error,404 Client Error: Not Found for url: https://clashgithub.com/netflix-cookies-2025-02-16-162248.html?feed_id=479&amp;_unique_id=67b1a0843bcf1,False
2026-09-19 11:03:49,https://github.com/mahxray/MahxrayApp/releases/download/7.0.0/Sufia_7.0.0_universal.apk,0,ok,,False
2026-09-19 11:03:49,https://www.freeclash.top/v1/sub/ssr/1789689600/bK9K48DvrII9bRwgyuMC9LG9lqhFCcxUeja9oSPDMjk,0,error,404 Client Error: Not Found for url: https://www.freeclash.top/v1/sub/ssr/1789689600/bK9K48DvrII9bRwgyuMC9LG9lqhFCcxUeja9oSPDMjk,False
2026-09-19 11:03:49,https://mcp.dpenly.org/api/v1/client/subscribe?token=f32400ea14dd244836696c67319100dd,0,error,404 Client Error: Not Found for url: https://mcp.dpenly.org/api/v1/client/subscribe?token=f32400ea14dd244836696c67319100dd,False
2026-09-19 11:03:49,https://github.com/hotseo123/shida-jichang-tuijian,0,ok,,False
2026-09-19 11:03:49,https://clashgithub.com/netflix-cookies-2025-02-17-193849.html?feed_id=482&amp;_unique_id=67b3200c9a931,0,error,404 Client Error: Not Found for url: https://clashgithub.com/netflix-cookies-2025-02-17-193849.html?feed_id=482&amp;_unique_id=67b3200c9a931,False
2026-09-19 11:03:49,https://github.com/2dust/v2rayNG/releases/download/2.2.5/v2rayNG_2.2.5-fdroid_universal.apk,0,ok,,False
2026-09-19 11:03:49,https://clashsub.org/peiqianjichang-duanwujie-discount,0,error,403 Client Error: Forbidden for url: https://clashsub.org/peiqianjichang-duanwujie-discount,False
2026-09-19 11:03:49,https://github.com/2dust/v2rayNG/releases/tag/1.9.39,0,ok,,False
2026-09-19 11:03:49,https://service-p0v9tp46-1312645837.gz.apigw.tencentcs.com/api/v1/client/subscribe?token=577a10ca85e1e2f2debb472698ac348a,0,error,"HTTPSConnectionPool(host='service-p0v9tp46-1312645837.gz.apigw.tencentcs.com', port=443): Max retries exceeded with url: /api/v1/client/subscribe?token=577a10ca85e1e2f2debb472698ac348a (Caused by SSLError(SSLError(1, '[SSL: TLSV1_ALERT_INTERNAL_ERROR] tlsv1 alert internal error (_ssl.c:1010)')))",False
2026-09-19 11:03:49,https://sub.zz2233.cyou/api/generated/d2mbsW38jf#,0,ok,,False
2026-09-19 11:03:49,https://github.com/guardianproject/orbot/releases/download/17.1.0-BETA-2-tor.0.4.7.11/Orbot-17.1.0-BETA-2-tor.0.4.7.11-fullperm-universal-release.apk,0,ok,,False
2026-09-19 11:03:49,https://github.com/2dust/v2rayNG/releases/download/1.9.33/v2rayNG_1.9.33_universal.apk,0,ok,,False
2026-09-19 11:03:49,https://raw.githubusercontent.com/Kamyar19/configMs/main/sub25.txt,108,ok,,False
2026-09-19 11:03:49,https://clashgithub.com/clashnode-20250216.html?feed_id=477&amp;_unique_id=67b0f4bb2d625,0,error,404 Client Error: Not Found for url: https://clashgithub.com/clashnode-20250216.html?feed_id=477&amp;_unique_id=67b0f4bb2d625,False
2026-09-19 11:03:49,https://github.com/GFW-knocker/MahsaNG/releases/download/v7.0-,0,error,404 Client Error: Not Found for url: https://github.com/GFW-knocker/MahsaNG/releases/download/v7.0-,False
2026-09-19 11:03:49,https://github.com/2dust/v2rayN/releases/download/7.6.1/v2rayN-windows-64-SelfContained-With-Core.zip,0,ok,,False
2026-09-19 11:03:49,https://github.com/MatsuriDayo/NekoBoxForAndroid/releases/tag/1.2.7,0,ok,,False
2026-09-19 11:03:49,https://raw.githubusercontent.com/op30mmd/vpn_proxy66/main/%40vpn_proxy66-1.json,0,error,404 Client Error: Not Found for url: https://raw.githubusercontent.com/op30mmd/vpn_proxy66/main/%40vpn_proxy66-1.json,False
2026-09-19 11:03:49,https://sub1.timeneverchanges.com/api/v1/client/subscribe?token=8c1d043c8456e51083b5ee920e2d662b,0,error,"HTTPSConnectionPool(host='sub1.timeneverchanges.com', port=443): Max retries exceeded with url: /api/v1/client/subscribe?token=8c1d043c8456e51083b5ee920e2d662b (Caused by NameResolutionError(""HTTPSConnection(host='sub1.timeneverchanges.com', port=443): Failed to resolve 'sub1.timeneverchanges.com' ([Errno -2] Name or service not known)""))",False
2026-09-19 11:03:49,https://github.com/GFW-knocker/MahsaNG/releases/tag/v16-,0,error,404 Client Error: Not Found for url: https://github.com/GFW-knocker/MahsaNG/releases/tag/v16-,False
2026-09-19 11:03:49,https://github.com/NationalSecurityAgency/ghidra,0,ok,,False
2026-09-19 11:03:49,https://sub.xn--4gq62ffxz.net/s/5a8eb998f61b3bae60e27b8f3a5646ca,0,error,"HTTPSConnectionPool(host='sub.xn--4gq62ffxz.net', port=443): Max retries exceeded with url: /s/5a8eb998f61b3bae60e27b8f3a5646ca (Caused by NameResolutionError(""HTTPSConnection(host='sub.xn--4gq62ffxz.net', port=443): Failed to resolve 'sub.xn--4gq62ffxz.net' ([Errno -2] Name or service not known)""))",False
2026-09-19 11:03:49,https://sub1.gsafevpn.com/957baaca8fc/12e09c2487e71cc3c27daf22ebeec919#,4,ok,,False
2026-09-19 11:03:49,https://api.xn--94q57lcvpw50b.com/api/v1/client/subscribe?token=a295e990c1d1e29e5289b5969d059135,0,error,403 Client Error: Forbidden for url: https://www.xn--94q57lcvpw50b.com/,False
2026-09-19 11:03:49,https://ch.cukug.website/api/v1/client/subscribe?token=d96b48a34918ab096906275485b162bb,0,error,"HTTPSConnectionPool(host='ch.cukug.website', port=443): Max retries exceeded with url: /api/v1/client/subscribe?token=d96b48a34918ab096906275485b162bb (Caused by NameResolutionError(""HTTPSConnection(host='ch.cukug.website', port=443): Failed to resolve 'ch.cukug.website' ([Errno -5] No address associated with hostname)""))",False
2026-09-19 11:03:49,https://github.com/SpLlry/SplusXBTMeter,0,ok,,False
2026-09-19 11:03:49,https://subsub.surge.sh/?url=https%3A%2F%2Fraw.githubusercontent.com%2Fgo4sharing%2Fsub%2Fmain%2Fsub.yaml,0,ok,,False
2026-09-19 11:03:49,https://svn.mobiletanaz.com:2053/sub/djMsMjIyMDIzLDE3ODg3MjgyMTE.V-FNILBU_OSnvHeCOLOjP9Q4frG2UQqOaytaC0PpM1g,0,error,403 Client Error: Forbidden for url: https://svn.mobiletanaz.com:2053/sub/djMsMjIyMDIzLDE3ODg3MjgyMTE.V-FNILBU_OSnvHeCOLOjP9Q4frG2UQqOaytaC0PpM1g,False
2026-09-19 11:03:49,https://raw.githubusercontent.com/Kamyar19/configMs/main/sub24.txt,76,ok,,False
2026-09-19 11:03:49,https://raw.githubusercontent.com/Kamyar19/configMs/main/sub23.txt,88,ok,,False
2026-09-19 11:03:49,https://github.com/MatsuriDayo/nekoray/releases/download/3.26/nekoray-3.26-2023-12-09-windows64.zip,0,ok,,False
2026-09-19 11:03:49,https://raw.githubusercontent.com/ShadowException/VPN/refs/heads/main/configs/VPN-cat,494,ok,,False
2026-09-19 11:03:49,https://github.com/microsoft/generative-ai-for-beginners,0,ok,,False
2026-09-19 11:03:49,https://2.juanwangjc.top/juanwang/dingyue1/sub1/babiq?token=1f8229ae3e898b61e0c2ad999baf0858&amp;flag=sing,0,error,522 Server Error: <none> for url: https://2.juanwangjc.top/juanwang/dingyue1/sub1/babiq?token=1f8229ae3e898b61e0c2ad999baf0858&amp;flag=sing,False
2026-09-19 11:03:49,https://github.com/2dust/v2rayNG/releases/download/1.8.5/v2rayNG_1.8.5_arm64-v8a.apk,0,ok,,False
2026-09-19 11:03:49,https://xn--4gq62f52gdss.com/api/v1/client/subscribe?token=61e2622d17df1d44c891aa8eb8498bb6,0,error,403 Client Error: Forbidden for url: https://xn--4gq62f52gdss.com/api/v1/client/subscribe?token=61e2622d17df1d44c891aa8eb8498bb6,False
2026-09-19 11:03:49,https://ne997.688997.xyz/api/v1/client/subscribe?token=da737c49332eb4d23d86c0a5bac3f7a0,0,error,"HTTPSConnectionPool(host='ne997.688997.xyz', port=443): Max retries exceeded with url: /api/v1/client/subscribe?token=da737c49332eb4d23d86c0a5bac3f7a0 (Caused by NameResolutionError(""HTTPSConnection(host='ne997.688997.xyz', port=443): Failed to resolve 'ne997.688997.xyz' ([Errno -2] Name or service not known)""))",False
2026-09-19 11:03:49,https://fcp-prod-mci1-remnawave.freesocks.org/api/sub/2cj8w57L8fQge1Ju,1,ok,,False
2026-09-19 11:03:49,https://app.sublink.works/x/LrNeqcJ,44,ok,,False
2026-09-19 11:03:49,http://github.com/madeye/meow-ios,0,ok,,False
2026-09-19 11:03:49,https://shz.al/yMWm,75,ok,,False
2026-09-19 11:03:49,https://github.com/2dust/v2rayNG/releases/tag/1.8.10,0,ok,,False
2026-09-19 11:03:49,https://github.com/Happ-proxy/happ-desktop/releases/latest/download/setup-Happ.x86.exe,0,error,404 Client Error: Not Found for url: https://github.com/Happ-proxy/happ-desktop/releases/download/4.2.1/setup-Happ.x86.exe,False
2026-09-19 11:03:49,https://paste.gg/p/anonymous/391d7730206445e8a0bea5442ac99e5d/files/dc8e099fe9de421ab6313ca7e32f31be/raw,0,ok,,False
2026-09-19 11:03:49,https://github.com/2dust/v2rayN/releases/download/6.23/zz_v2rayN-With-Core-SelfContained.7z,0,ok,,False
2026-09-19 11:03:49,https://s1.trojanflare.one/clashx/01696088-cba4-4153-8ed7-0afbfa067557,0,error,403 Client Error: Forbidden for url: https://s1.trojanflare.one/clashx/01696088-cba4-4153-8ed7-0afbfa067557,False
2026-09-19 11:03:49,https://github.com/patterniha/PattNG/releases/download/2.3.8-P45/PattNG_2.3.8-P45_universal.apk,0,error,404 Client Error: Not Found for url: https://github.com/patterniha/PattNG/releases/download/2.3.8-P45/PattNG_2.3.8-P45_universal.apk,False
2026-09-19 11:03:49,https://github.com/2dust/v2rayNG/releases/latest,0,ok,,False
2026-09-19 11:03:49,https://freesocks.org/api/v1/sub/7f344f418a3739db8170d3a1daab0e35,1,ok,,False
2026-09-19 11:03:49,http://subkade.ir/,0,ok,,False
2026-09-19 11:03:49,https://cdn.seyhello.sbs:2096/sub/@CAA_V2ray,0,error,404 Client Error: Not Found for url: https://cdn.seyhello.sbs:2096/sub/@CAA_V2ray,False
2026-09-19 11:03:49,https://github.com/platformbuilds/Akamai-ASN-and-IPs-List,0,ok,,False
2026-09-19 11:03:49,https://github.com/sumimakito/Mac-Duo,0,ok,,False
2026-09-19 11:03:49,https://ips.ikez.dpdns.org/sub?uuid=eeb6823c-b926-4ea2-866a-5542edd26e59&amp;type=ws&amp;encryption=none&amp;flow=&amp;host=xy430.albertabobbi.ndjp.net&amp;path=%2F%3Fed%3D2560&amp;security=tls&amp;sni=xy430.albertabobbi.ndjp.net&amp;fp=chrome,0,ok,,False
2026-09-19 11:03:49,https://raw.githubusercontent.com/eliv2-hub/ELiV2-RAY/refs/heads/main/TG_ELiV2.txt,23,ok,,False
2026-09-19 11:03:49,https://github.com/Asterisk4Magisk/AsteriskMETA/releases/tag/v1.2.8,0,ok,,False
2026-09-19 11:03:49,https://freesocks.org/api/v1/sub/7f344f418a3739db8170d3a1daab0e35############https://fasttool.org/api/v1/sub/0Z9ZJANxZrF9d38InX9i4ZtBYXe-4vyS,1,ok,,False
2026-09-19 11:03:49,https://sub.xn--4gq62ffxz.net/api/v1/client/subscribe?token=38aa18a604421977a22c85144068e7c0,0,error,"HTTPSConnectionPool(host='sub.xn--4gq62ffxz.net', port=443): Max retries exceeded with url: /api/v1/client/subscribe?token=38aa18a604421977a22c85144068e7c0 (Caused by NameResolutionError(""HTTPSConnection(host='sub.xn--4gq62ffxz.net', port=443): Failed to resolve 'sub.xn--4gq62ffxz.net' ([Errno -2] Name or service not known)""))",False
2026-09-19 11:03:49,https://github.com/2dust/v2rayNG/releases/download/2.2.3/v2rayNG_2.2.3_armeabi-v7a.apk,0,ok,,False
2026-09-19 11:03:49,https://github.com/anthropics/claude-code/tree/main/mods/agents-md,0,ok,,False
2026-09-19 11:03:49,https://pai.yt/clash?preset=other,0,error,"HTTPSConnectionPool(host='sub.pai.yt', port=443): Read timed out. (read timeout=25)",False
2026-09-19 11:03:49,https://clashgithub.com/clashnode-20250223.html?feed_id=488&amp;_unique_id=67ba2f4e047f2,0,error,404 Client Error: Not Found for url: https://clashgithub.com/clashnode-20250223.html?feed_id=488&amp;_unique_id=67ba2f4e047f2,False
2026-09-19 11:03:49,https://sub.scpnb.top/base64,0,skipped,,True
2026-09-19 11:03:49,https://github.com/amnezia-vpn/amnezia-client/releases/download/5.0.0.5/AmneziaVPN_5.0.0.5_windows_x64.exe,0,ok,,False
2026-09-19 11:03:49,https://github.com/MatsuriDayo/NekoBoxForAndroid/releases/download/1.2.7/NB4A-1.2.7-x86.apk,0,ok,,False
2026-09-19 11:03:49,https://github.com/2dust/v2rayN/releases/tag/7.25.1,0,ok,,False
2026-09-19 11:03:49,https://github.com/2dust/v2rayNG/releases/download/2.3.7/v2rayNG_2.3.7_arm64-v8a.apk,0,ok,,False
2026-09-19 11:03:49,https://github.com/patterniha/PattNG/releases/tag/2.3.8-P50,0,ok,,False
2026-09-19 11:03:49,https://github.com/Asterisk4Magisk/AsteriskBOX/releases/tag/v1.1.8,0,ok,,False
2026-09-19 11:03:49,https://sub.pai.yt/base64,0,error,"HTTPSConnectionPool(host='sub.pai.yt', port=443): Read timed out. (read timeout=25)",False
2026-09-19 11:03:49,https://about.fb.com/news/2026/09/introducing-meta-one-subscription-service-more-features-ai/,0,ok,,False
2026-09-19 11:03:49,https://raw.githubusercontent.com/bootmortis/iran-hosted-domains/main/README.fa.md,0,ok,,False
2026-09-19 11:03:49,https://github.com/Happ-proxy/happ-android?utm_source=chatgpt.com,0,ok,,False
